[2026-08-08 11:12:55] laravel.EMERGENCY: Unable to create configured logger. Using emergency logger. {"exception":"[object] (InvalidArgumentException(code: 0): Log [] is not defined. at D:/Project/cmms/vendor/laravel/framework/src/Illuminate/Log/LogManager.php:212)
[stacktrace]
#0 D:/Project/cmms/vendor/laravel/framework/src/Illuminate/Log/LogManager.php(137): Illuminate/Log/LogManager->resolve(NULL, NULL)
#1 D:/Project/cmms/vendor/laravel/framework/src/Illuminate/Log/LogManager.php(124): Illuminate/Log/LogManager->get(NULL)
#2 D:/Project/cmms/vendor/laravel/framework/src/Illuminate/Log/LogManager.php(681): Illuminate/Log/LogManager->driver()
#3 D:/Project/cmms/vendor/laravel/framework/src/Illuminate/Foundation/Exceptions/Handler.php(317): Illuminate/Log/LogManager->error('Unable to load ...', Array)
#4 D:/Project/cmms/vendor/laravel/framework/src/Illuminate/Foundation/Exceptions/Handler.php(278): Illuminate/Foundation/Exceptions/Handler->reportThrowable(Object(Exception))
#5 D:/Project/cmms/vendor/laravel/framework/src/Illuminate/Foundation/Console/Kernel.php(523): Illuminate/Foundation/Exceptions/Handler->report(Object(Exception))
#6 D:/Project/cmms/vendor/laravel/framework/src/Illuminate/Foundation/Console/Kernel.php(203): Illuminate/Foundation/Console/Kernel->reportException(Object(Exception))
#7 D:/Project/cmms/artisan(14): Illuminate/Foundation/Console/Kernel->handle(Object(Symfony/Component/Console/Input/ArgvInput), Object(Symfony/Component/Console/Output/ConsoleOutput))
#8 {main}
"} 
[2026-08-08 11:12:55] laravel.ERROR: Unable to load the "app" configuration file. {"exception":"[object] (Exception(code: 0): Unable to load the \"app\" configuration file. at D:/Project/cmms/vendor/laravel/framework/src/Illuminate/Foundation/Bootstrap/LoadConfiguration.php:66)
[stacktrace]
#0 D:/Project/cmms/vendor/laravel/framework/src/Illuminate/Foundation/Bootstrap/LoadConfiguration.php(39): Illuminate/Foundation/Bootstrap/LoadConfiguration->loadConfigurationFiles(Object(Illuminate/Foundation/Application), Object(Illuminate/Config/Repository))
#1 D:/Project/cmms/vendor/laravel/framework/src/Illuminate/Foundation/Application.php(286): Illuminate/Foundation/Bootstrap/LoadConfiguration->bootstrap(Object(Illuminate/Foundation/Application))
#2 D:/Project/cmms/vendor/laravel/framework/src/Illuminate/Foundation/Console/Kernel.php(447): Illuminate/Foundation/Application->bootstrapWith(Array)
#3 D:/Project/cmms/vendor/laravel/framework/src/Illuminate/Foundation/Console/Kernel.php(199): Illuminate/Foundation/Console/Kernel->bootstrap()
#4 D:/Project/cmms/artisan(14): Illuminate/Foundation/Console/Kernel->handle(Object(Symfony/Component/Console/Input/ArgvInput), Object(Symfony/Component/Console/Output/ConsoleOutput))
#5 {main}
"} 
[2026-08-08 11:14:58] laravel.EMERGENCY: Unable to create configured logger. Using emergency logger. {"exception":"[object] (InvalidArgumentException(code: 0): Log [] is not defined. at D:/Project/cmms/vendor/laravel/framework/src/Illuminate/Log/LogManager.php:212)
[stacktrace]
#0 D:/Project/cmms/vendor/laravel/framework/src/Illuminate/Log/LogManager.php(137): Illuminate/Log/LogManager->resolve(NULL, NULL)
#1 D:/Project/cmms/vendor/laravel/framework/src/Illuminate/Log/LogManager.php(124): Illuminate/Log/LogManager->get(NULL)
#2 D:/Project/cmms/vendor/laravel/framework/src/Illuminate/Log/LogManager.php(681): Illuminate/Log/LogManager->driver()
#3 D:/Project/cmms/vendor/laravel/framework/src/Illuminate/Foundation/Exceptions/Handler.php(317): Illuminate/Log/LogManager->error('The D://Project//...', Array)
#4 D:/Project/cmms/vendor/laravel/framework/src/Illuminate/Foundation/Exceptions/Handler.php(278): Illuminate/Foundation/Exceptions/Handler->reportThrowable(Object(Exception))
#5 D:/Project/cmms/vendor/laravel/framework/src/Illuminate/Foundation/Console/Kernel.php(523): Illuminate/Foundation/Exceptions/Handler->report(Object(Exception))
#6 D:/Project/cmms/vendor/laravel/framework/src/Illuminate/Foundation/Console/Kernel.php(203): Illuminate/Foundation/Console/Kernel->reportException(Object(Exception))
#7 D:/Project/cmms/artisan(14): Illuminate/Foundation/Console/Kernel->handle(Object(Symfony/Component/Console/Input/ArgvInput), Object(Symfony/Component/Console/Output/ConsoleOutput))
#8 {main}
"} 
[2026-08-08 11:14:58] laravel.ERROR: The D:\Project\cmms\bootstrap\cache directory must be present and writable. {"exception":"[object] (Exception(code: 0): The D:\\Project\\cmms\\bootstrap\\cache directory must be present and writable. at D:/Project/cmms/vendor/laravel/framework/src/Illuminate/Foundation/PackageManifest.php:178)
[stacktrace]
#0 D:/Project/cmms/vendor/laravel/framework/src/Illuminate/Foundation/PackageManifest.php(131): Illuminate/Foundation/PackageManifest->write(Array)
#1 D:/Project/cmms/vendor/laravel/framework/src/Illuminate/Foundation/PackageManifest.php(107): Illuminate/Foundation/PackageManifest->build()
#2 D:/Project/cmms/vendor/laravel/framework/src/Illuminate/Foundation/PackageManifest.php(90): Illuminate/Foundation/PackageManifest->getManifest()
#3 D:/Project/cmms/vendor/laravel/framework/src/Illuminate/Foundation/PackageManifest.php(79): Illuminate/Foundation/PackageManifest->config('aliases')
#4 D:/Project/cmms/vendor/laravel/framework/src/Illuminate/Foundation/Bootstrap/RegisterFacades.php(26): Illuminate/Foundation/PackageManifest->aliases()
#5 D:/Project/cmms/vendor/laravel/framework/src/Illuminate/Foundation/Application.php(286): Illuminate/Foundation/Bootstrap/RegisterFacades->bootstrap(Object(Illuminate/Foundation/Application))
#6 D:/Project/cmms/vendor/laravel/framework/src/Illuminate/Foundation/Console/Kernel.php(447): Illuminate/Foundation/Application->bootstrapWith(Array)
#7 D:/Project/cmms/vendor/laravel/framework/src/Illuminate/Foundation/Console/Kernel.php(199): Illuminate/Foundation/Console/Kernel->bootstrap()
#8 D:/Project/cmms/artisan(14): Illuminate/Foundation/Console/Kernel->handle(Object(Symfony/Component/Console/Input/ArgvInput), Object(Symfony/Component/Console/Output/ConsoleOutput))
#9 {main}
"} 
[2026-08-08 11:16:02] laravel.EMERGENCY: Unable to create configured logger. Using emergency logger. {"exception":"[object] (InvalidArgumentException(code: 0): Log [] is not defined. at D:/Project/cmms/vendor/laravel/framework/src/Illuminate/Log/LogManager.php:212)
[stacktrace]
#0 D:/Project/cmms/vendor/laravel/framework/src/Illuminate/Log/LogManager.php(137): Illuminate/Log/LogManager->resolve(NULL, NULL)
#1 D:/Project/cmms/vendor/laravel/framework/src/Illuminate/Log/LogManager.php(124): Illuminate/Log/LogManager->get(NULL)
#2 D:/Project/cmms/vendor/laravel/framework/src/Illuminate/Log/LogManager.php(681): Illuminate/Log/LogManager->driver()
#3 D:/Project/cmms/vendor/laravel/framework/src/Illuminate/Foundation/Exceptions/Handler.php(317): Illuminate/Log/LogManager->error('There are no co...', Array)
#4 D:/Project/cmms/vendor/laravel/framework/src/Illuminate/Foundation/Exceptions/Handler.php(278): Illuminate/Foundation/Exceptions/Handler->reportThrowable(Object(Symfony/Component/Console/Exception/NamespaceNotFoundException))
#5 D:/Project/cmms/vendor/laravel/framework/src/Illuminate/Foundation/Console/Kernel.php(523): Illuminate/Foundation/Exceptions/Handler->report(Object(Symfony/Component/Console/Exception/NamespaceNotFoundException))
#6 D:/Project/cmms/vendor/laravel/framework/src/Illuminate/Foundation/Console/Kernel.php(203): Illuminate/Foundation/Console/Kernel->reportException(Object(Symfony/Component/Console/Exception/NamespaceNotFoundException))
#7 D:/Project/cmms/artisan(14): Illuminate/Foundation/Console/Kernel->handle(Object(Symfony/Component/Console/Input/ArgvInput), Object(Symfony/Component/Console/Output/ConsoleOutput))
#8 {main}
"} 
[2026-08-08 11:16:02] laravel.ERROR: There are no commands defined in the "package" namespace. {"exception":"[object] (Symfony\\Component\\Console\\Exception\\NamespaceNotFoundException(code: 0): There are no commands defined in the \"package\" namespace. at D:/Project/cmms/vendor/symfony/console/Application.php:678)
[stacktrace]
#0 D:/Project/cmms/vendor/symfony/console/Application.php(729): Symfony/Component/Console/Application->findNamespace('package')
#1 D:/Project/cmms/vendor/symfony/console/Application.php(266): Symfony/Component/Console/Application->find('package:discove...')
#2 D:/Project/cmms/vendor/symfony/console/Application.php(175): Symfony/Component/Console/Application->doRun(Object(Symfony/Component/Console/Input/ArgvInput), Object(Symfony/Component/Console/Output/ConsoleOutput))
#3 D:/Project/cmms/vendor/laravel/framework/src/Illuminate/Foundation/Console/Kernel.php(201): Symfony/Component/Console/Application->run(Object(Symfony/Component/Console/Input/ArgvInput), Object(Symfony/Component/Console/Output/ConsoleOutput))
#4 D:/Project/cmms/artisan(14): Illuminate/Foundation/Console/Kernel->handle(Object(Symfony/Component/Console/Input/ArgvInput), Object(Symfony/Component/Console/Output/ConsoleOutput))
#5 {main}
"} 
[2026-08-08 11:18:54] laravel.EMERGENCY: Unable to create configured logger. Using emergency logger. {"exception":"[object] (InvalidArgumentException(code: 0): Log [] is not defined. at D:/Project/cmms/vendor/laravel/framework/src/Illuminate/Log/LogManager.php:212)
[stacktrace]
#0 D:/Project/cmms/vendor/laravel/framework/src/Illuminate/Log/LogManager.php(137): Illuminate/Log/LogManager->resolve(NULL, NULL)
#1 D:/Project/cmms/vendor/laravel/framework/src/Illuminate/Log/LogManager.php(124): Illuminate/Log/LogManager->get(NULL)
#2 D:/Project/cmms/vendor/laravel/framework/src/Illuminate/Log/LogManager.php(681): Illuminate/Log/LogManager->driver()
#3 D:/Project/cmms/vendor/laravel/framework/src/Illuminate/Foundation/Exceptions/Handler.php(317): Illuminate/Log/LogManager->error('There are no co...', Array)
#4 D:/Project/cmms/vendor/laravel/framework/src/Illuminate/Foundation/Exceptions/Handler.php(278): Illuminate/Foundation/Exceptions/Handler->reportThrowable(Object(Symfony/Component/Console/Exception/NamespaceNotFoundException))
#5 D:/Project/cmms/vendor/laravel/framework/src/Illuminate/Foundation/Console/Kernel.php(523): Illuminate/Foundation/Exceptions/Handler->report(Object(Symfony/Component/Console/Exception/NamespaceNotFoundException))
#6 D:/Project/cmms/vendor/laravel/framework/src/Illuminate/Foundation/Console/Kernel.php(203): Illuminate/Foundation/Console/Kernel->reportException(Object(Symfony/Component/Console/Exception/NamespaceNotFoundException))
#7 D:/Project/cmms/artisan(14): Illuminate/Foundation/Console/Kernel->handle(Object(Symfony/Component/Console/Input/ArgvInput), Object(Symfony/Component/Console/Output/ConsoleOutput))
#8 {main}
"} 
[2026-08-08 11:18:54] laravel.ERROR: There are no commands defined in the "package" namespace. {"exception":"[object] (Symfony\\Component\\Console\\Exception\\NamespaceNotFoundException(code: 0): There are no commands defined in the \"package\" namespace. at D:/Project/cmms/vendor/symfony/console/Application.php:678)
[stacktrace]
#0 D:/Project/cmms/vendor/symfony/console/Application.php(729): Symfony/Component/Console/Application->findNamespace('package')
#1 D:/Project/cmms/vendor/symfony/console/Application.php(266): Symfony/Component/Console/Application->find('package:discove...')
#2 D:/Project/cmms/vendor/symfony/console/Application.php(175): Symfony/Component/Console/Application->doRun(Object(Symfony/Component/Console/Input/ArgvInput), Object(Symfony/Component/Console/Output/ConsoleOutput))
#3 D:/Project/cmms/vendor/laravel/framework/src/Illuminate/Foundation/Console/Kernel.php(201): Symfony/Component/Console/Application->run(Object(Symfony/Component/Console/Input/ArgvInput), Object(Symfony/Component/Console/Output/ConsoleOutput))
#4 D:/Project/cmms/artisan(14): Illuminate/Foundation/Console/Kernel->handle(Object(Symfony/Component/Console/Input/ArgvInput), Object(Symfony/Component/Console/Output/ConsoleOutput))
#5 {main}
"} 
[2026-08-09 00:15:40] laravel.EMERGENCY: Unable to create configured logger. Using emergency logger. {"exception":"[object] (InvalidArgumentException(code: 0): Log [] is not defined. at D:/Project/cmms/vendor/laravel/framework/src/Illuminate/Log/LogManager.php:212)
[stacktrace]
#0 D:/Project/cmms/vendor/laravel/framework/src/Illuminate/Log/LogManager.php(137): Illuminate/Log/LogManager->resolve()
#1 D:/Project/cmms/vendor/laravel/framework/src/Illuminate/Log/LogManager.php(124): Illuminate/Log/LogManager->get()
#2 D:/Project/cmms/vendor/laravel/framework/src/Illuminate/Log/LogManager.php(681): Illuminate/Log/LogManager->driver()
#3 D:/Project/cmms/vendor/laravel/framework/src/Illuminate/Foundation/Exceptions/Handler.php(317): Illuminate/Log/LogManager->error()
#4 D:/Project/cmms/vendor/laravel/framework/src/Illuminate/Foundation/Exceptions/Handler.php(278): Illuminate/Foundation/Exceptions/Handler->reportThrowable()
#5 D:/Project/cmms/vendor/laravel/framework/src/Illuminate/Foundation/Console/Kernel.php(523): Illuminate/Foundation/Exceptions/Handler->report()
#6 D:/Project/cmms/vendor/laravel/framework/src/Illuminate/Foundation/Console/Kernel.php(203): Illuminate/Foundation/Console/Kernel->reportException()
#7 D:/Project/cmms/artisan(14): Illuminate/Foundation/Console/Kernel->handle()
#8 {main}
"} 
[2026-08-09 00:15:40] laravel.ERROR: There are no commands defined in the "package" namespace. {"exception":"[object] (Symfony\\Component\\Console\\Exception\\NamespaceNotFoundException(code: 0): There are no commands defined in the \"package\" namespace. at D:/Project/cmms/vendor/symfony/console/Application.php:678)
[stacktrace]
#0 D:/Project/cmms/vendor/symfony/console/Application.php(729): Symfony/Component/Console/Application->findNamespace()
#1 D:/Project/cmms/vendor/symfony/console/Application.php(266): Symfony/Component/Console/Application->find()
#2 D:/Project/cmms/vendor/symfony/console/Application.php(175): Symfony/Component/Console/Application->doRun()
#3 D:/Project/cmms/vendor/laravel/framework/src/Illuminate/Foundation/Console/Kernel.php(201): Symfony/Component/Console/Application->run()
#4 D:/Project/cmms/artisan(14): Illuminate/Foundation/Console/Kernel->handle()
#5 {main}
"} 
[2026-08-09 00:20:55] laravel.EMERGENCY: Unable to create configured logger. Using emergency logger. {"exception":"[object] (InvalidArgumentException(code: 0): Log [] is not defined. at D:/Project/cmms/vendor/laravel/framework/src/Illuminate/Log/LogManager.php:212)
[stacktrace]
#0 D:/Project/cmms/vendor/laravel/framework/src/Illuminate/Log/LogManager.php(137): Illuminate/Log/LogManager->resolve()
#1 D:/Project/cmms/vendor/laravel/framework/src/Illuminate/Log/LogManager.php(124): Illuminate/Log/LogManager->get()
#2 D:/Project/cmms/vendor/laravel/framework/src/Illuminate/Log/LogManager.php(681): Illuminate/Log/LogManager->driver()
#3 D:/Project/cmms/vendor/laravel/framework/src/Illuminate/Foundation/Exceptions/Handler.php(317): Illuminate/Log/LogManager->error()
#4 D:/Project/cmms/vendor/laravel/framework/src/Illuminate/Foundation/Exceptions/Handler.php(278): Illuminate/Foundation/Exceptions/Handler->reportThrowable()
#5 D:/Project/cmms/vendor/laravel/framework/src/Illuminate/Foundation/Console/Kernel.php(523): Illuminate/Foundation/Exceptions/Handler->report()
#6 D:/Project/cmms/vendor/laravel/framework/src/Illuminate/Foundation/Console/Kernel.php(203): Illuminate/Foundation/Console/Kernel->reportException()
#7 D:/Project/cmms/artisan(14): Illuminate/Foundation/Console/Kernel->handle()
#8 {main}
"} 
[2026-08-09 00:20:55] laravel.ERROR: There are no commands defined in the "key" namespace. {"exception":"[object] (Symfony\\Component\\Console\\Exception\\NamespaceNotFoundException(code: 0): There are no commands defined in the \"key\" namespace. at D:/Project/cmms/vendor/symfony/console/Application.php:678)
[stacktrace]
#0 D:/Project/cmms/vendor/symfony/console/Application.php(729): Symfony/Component/Console/Application->findNamespace()
#1 D:/Project/cmms/vendor/symfony/console/Application.php(266): Symfony/Component/Console/Application->find()
#2 D:/Project/cmms/vendor/symfony/console/Application.php(175): Symfony/Component/Console/Application->doRun()
#3 D:/Project/cmms/vendor/laravel/framework/src/Illuminate/Foundation/Console/Kernel.php(201): Symfony/Component/Console/Application->run()
#4 D:/Project/cmms/artisan(14): Illuminate/Foundation/Console/Kernel->handle()
#5 {main}
"} 
[2026-08-09 00:20:55] laravel.EMERGENCY: Unable to create configured logger. Using emergency logger. {"exception":"[object] (InvalidArgumentException(code: 0): Log [] is not defined. at D:/Project/cmms/vendor/laravel/framework/src/Illuminate/Log/LogManager.php:212)
[stacktrace]
#0 D:/Project/cmms/vendor/laravel/framework/src/Illuminate/Log/LogManager.php(137): Illuminate/Log/LogManager->resolve()
#1 D:/Project/cmms/vendor/laravel/framework/src/Illuminate/Log/LogManager.php(124): Illuminate/Log/LogManager->get()
#2 D:/Project/cmms/vendor/laravel/framework/src/Illuminate/Log/LogManager.php(681): Illuminate/Log/LogManager->driver()
#3 D:/Project/cmms/vendor/laravel/framework/src/Illuminate/Foundation/Exceptions/Handler.php(317): Illuminate/Log/LogManager->error()
#4 D:/Project/cmms/vendor/laravel/framework/src/Illuminate/Foundation/Exceptions/Handler.php(278): Illuminate/Foundation/Exceptions/Handler->reportThrowable()
#5 D:/Project/cmms/vendor/laravel/framework/src/Illuminate/Foundation/Console/Kernel.php(523): Illuminate/Foundation/Exceptions/Handler->report()
#6 D:/Project/cmms/vendor/laravel/framework/src/Illuminate/Foundation/Console/Kernel.php(203): Illuminate/Foundation/Console/Kernel->reportException()
#7 D:/Project/cmms/artisan(14): Illuminate/Foundation/Console/Kernel->handle()
#8 {main}
"} 
[2026-08-09 00:20:55] laravel.ERROR: Command "migrate" is not defined. {"exception":"[object] (Symfony\\Component\\Console\\Exception\\CommandNotFoundException(code: 0): Command \"migrate\" is not defined. at D:/Project/cmms/vendor/symfony/console/Application.php:745)
[stacktrace]
#0 D:/Project/cmms/vendor/symfony/console/Application.php(266): Symfony/Component/Console/Application->find()
#1 D:/Project/cmms/vendor/symfony/console/Application.php(175): Symfony/Component/Console/Application->doRun()
#2 D:/Project/cmms/vendor/laravel/framework/src/Illuminate/Foundation/Console/Kernel.php(201): Symfony/Component/Console/Application->run()
#3 D:/Project/cmms/artisan(14): Illuminate/Foundation/Console/Kernel->handle()
#4 {main}
"} 
[2026-08-09 00:21:40] laravel.EMERGENCY: Unable to create configured logger. Using emergency logger. {"exception":"[object] (InvalidArgumentException(code: 0): Log [] is not defined. at D:/Project/cmms/vendor/laravel/framework/src/Illuminate/Log/LogManager.php:212)
[stacktrace]
#0 D:/Project/cmms/vendor/laravel/framework/src/Illuminate/Log/LogManager.php(137): Illuminate/Log/LogManager->resolve()
#1 D:/Project/cmms/vendor/laravel/framework/src/Illuminate/Log/LogManager.php(124): Illuminate/Log/LogManager->get()
#2 D:/Project/cmms/vendor/laravel/framework/src/Illuminate/Log/LogManager.php(681): Illuminate/Log/LogManager->driver()
#3 D:/Project/cmms/vendor/laravel/framework/src/Illuminate/Foundation/Exceptions/Handler.php(317): Illuminate/Log/LogManager->error()
#4 D:/Project/cmms/vendor/laravel/framework/src/Illuminate/Foundation/Exceptions/Handler.php(278): Illuminate/Foundation/Exceptions/Handler->reportThrowable()
#5 D:/Project/cmms/vendor/laravel/framework/src/Illuminate/Foundation/Console/Kernel.php(523): Illuminate/Foundation/Exceptions/Handler->report()
#6 D:/Project/cmms/vendor/laravel/framework/src/Illuminate/Foundation/Console/Kernel.php(203): Illuminate/Foundation/Console/Kernel->reportException()
#7 D:/Project/cmms/artisan(14): Illuminate/Foundation/Console/Kernel->handle()
#8 {main}
"} 
[2026-08-09 00:21:40] laravel.ERROR: There are no commands defined in the "key" namespace. {"exception":"[object] (Symfony\\Component\\Console\\Exception\\NamespaceNotFoundException(code: 0): There are no commands defined in the \"key\" namespace. at D:/Project/cmms/vendor/symfony/console/Application.php:678)
[stacktrace]
#0 D:/Project/cmms/vendor/symfony/console/Application.php(729): Symfony/Component/Console/Application->findNamespace()
#1 D:/Project/cmms/vendor/symfony/console/Application.php(266): Symfony/Component/Console/Application->find()
#2 D:/Project/cmms/vendor/symfony/console/Application.php(175): Symfony/Component/Console/Application->doRun()
#3 D:/Project/cmms/vendor/laravel/framework/src/Illuminate/Foundation/Console/Kernel.php(201): Symfony/Component/Console/Application->run()
#4 D:/Project/cmms/artisan(14): Illuminate/Foundation/Console/Kernel->handle()
#5 {main}
"} 
[2026-08-09 00:21:41] laravel.EMERGENCY: Unable to create configured logger. Using emergency logger. {"exception":"[object] (InvalidArgumentException(code: 0): Log [] is not defined. at D:/Project/cmms/vendor/laravel/framework/src/Illuminate/Log/LogManager.php:212)
[stacktrace]
#0 D:/Project/cmms/vendor/laravel/framework/src/Illuminate/Log/LogManager.php(137): Illuminate/Log/LogManager->resolve()
#1 D:/Project/cmms/vendor/laravel/framework/src/Illuminate/Log/LogManager.php(124): Illuminate/Log/LogManager->get()
#2 D:/Project/cmms/vendor/laravel/framework/src/Illuminate/Log/LogManager.php(681): Illuminate/Log/LogManager->driver()
#3 D:/Project/cmms/vendor/laravel/framework/src/Illuminate/Foundation/Exceptions/Handler.php(317): Illuminate/Log/LogManager->error()
#4 D:/Project/cmms/vendor/laravel/framework/src/Illuminate/Foundation/Exceptions/Handler.php(278): Illuminate/Foundation/Exceptions/Handler->reportThrowable()
#5 D:/Project/cmms/vendor/laravel/framework/src/Illuminate/Foundation/Console/Kernel.php(523): Illuminate/Foundation/Exceptions/Handler->report()
#6 D:/Project/cmms/vendor/laravel/framework/src/Illuminate/Foundation/Console/Kernel.php(203): Illuminate/Foundation/Console/Kernel->reportException()
#7 D:/Project/cmms/artisan(14): Illuminate/Foundation/Console/Kernel->handle()
#8 {main}
"} 
[2026-08-09 00:21:41] laravel.ERROR: Command "migrate" is not defined. {"exception":"[object] (Symfony\\Component\\Console\\Exception\\CommandNotFoundException(code: 0): Command \"migrate\" is not defined. at D:/Project/cmms/vendor/symfony/console/Application.php:745)
[stacktrace]
#0 D:/Project/cmms/vendor/symfony/console/Application.php(266): Symfony/Component/Console/Application->find()
#1 D:/Project/cmms/vendor/symfony/console/Application.php(175): Symfony/Component/Console/Application->doRun()
#2 D:/Project/cmms/vendor/laravel/framework/src/Illuminate/Foundation/Console/Kernel.php(201): Symfony/Component/Console/Application->run()
#3 D:/Project/cmms/artisan(14): Illuminate/Foundation/Console/Kernel->handle()
#4 {main}
"} 
[2026-08-09 00:22:27] laravel.EMERGENCY: Unable to create configured logger. Using emergency logger. {"exception":"[object] (InvalidArgumentException(code: 0): Log [] is not defined. at D:/Project/cmms/vendor/laravel/framework/src/Illuminate/Log/LogManager.php:212)
[stacktrace]
#0 D:/Project/cmms/vendor/laravel/framework/src/Illuminate/Log/LogManager.php(137): Illuminate/Log/LogManager->resolve()
#1 D:/Project/cmms/vendor/laravel/framework/src/Illuminate/Log/LogManager.php(124): Illuminate/Log/LogManager->get()
#2 D:/Project/cmms/vendor/laravel/framework/src/Illuminate/Log/LogManager.php(681): Illuminate/Log/LogManager->driver()
#3 D:/Project/cmms/vendor/laravel/framework/src/Illuminate/Foundation/Exceptions/Handler.php(317): Illuminate/Log/LogManager->error()
#4 D:/Project/cmms/vendor/laravel/framework/src/Illuminate/Foundation/Exceptions/Handler.php(278): Illuminate/Foundation/Exceptions/Handler->reportThrowable()
#5 D:/Project/cmms/vendor/laravel/framework/src/Illuminate/Foundation/Console/Kernel.php(523): Illuminate/Foundation/Exceptions/Handler->report()
#6 D:/Project/cmms/vendor/laravel/framework/src/Illuminate/Foundation/Console/Kernel.php(203): Illuminate/Foundation/Console/Kernel->reportException()
#7 D:/Project/cmms/artisan(14): Illuminate/Foundation/Console/Kernel->handle()
#8 {main}
"} 
[2026-08-09 00:22:27] laravel.ERROR: There are no commands defined in the "key" namespace. {"exception":"[object] (Symfony\\Component\\Console\\Exception\\NamespaceNotFoundException(code: 0): There are no commands defined in the \"key\" namespace. at D:/Project/cmms/vendor/symfony/console/Application.php:678)
[stacktrace]
#0 D:/Project/cmms/vendor/symfony/console/Application.php(729): Symfony/Component/Console/Application->findNamespace()
#1 D:/Project/cmms/vendor/symfony/console/Application.php(266): Symfony/Component/Console/Application->find()
#2 D:/Project/cmms/vendor/symfony/console/Application.php(175): Symfony/Component/Console/Application->doRun()
#3 D:/Project/cmms/vendor/laravel/framework/src/Illuminate/Foundation/Console/Kernel.php(201): Symfony/Component/Console/Application->run()
#4 D:/Project/cmms/artisan(14): Illuminate/Foundation/Console/Kernel->handle()
#5 {main}
"} 
[2026-08-09 00:22:28] laravel.EMERGENCY: Unable to create configured logger. Using emergency logger. {"exception":"[object] (InvalidArgumentException(code: 0): Log [] is not defined. at D:/Project/cmms/vendor/laravel/framework/src/Illuminate/Log/LogManager.php:212)
[stacktrace]
#0 D:/Project/cmms/vendor/laravel/framework/src/Illuminate/Log/LogManager.php(137): Illuminate/Log/LogManager->resolve()
#1 D:/Project/cmms/vendor/laravel/framework/src/Illuminate/Log/LogManager.php(124): Illuminate/Log/LogManager->get()
#2 D:/Project/cmms/vendor/laravel/framework/src/Illuminate/Log/LogManager.php(681): Illuminate/Log/LogManager->driver()
#3 D:/Project/cmms/vendor/laravel/framework/src/Illuminate/Foundation/Exceptions/Handler.php(317): Illuminate/Log/LogManager->error()
#4 D:/Project/cmms/vendor/laravel/framework/src/Illuminate/Foundation/Exceptions/Handler.php(278): Illuminate/Foundation/Exceptions/Handler->reportThrowable()
#5 D:/Project/cmms/vendor/laravel/framework/src/Illuminate/Foundation/Console/Kernel.php(523): Illuminate/Foundation/Exceptions/Handler->report()
#6 D:/Project/cmms/vendor/laravel/framework/src/Illuminate/Foundation/Console/Kernel.php(203): Illuminate/Foundation/Console/Kernel->reportException()
#7 D:/Project/cmms/artisan(14): Illuminate/Foundation/Console/Kernel->handle()
#8 {main}
"} 
[2026-08-09 00:22:28] laravel.ERROR: Command "migrate" is not defined. {"exception":"[object] (Symfony\\Component\\Console\\Exception\\CommandNotFoundException(code: 0): Command \"migrate\" is not defined. at D:/Project/cmms/vendor/symfony/console/Application.php:745)
[stacktrace]
#0 D:/Project/cmms/vendor/symfony/console/Application.php(266): Symfony/Component/Console/Application->find()
#1 D:/Project/cmms/vendor/symfony/console/Application.php(175): Symfony/Component/Console/Application->doRun()
#2 D:/Project/cmms/vendor/laravel/framework/src/Illuminate/Foundation/Console/Kernel.php(201): Symfony/Component/Console/Application->run()
#3 D:/Project/cmms/artisan(14): Illuminate/Foundation/Console/Kernel->handle()
#4 {main}
"} 
[2026-08-09 00:22:46] laravel.EMERGENCY: Unable to create configured logger. Using emergency logger. {"exception":"[object] (InvalidArgumentException(code: 0): Log [] is not defined. at D:/Project/cmms/vendor/laravel/framework/src/Illuminate/Log/LogManager.php:212)
[stacktrace]
#0 D:/Project/cmms/vendor/laravel/framework/src/Illuminate/Log/LogManager.php(137): Illuminate/Log/LogManager->resolve()
#1 D:/Project/cmms/vendor/laravel/framework/src/Illuminate/Log/LogManager.php(124): Illuminate/Log/LogManager->get()
#2 D:/Project/cmms/vendor/laravel/framework/src/Illuminate/Log/LogManager.php(681): Illuminate/Log/LogManager->driver()
#3 D:/Project/cmms/vendor/laravel/framework/src/Illuminate/Foundation/Exceptions/Handler.php(317): Illuminate/Log/LogManager->error()
#4 D:/Project/cmms/vendor/laravel/framework/src/Illuminate/Foundation/Exceptions/Handler.php(278): Illuminate/Foundation/Exceptions/Handler->reportThrowable()
#5 D:/Project/cmms/vendor/laravel/framework/src/Illuminate/Foundation/Console/Kernel.php(523): Illuminate/Foundation/Exceptions/Handler->report()
#6 D:/Project/cmms/vendor/laravel/framework/src/Illuminate/Foundation/Console/Kernel.php(203): Illuminate/Foundation/Console/Kernel->reportException()
#7 D:/Project/cmms/artisan(14): Illuminate/Foundation/Console/Kernel->handle()
#8 {main}
"} 
[2026-08-09 00:22:46] laravel.ERROR: Target class [DatabaseSeeder] does not exist. {"exception":"[object] (Illuminate\\Contracts\\Container\\BindingResolutionException(code: 0): Target class [DatabaseSeeder] does not exist. at D:/Project/cmms/vendor/laravel/framework/src/Illuminate/Container/Container.php:914)
[stacktrace]
#0 D:/Project/cmms/vendor/laravel/framework/src/Illuminate/Container/Container.php(795): Illuminate/Container/Container->build()
#1 D:/Project/cmms/vendor/laravel/framework/src/Illuminate/Foundation/Application.php(986): Illuminate/Container/Container->resolve()
#2 D:/Project/cmms/vendor/laravel/framework/src/Illuminate/Container/Container.php(731): Illuminate/Foundation/Application->resolve()
#3 D:/Project/cmms/vendor/laravel/framework/src/Illuminate/Foundation/Application.php(971): Illuminate/Container/Container->make()
#4 D:/Project/cmms/vendor/laravel/framework/src/Illuminate/Database/Console/Seeds/SeedCommand.php(98): Illuminate/Foundation/Application->make()
#5 D:/Project/cmms/vendor/laravel/framework/src/Illuminate/Database/Console/Seeds/SeedCommand.php(70): Illuminate/Database/Console/Seeds/SeedCommand->getSeeder()
#6 D:/Project/cmms/vendor/laravel/framework/src/Illuminate/Database/Eloquent/Concerns/GuardsAttributes.php(155): Illuminate/Database/Console/Seeds/SeedCommand->{closure:Illuminate/Database/Console/Seeds/SeedCommand::handle():69}()
#7 D:/Project/cmms/vendor/laravel/framework/src/Illuminate/Database/Console/Seeds/SeedCommand.php(69): Illuminate/Database/Eloquent/Model::unguarded()
#8 D:/Project/cmms/vendor/laravel/framework/src/Illuminate/Container/BoundMethod.php(36): Illuminate/Database/Console/Seeds/SeedCommand->handle()
#9 D:/Project/cmms/vendor/laravel/framework/src/Illuminate/Container/Util.php(41): Illuminate/Container/BoundMethod::{closure:Illuminate/Container/BoundMethod::call():35}()
#10 D:/Project/cmms/vendor/laravel/framework/src/Illuminate/Container/BoundMethod.php(93): Illuminate/Container/Util::unwrapIfClosure()
#11 D:/Project/cmms/vendor/laravel/framework/src/Illuminate/Container/BoundMethod.php(35): Illuminate/Container/BoundMethod::callBoundMethod()
#12 D:/Project/cmms/vendor/laravel/framework/src/Illuminate/Container/Container.php(662): Illuminate/Container/BoundMethod::call()
#13 D:/Project/cmms/vendor/laravel/framework/src/Illuminate/Console/Command.php(211): Illuminate/Container/Container->call()
#14 D:/Project/cmms/vendor/symfony/console/Command/Command.php(326): Illuminate/Console/Command->execute()
#15 D:/Project/cmms/vendor/laravel/framework/src/Illuminate/Console/Command.php(180): Symfony/Component/Console/Command/Command->run()
#16 D:/Project/cmms/vendor/laravel/framework/src/Illuminate/Console/Concerns/CallsCommands.php(67): Illuminate/Console/Command->run()
#17 D:/Project/cmms/vendor/laravel/framework/src/Illuminate/Console/Concerns/CallsCommands.php(28): Illuminate/Console/Command->runCommand()
#18 D:/Project/cmms/vendor/laravel/framework/src/Illuminate/Database/Console/Migrations/MigrateCommand.php(99): Illuminate/Console/Command->call()
#19 D:/Project/cmms/vendor/laravel/framework/src/Illuminate/Database/Migrations/Migrator.php(641): Illuminate/Database/Console/Migrations/MigrateCommand->{closure:Illuminate/Database/Console/Migrations/MigrateCommand::handle():83}()
#20 D:/Project/cmms/vendor/laravel/framework/src/Illuminate/Database/Console/Migrations/MigrateCommand.php(83): Illuminate/Database/Migrations/Migrator->usingConnection()
#21 D:/Project/cmms/vendor/laravel/framework/src/Illuminate/Container/BoundMethod.php(36): Illuminate/Database/Console/Migrations/MigrateCommand->handle()
#22 D:/Project/cmms/vendor/laravel/framework/src/Illuminate/Container/Util.php(41): Illuminate/Container/BoundMethod::{closure:Illuminate/Container/BoundMethod::call():35}()
#23 D:/Project/cmms/vendor/laravel/framework/src/Illuminate/Container/BoundMethod.php(93): Illuminate/Container/Util::unwrapIfClosure()
#24 D:/Project/cmms/vendor/laravel/framework/src/Illuminate/Container/BoundMethod.php(35): Illuminate/Container/BoundMethod::callBoundMethod()
#25 D:/Project/cmms/vendor/laravel/framework/src/Illuminate/Container/Container.php(662): Illuminate/Container/BoundMethod::call()
#26 D:/Project/cmms/vendor/laravel/framework/src/Illuminate/Console/Command.php(211): Illuminate/Container/Container->call()
#27 D:/Project/cmms/vendor/symfony/console/Command/Command.php(326): Illuminate/Console/Command->execute()
#28 D:/Project/cmms/vendor/laravel/framework/src/Illuminate/Console/Command.php(180): Symfony/Component/Console/Command/Command->run()
#29 D:/Project/cmms/vendor/symfony/console/Application.php(1121): Illuminate/Console/Command->run()
#30 D:/Project/cmms/vendor/symfony/console/Application.php(324): Symfony/Component/Console/Application->doRunCommand()
#31 D:/Project/cmms/vendor/symfony/console/Application.php(175): Symfony/Component/Console/Application->doRun()
#32 D:/Project/cmms/vendor/laravel/framework/src/Illuminate/Foundation/Console/Kernel.php(201): Symfony/Component/Console/Application->run()
#33 D:/Project/cmms/artisan(14): Illuminate/Foundation/Console/Kernel->handle()
#34 {main}

[previous exception] [object] (ReflectionException(code: -1): Class \"DatabaseSeeder\" does not exist at D:/Project/cmms/vendor/laravel/framework/src/Illuminate/Container/Container.php:912)
[stacktrace]
#0 D:/Project/cmms/vendor/laravel/framework/src/Illuminate/Container/Container.php(912): ReflectionClass->__construct()
#1 D:/Project/cmms/vendor/laravel/framework/src/Illuminate/Container/Container.php(795): Illuminate/Container/Container->build()
#2 D:/Project/cmms/vendor/laravel/framework/src/Illuminate/Foundation/Application.php(986): Illuminate/Container/Container->resolve()
#3 D:/Project/cmms/vendor/laravel/framework/src/Illuminate/Container/Container.php(731): Illuminate/Foundation/Application->resolve()
#4 D:/Project/cmms/vendor/laravel/framework/src/Illuminate/Foundation/Application.php(971): Illuminate/Container/Container->make()
#5 D:/Project/cmms/vendor/laravel/framework/src/Illuminate/Database/Console/Seeds/SeedCommand.php(98): Illuminate/Foundation/Application->make()
#6 D:/Project/cmms/vendor/laravel/framework/src/Illuminate/Database/Console/Seeds/SeedCommand.php(70): Illuminate/Database/Console/Seeds/SeedCommand->getSeeder()
#7 D:/Project/cmms/vendor/laravel/framework/src/Illuminate/Database/Eloquent/Concerns/GuardsAttributes.php(155): Illuminate/Database/Console/Seeds/SeedCommand->{closure:Illuminate/Database/Console/Seeds/SeedCommand::handle():69}()
#8 D:/Project/cmms/vendor/laravel/framework/src/Illuminate/Database/Console/Seeds/SeedCommand.php(69): Illuminate/Database/Eloquent/Model::unguarded()
#9 D:/Project/cmms/vendor/laravel/framework/src/Illuminate/Container/BoundMethod.php(36): Illuminate/Database/Console/Seeds/SeedCommand->handle()
#10 D:/Project/cmms/vendor/laravel/framework/src/Illuminate/Container/Util.php(41): Illuminate/Container/BoundMethod::{closure:Illuminate/Container/BoundMethod::call():35}()
#11 D:/Project/cmms/vendor/laravel/framework/src/Illuminate/Container/BoundMethod.php(93): Illuminate/Container/Util::unwrapIfClosure()
#12 D:/Project/cmms/vendor/laravel/framework/src/Illuminate/Container/BoundMethod.php(35): Illuminate/Container/BoundMethod::callBoundMethod()
#13 D:/Project/cmms/vendor/laravel/framework/src/Illuminate/Container/Container.php(662): Illuminate/Container/BoundMethod::call()
#14 D:/Project/cmms/vendor/laravel/framework/src/Illuminate/Console/Command.php(211): Illuminate/Container/Container->call()
#15 D:/Project/cmms/vendor/symfony/console/Command/Command.php(326): Illuminate/Console/Command->execute()
#16 D:/Project/cmms/vendor/laravel/framework/src/Illuminate/Console/Command.php(180): Symfony/Component/Console/Command/Command->run()
#17 D:/Project/cmms/vendor/laravel/framework/src/Illuminate/Console/Concerns/CallsCommands.php(67): Illuminate/Console/Command->run()
#18 D:/Project/cmms/vendor/laravel/framework/src/Illuminate/Console/Concerns/CallsCommands.php(28): Illuminate/Console/Command->runCommand()
#19 D:/Project/cmms/vendor/laravel/framework/src/Illuminate/Database/Console/Migrations/MigrateCommand.php(99): Illuminate/Console/Command->call()
#20 D:/Project/cmms/vendor/laravel/framework/src/Illuminate/Database/Migrations/Migrator.php(641): Illuminate/Database/Console/Migrations/MigrateCommand->{closure:Illuminate/Database/Console/Migrations/MigrateCommand::handle():83}()
#21 D:/Project/cmms/vendor/laravel/framework/src/Illuminate/Database/Console/Migrations/MigrateCommand.php(83): Illuminate/Database/Migrations/Migrator->usingConnection()
#22 D:/Project/cmms/vendor/laravel/framework/src/Illuminate/Container/BoundMethod.php(36): Illuminate/Database/Console/Migrations/MigrateCommand->handle()
#23 D:/Project/cmms/vendor/laravel/framework/src/Illuminate/Container/Util.php(41): Illuminate/Container/BoundMethod::{closure:Illuminate/Container/BoundMethod::call():35}()
#24 D:/Project/cmms/vendor/laravel/framework/src/Illuminate/Container/BoundMethod.php(93): Illuminate/Container/Util::unwrapIfClosure()
#25 D:/Project/cmms/vendor/laravel/framework/src/Illuminate/Container/BoundMethod.php(35): Illuminate/Container/BoundMethod::callBoundMethod()
#26 D:/Project/cmms/vendor/laravel/framework/src/Illuminate/Container/Container.php(662): Illuminate/Container/BoundMethod::call()
#27 D:/Project/cmms/vendor/laravel/framework/src/Illuminate/Console/Command.php(211): Illuminate/Container/Container->call()
#28 D:/Project/cmms/vendor/symfony/console/Command/Command.php(326): Illuminate/Console/Command->execute()
#29 D:/Project/cmms/vendor/laravel/framework/src/Illuminate/Console/Command.php(180): Symfony/Component/Console/Command/Command->run()
#30 D:/Project/cmms/vendor/symfony/console/Application.php(1121): Illuminate/Console/Command->run()
#31 D:/Project/cmms/vendor/symfony/console/Application.php(324): Symfony/Component/Console/Application->doRunCommand()
#32 D:/Project/cmms/vendor/symfony/console/Application.php(175): Symfony/Component/Console/Application->doRun()
#33 D:/Project/cmms/vendor/laravel/framework/src/Illuminate/Foundation/Console/Kernel.php(201): Symfony/Component/Console/Application->run()
#34 D:/Project/cmms/artisan(14): Illuminate/Foundation/Console/Kernel->handle()
#35 {main}
"} 
[2026-08-09 00:23:03] laravel.EMERGENCY: Unable to create configured logger. Using emergency logger. {"exception":"[object] (InvalidArgumentException(code: 0): Log [] is not defined. at D:/Project/cmms/vendor/laravel/framework/src/Illuminate/Log/LogManager.php:212)
[stacktrace]
#0 D:/Project/cmms/vendor/laravel/framework/src/Illuminate/Log/LogManager.php(137): Illuminate/Log/LogManager->resolve()
#1 D:/Project/cmms/vendor/laravel/framework/src/Illuminate/Log/LogManager.php(124): Illuminate/Log/LogManager->get()
#2 D:/Project/cmms/vendor/laravel/framework/src/Illuminate/Log/LogManager.php(681): Illuminate/Log/LogManager->driver()
#3 D:/Project/cmms/vendor/laravel/framework/src/Illuminate/Foundation/Exceptions/Handler.php(317): Illuminate/Log/LogManager->error()
#4 D:/Project/cmms/vendor/laravel/framework/src/Illuminate/Foundation/Exceptions/Handler.php(278): Illuminate/Foundation/Exceptions/Handler->reportThrowable()
#5 D:/Project/cmms/vendor/laravel/framework/src/Illuminate/Foundation/Console/Kernel.php(523): Illuminate/Foundation/Exceptions/Handler->report()
#6 D:/Project/cmms/vendor/laravel/framework/src/Illuminate/Foundation/Console/Kernel.php(203): Illuminate/Foundation/Console/Kernel->reportException()
#7 D:/Project/cmms/artisan(14): Illuminate/Foundation/Console/Kernel->handle()
#8 {main}
"} 
[2026-08-09 00:23:03] laravel.ERROR: Target class [DatabaseSeeder] does not exist. {"exception":"[object] (Illuminate\\Contracts\\Container\\BindingResolutionException(code: 0): Target class [DatabaseSeeder] does not exist. at D:/Project/cmms/vendor/laravel/framework/src/Illuminate/Container/Container.php:914)
[stacktrace]
#0 D:/Project/cmms/vendor/laravel/framework/src/Illuminate/Container/Container.php(795): Illuminate/Container/Container->build()
#1 D:/Project/cmms/vendor/laravel/framework/src/Illuminate/Foundation/Application.php(986): Illuminate/Container/Container->resolve()
#2 D:/Project/cmms/vendor/laravel/framework/src/Illuminate/Container/Container.php(731): Illuminate/Foundation/Application->resolve()
#3 D:/Project/cmms/vendor/laravel/framework/src/Illuminate/Foundation/Application.php(971): Illuminate/Container/Container->make()
#4 D:/Project/cmms/vendor/laravel/framework/src/Illuminate/Database/Console/Seeds/SeedCommand.php(98): Illuminate/Foundation/Application->make()
#5 D:/Project/cmms/vendor/laravel/framework/src/Illuminate/Database/Console/Seeds/SeedCommand.php(70): Illuminate/Database/Console/Seeds/SeedCommand->getSeeder()
#6 D:/Project/cmms/vendor/laravel/framework/src/Illuminate/Database/Eloquent/Concerns/GuardsAttributes.php(155): Illuminate/Database/Console/Seeds/SeedCommand->{closure:Illuminate/Database/Console/Seeds/SeedCommand::handle():69}()
#7 D:/Project/cmms/vendor/laravel/framework/src/Illuminate/Database/Console/Seeds/SeedCommand.php(69): Illuminate/Database/Eloquent/Model::unguarded()
#8 D:/Project/cmms/vendor/laravel/framework/src/Illuminate/Container/BoundMethod.php(36): Illuminate/Database/Console/Seeds/SeedCommand->handle()
#9 D:/Project/cmms/vendor/laravel/framework/src/Illuminate/Container/Util.php(41): Illuminate/Container/BoundMethod::{closure:Illuminate/Container/BoundMethod::call():35}()
#10 D:/Project/cmms/vendor/laravel/framework/src/Illuminate/Container/BoundMethod.php(93): Illuminate/Container/Util::unwrapIfClosure()
#11 D:/Project/cmms/vendor/laravel/framework/src/Illuminate/Container/BoundMethod.php(35): Illuminate/Container/BoundMethod::callBoundMethod()
#12 D:/Project/cmms/vendor/laravel/framework/src/Illuminate/Container/Container.php(662): Illuminate/Container/BoundMethod::call()
#13 D:/Project/cmms/vendor/laravel/framework/src/Illuminate/Console/Command.php(211): Illuminate/Container/Container->call()
#14 D:/Project/cmms/vendor/symfony/console/Command/Command.php(326): Illuminate/Console/Command->execute()
#15 D:/Project/cmms/vendor/laravel/framework/src/Illuminate/Console/Command.php(180): Symfony/Component/Console/Command/Command->run()
#16 D:/Project/cmms/vendor/laravel/framework/src/Illuminate/Console/Concerns/CallsCommands.php(67): Illuminate/Console/Command->run()
#17 D:/Project/cmms/vendor/laravel/framework/src/Illuminate/Console/Concerns/CallsCommands.php(28): Illuminate/Console/Command->runCommand()
#18 D:/Project/cmms/vendor/laravel/framework/src/Illuminate/Database/Console/Migrations/FreshCommand.php(93): Illuminate/Console/Command->call()
#19 D:/Project/cmms/vendor/laravel/framework/src/Illuminate/Database/Console/Migrations/FreshCommand.php(69): Illuminate/Database/Console/Migrations/FreshCommand->runSeeder()
#20 D:/Project/cmms/vendor/laravel/framework/src/Illuminate/Container/BoundMethod.php(36): Illuminate/Database/Console/Migrations/FreshCommand->handle()
#21 D:/Project/cmms/vendor/laravel/framework/src/Illuminate/Container/Util.php(41): Illuminate/Container/BoundMethod::{closure:Illuminate/Container/BoundMethod::call():35}()
#22 D:/Project/cmms/vendor/laravel/framework/src/Illuminate/Container/BoundMethod.php(93): Illuminate/Container/Util::unwrapIfClosure()
#23 D:/Project/cmms/vendor/laravel/framework/src/Illuminate/Container/BoundMethod.php(35): Illuminate/Container/BoundMethod::callBoundMethod()
#24 D:/Project/cmms/vendor/laravel/framework/src/Illuminate/Container/Container.php(662): Illuminate/Container/BoundMethod::call()
#25 D:/Project/cmms/vendor/laravel/framework/src/Illuminate/Console/Command.php(211): Illuminate/Container/Container->call()
#26 D:/Project/cmms/vendor/symfony/console/Command/Command.php(326): Illuminate/Console/Command->execute()
#27 D:/Project/cmms/vendor/laravel/framework/src/Illuminate/Console/Command.php(180): Symfony/Component/Console/Command/Command->run()
#28 D:/Project/cmms/vendor/symfony/console/Application.php(1121): Illuminate/Console/Command->run()
#29 D:/Project/cmms/vendor/symfony/console/Application.php(324): Symfony/Component/Console/Application->doRunCommand()
#30 D:/Project/cmms/vendor/symfony/console/Application.php(175): Symfony/Component/Console/Application->doRun()
#31 D:/Project/cmms/vendor/laravel/framework/src/Illuminate/Foundation/Console/Kernel.php(201): Symfony/Component/Console/Application->run()
#32 D:/Project/cmms/artisan(14): Illuminate/Foundation/Console/Kernel->handle()
#33 {main}

[previous exception] [object] (ReflectionException(code: -1): Class \"DatabaseSeeder\" does not exist at D:/Project/cmms/vendor/laravel/framework/src/Illuminate/Container/Container.php:912)
[stacktrace]
#0 D:/Project/cmms/vendor/laravel/framework/src/Illuminate/Container/Container.php(912): ReflectionClass->__construct()
#1 D:/Project/cmms/vendor/laravel/framework/src/Illuminate/Container/Container.php(795): Illuminate/Container/Container->build()
#2 D:/Project/cmms/vendor/laravel/framework/src/Illuminate/Foundation/Application.php(986): Illuminate/Container/Container->resolve()
#3 D:/Project/cmms/vendor/laravel/framework/src/Illuminate/Container/Container.php(731): Illuminate/Foundation/Application->resolve()
#4 D:/Project/cmms/vendor/laravel/framework/src/Illuminate/Foundation/Application.php(971): Illuminate/Container/Container->make()
#5 D:/Project/cmms/vendor/laravel/framework/src/Illuminate/Database/Console/Seeds/SeedCommand.php(98): Illuminate/Foundation/Application->make()
#6 D:/Project/cmms/vendor/laravel/framework/src/Illuminate/Database/Console/Seeds/SeedCommand.php(70): Illuminate/Database/Console/Seeds/SeedCommand->getSeeder()
#7 D:/Project/cmms/vendor/laravel/framework/src/Illuminate/Database/Eloquent/Concerns/GuardsAttributes.php(155): Illuminate/Database/Console/Seeds/SeedCommand->{closure:Illuminate/Database/Console/Seeds/SeedCommand::handle():69}()
#8 D:/Project/cmms/vendor/laravel/framework/src/Illuminate/Database/Console/Seeds/SeedCommand.php(69): Illuminate/Database/Eloquent/Model::unguarded()
#9 D:/Project/cmms/vendor/laravel/framework/src/Illuminate/Container/BoundMethod.php(36): Illuminate/Database/Console/Seeds/SeedCommand->handle()
#10 D:/Project/cmms/vendor/laravel/framework/src/Illuminate/Container/Util.php(41): Illuminate/Container/BoundMethod::{closure:Illuminate/Container/BoundMethod::call():35}()
#11 D:/Project/cmms/vendor/laravel/framework/src/Illuminate/Container/BoundMethod.php(93): Illuminate/Container/Util::unwrapIfClosure()
#12 D:/Project/cmms/vendor/laravel/framework/src/Illuminate/Container/BoundMethod.php(35): Illuminate/Container/BoundMethod::callBoundMethod()
#13 D:/Project/cmms/vendor/laravel/framework/src/Illuminate/Container/Container.php(662): Illuminate/Container/BoundMethod::call()
#14 D:/Project/cmms/vendor/laravel/framework/src/Illuminate/Console/Command.php(211): Illuminate/Container/Container->call()
#15 D:/Project/cmms/vendor/symfony/console/Command/Command.php(326): Illuminate/Console/Command->execute()
#16 D:/Project/cmms/vendor/laravel/framework/src/Illuminate/Console/Command.php(180): Symfony/Component/Console/Command/Command->run()
#17 D:/Project/cmms/vendor/laravel/framework/src/Illuminate/Console/Concerns/CallsCommands.php(67): Illuminate/Console/Command->run()
#18 D:/Project/cmms/vendor/laravel/framework/src/Illuminate/Console/Concerns/CallsCommands.php(28): Illuminate/Console/Command->runCommand()
#19 D:/Project/cmms/vendor/laravel/framework/src/Illuminate/Database/Console/Migrations/FreshCommand.php(93): Illuminate/Console/Command->call()
#20 D:/Project/cmms/vendor/laravel/framework/src/Illuminate/Database/Console/Migrations/FreshCommand.php(69): Illuminate/Database/Console/Migrations/FreshCommand->runSeeder()
#21 D:/Project/cmms/vendor/laravel/framework/src/Illuminate/Container/BoundMethod.php(36): Illuminate/Database/Console/Migrations/FreshCommand->handle()
#22 D:/Project/cmms/vendor/laravel/framework/src/Illuminate/Container/Util.php(41): Illuminate/Container/BoundMethod::{closure:Illuminate/Container/BoundMethod::call():35}()
#23 D:/Project/cmms/vendor/laravel/framework/src/Illuminate/Container/BoundMethod.php(93): Illuminate/Container/Util::unwrapIfClosure()
#24 D:/Project/cmms/vendor/laravel/framework/src/Illuminate/Container/BoundMethod.php(35): Illuminate/Container/BoundMethod::callBoundMethod()
#25 D:/Project/cmms/vendor/laravel/framework/src/Illuminate/Container/Container.php(662): Illuminate/Container/BoundMethod::call()
#26 D:/Project/cmms/vendor/laravel/framework/src/Illuminate/Console/Command.php(211): Illuminate/Container/Container->call()
#27 D:/Project/cmms/vendor/symfony/console/Command/Command.php(326): Illuminate/Console/Command->execute()
#28 D:/Project/cmms/vendor/laravel/framework/src/Illuminate/Console/Command.php(180): Symfony/Component/Console/Command/Command->run()
#29 D:/Project/cmms/vendor/symfony/console/Application.php(1121): Illuminate/Console/Command->run()
#30 D:/Project/cmms/vendor/symfony/console/Application.php(324): Symfony/Component/Console/Application->doRunCommand()
#31 D:/Project/cmms/vendor/symfony/console/Application.php(175): Symfony/Component/Console/Application->doRun()
#32 D:/Project/cmms/vendor/laravel/framework/src/Illuminate/Foundation/Console/Kernel.php(201): Symfony/Component/Console/Application->run()
#33 D:/Project/cmms/artisan(14): Illuminate/Foundation/Console/Kernel->handle()
#34 {main}
"} 
[2026-08-09 00:23:48] laravel.EMERGENCY: Unable to create configured logger. Using emergency logger. {"exception":"[object] (InvalidArgumentException(code: 0): Log [] is not defined. at D:/Project/cmms/vendor/laravel/framework/src/Illuminate/Log/LogManager.php:212)
[stacktrace]
#0 D:/Project/cmms/vendor/laravel/framework/src/Illuminate/Log/LogManager.php(137): Illuminate/Log/LogManager->resolve()
#1 D:/Project/cmms/vendor/laravel/framework/src/Illuminate/Log/LogManager.php(124): Illuminate/Log/LogManager->get()
#2 D:/Project/cmms/vendor/laravel/framework/src/Illuminate/Log/LogManager.php(681): Illuminate/Log/LogManager->driver()
#3 D:/Project/cmms/vendor/laravel/framework/src/Illuminate/Foundation/Exceptions/Handler.php(317): Illuminate/Log/LogManager->error()
#4 D:/Project/cmms/vendor/laravel/framework/src/Illuminate/Foundation/Exceptions/Handler.php(278): Illuminate/Foundation/Exceptions/Handler->reportThrowable()
#5 D:/Project/cmms/vendor/laravel/framework/src/Illuminate/Foundation/Http/Kernel.php(497): Illuminate/Foundation/Exceptions/Handler->report()
#6 D:/Project/cmms/vendor/laravel/framework/src/Illuminate/Foundation/Http/Kernel.php(146): Illuminate/Foundation/Http/Kernel->reportException()
#7 D:/Project/cmms/public/index.php(14): Illuminate/Foundation/Http/Kernel->handle()
#8 D:/Project/cmms/vendor/laravel/framework/src/Illuminate/Foundation/resources/server.php(16): require_once('...')
#9 {main}
"} 
[2026-08-09 00:23:48] laravel.ERROR: Unable to resolve NULL driver for [Illuminate\Session\SessionManager]. {"exception":"[object] (InvalidArgumentException(code: 0): Unable to resolve NULL driver for [Illuminate\\Session\\SessionManager]. at D:/Project/cmms/vendor/laravel/framework/src/Illuminate/Support/Manager.php:71)
[stacktrace]
#0 D:/Project/cmms/vendor/laravel/framework/src/Illuminate/Session/SessionServiceProvider.php(52): Illuminate/Support/Manager->driver()
#1 D:/Project/cmms/vendor/laravel/framework/src/Illuminate/Container/Container.php(908): Illuminate/Session/SessionServiceProvider->{closure:Illuminate/Session/SessionServiceProvider::registerSessionDriver():48}()
#2 D:/Project/cmms/vendor/laravel/framework/src/Illuminate/Container/Container.php(795): Illuminate/Container/Container->build()
#3 D:/Project/cmms/vendor/laravel/framework/src/Illuminate/Foundation/Application.php(986): Illuminate/Container/Container->resolve()
#4 D:/Project/cmms/vendor/laravel/framework/src/Illuminate/Container/Container.php(731): Illuminate/Foundation/Application->resolve()
#5 D:/Project/cmms/vendor/laravel/framework/src/Illuminate/Foundation/Application.php(971): Illuminate/Container/Container->make()
#6 D:/Project/cmms/vendor/laravel/framework/src/Illuminate/Container/Container.php(1454): Illuminate/Foundation/Application->make()
#7 D:/Project/cmms/vendor/laravel/framework/src/Illuminate/Routing/RoutingServiceProvider.php(120): Illuminate/Container/Container->offsetGet()
#8 D:/Project/cmms/vendor/laravel/framework/src/Illuminate/Container/Container.php(908): Illuminate/Routing/RoutingServiceProvider->{closure:Illuminate/Routing/RoutingServiceProvider::registerRedirector():113}()
#9 D:/Project/cmms/vendor/laravel/framework/src/Illuminate/Container/Container.php(795): Illuminate/Container/Container->build()
#10 D:/Project/cmms/vendor/laravel/framework/src/Illuminate/Foundation/Application.php(986): Illuminate/Container/Container->resolve()
#11 D:/Project/cmms/vendor/laravel/framework/src/Illuminate/Container/Container.php(731): Illuminate/Foundation/Application->resolve()
#12 D:/Project/cmms/vendor/laravel/framework/src/Illuminate/Foundation/Application.php(971): Illuminate/Container/Container->make()
#13 D:/Project/cmms/vendor/laravel/framework/src/Illuminate/Container/Container.php(1454): Illuminate/Foundation/Application->make()
#14 D:/Project/cmms/vendor/laravel/framework/src/Illuminate/Routing/RoutingServiceProvider.php(182): Illuminate/Container/Container->offsetGet()
#15 D:/Project/cmms/vendor/laravel/framework/src/Illuminate/Container/Container.php(908): Illuminate/Routing/RoutingServiceProvider->{closure:Illuminate/Routing/RoutingServiceProvider::registerResponseFactory():181}()
#16 D:/Project/cmms/vendor/laravel/framework/src/Illuminate/Container/Container.php(795): Illuminate/Container/Container->build()
#17 D:/Project/cmms/vendor/laravel/framework/src/Illuminate/Foundation/Application.php(986): Illuminate/Container/Container->resolve()
#18 D:/Project/cmms/vendor/laravel/framework/src/Illuminate/Container/Container.php(731): Illuminate/Foundation/Application->resolve()
#19 D:/Project/cmms/vendor/laravel/framework/src/Illuminate/Foundation/Application.php(971): Illuminate/Container/Container->make()
#20 D:/Project/cmms/vendor/laravel/framework/src/Illuminate/Foundation/helpers.php(120): Illuminate/Foundation/Application->make()
#21 D:/Project/cmms/vendor/laravel/framework/src/Illuminate/Foundation/helpers.php(790): app()
#22 D:/Project/cmms/vendor/laravel/framework/src/Illuminate/Foundation/Exceptions/Handler.php(723): response()
#23 D:/Project/cmms/vendor/laravel/framework/src/Illuminate/Foundation/Exceptions/Handler.php(650): Illuminate/Foundation/Exceptions/Handler->renderHttpException()
#24 D:/Project/cmms/vendor/laravel/framework/src/Illuminate/Foundation/Exceptions/Handler.php(556): Illuminate/Foundation/Exceptions/Handler->prepareResponse()
#25 D:/Project/cmms/vendor/laravel/framework/src/Illuminate/Foundation/Exceptions/Handler.php(473): Illuminate/Foundation/Exceptions/Handler->renderExceptionResponse()
#26 D:/Project/cmms/vendor/laravel/framework/src/Illuminate/Routing/Pipeline.php(51): Illuminate/Foundation/Exceptions/Handler->render()
#27 D:/Project/cmms/vendor/laravel/framework/src/Illuminate/Pipeline/Pipeline.php(146): Illuminate/Routing/Pipeline->handleException()
#28 D:/Project/cmms/vendor/laravel/framework/src/Illuminate/Pipeline/Pipeline.php(119): Illuminate/Pipeline/Pipeline->{closure:Illuminate/Pipeline/Pipeline::prepareDestination():142}()
#29 D:/Project/cmms/vendor/laravel/framework/src/Illuminate/Foundation/Http/Kernel.php(175): Illuminate/Pipeline/Pipeline->then()
#30 D:/Project/cmms/vendor/laravel/framework/src/Illuminate/Foundation/Http/Kernel.php(144): Illuminate/Foundation/Http/Kernel->sendRequestThroughRouter()
#31 D:/Project/cmms/public/index.php(14): Illuminate/Foundation/Http/Kernel->handle()
#32 D:/Project/cmms/vendor/laravel/framework/src/Illuminate/Foundation/resources/server.php(16): require_once('...')
#33 {main}
"} 
[2026-08-09 00:24:29] laravel.EMERGENCY: Unable to create configured logger. Using emergency logger. {"exception":"[object] (InvalidArgumentException(code: 0): Log [] is not defined. at D:/Project/cmms/vendor/laravel/framework/src/Illuminate/Log/LogManager.php:212)
[stacktrace]
#0 D:/Project/cmms/vendor/laravel/framework/src/Illuminate/Log/LogManager.php(137): Illuminate/Log/LogManager->resolve()
#1 D:/Project/cmms/vendor/laravel/framework/src/Illuminate/Log/LogManager.php(124): Illuminate/Log/LogManager->get()
#2 D:/Project/cmms/vendor/laravel/framework/src/Illuminate/Log/LogManager.php(681): Illuminate/Log/LogManager->driver()
#3 D:/Project/cmms/vendor/laravel/framework/src/Illuminate/Foundation/Exceptions/Handler.php(317): Illuminate/Log/LogManager->error()
#4 D:/Project/cmms/vendor/laravel/framework/src/Illuminate/Foundation/Exceptions/Handler.php(278): Illuminate/Foundation/Exceptions/Handler->reportThrowable()
#5 D:/Project/cmms/vendor/laravel/framework/src/Illuminate/Foundation/Http/Kernel.php(497): Illuminate/Foundation/Exceptions/Handler->report()
#6 D:/Project/cmms/vendor/laravel/framework/src/Illuminate/Foundation/Http/Kernel.php(146): Illuminate/Foundation/Http/Kernel->reportException()
#7 D:/Project/cmms/public/index.php(14): Illuminate/Foundation/Http/Kernel->handle()
#8 D:/Project/cmms/vendor/laravel/framework/src/Illuminate/Foundation/resources/server.php(16): require_once('...')
#9 {main}
"} 
[2026-08-09 00:24:29] laravel.ERROR: Unable to resolve NULL driver for [Illuminate\Session\SessionManager]. {"exception":"[object] (InvalidArgumentException(code: 0): Unable to resolve NULL driver for [Illuminate\\Session\\SessionManager]. at D:/Project/cmms/vendor/laravel/framework/src/Illuminate/Support/Manager.php:71)
[stacktrace]
#0 D:/Project/cmms/vendor/laravel/framework/src/Illuminate/Session/SessionServiceProvider.php(52): Illuminate/Support/Manager->driver()
#1 D:/Project/cmms/vendor/laravel/framework/src/Illuminate/Container/Container.php(908): Illuminate/Session/SessionServiceProvider->{closure:Illuminate/Session/SessionServiceProvider::registerSessionDriver():48}()
#2 D:/Project/cmms/vendor/laravel/framework/src/Illuminate/Container/Container.php(795): Illuminate/Container/Container->build()
#3 D:/Project/cmms/vendor/laravel/framework/src/Illuminate/Foundation/Application.php(986): Illuminate/Container/Container->resolve()
#4 D:/Project/cmms/vendor/laravel/framework/src/Illuminate/Container/Container.php(731): Illuminate/Foundation/Application->resolve()
#5 D:/Project/cmms/vendor/laravel/framework/src/Illuminate/Foundation/Application.php(971): Illuminate/Container/Container->make()
#6 D:/Project/cmms/vendor/laravel/framework/src/Illuminate/Container/Container.php(1454): Illuminate/Foundation/Application->make()
#7 D:/Project/cmms/vendor/laravel/framework/src/Illuminate/Routing/RoutingServiceProvider.php(120): Illuminate/Container/Container->offsetGet()
#8 D:/Project/cmms/vendor/laravel/framework/src/Illuminate/Container/Container.php(908): Illuminate/Routing/RoutingServiceProvider->{closure:Illuminate/Routing/RoutingServiceProvider::registerRedirector():113}()
#9 D:/Project/cmms/vendor/laravel/framework/src/Illuminate/Container/Container.php(795): Illuminate/Container/Container->build()
#10 D:/Project/cmms/vendor/laravel/framework/src/Illuminate/Foundation/Application.php(986): Illuminate/Container/Container->resolve()
#11 D:/Project/cmms/vendor/laravel/framework/src/Illuminate/Container/Container.php(731): Illuminate/Foundation/Application->resolve()
#12 D:/Project/cmms/vendor/laravel/framework/src/Illuminate/Foundation/Application.php(971): Illuminate/Container/Container->make()
#13 D:/Project/cmms/vendor/laravel/framework/src/Illuminate/Container/Container.php(1454): Illuminate/Foundation/Application->make()
#14 D:/Project/cmms/vendor/laravel/framework/src/Illuminate/Routing/RoutingServiceProvider.php(182): Illuminate/Container/Container->offsetGet()
#15 D:/Project/cmms/vendor/laravel/framework/src/Illuminate/Container/Container.php(908): Illuminate/Routing/RoutingServiceProvider->{closure:Illuminate/Routing/RoutingServiceProvider::registerResponseFactory():181}()
#16 D:/Project/cmms/vendor/laravel/framework/src/Illuminate/Container/Container.php(795): Illuminate/Container/Container->build()
#17 D:/Project/cmms/vendor/laravel/framework/src/Illuminate/Foundation/Application.php(986): Illuminate/Container/Container->resolve()
#18 D:/Project/cmms/vendor/laravel/framework/src/Illuminate/Container/Container.php(731): Illuminate/Foundation/Application->resolve()
#19 D:/Project/cmms/vendor/laravel/framework/src/Illuminate/Foundation/Application.php(971): Illuminate/Container/Container->make()
#20 D:/Project/cmms/vendor/laravel/framework/src/Illuminate/Foundation/helpers.php(120): Illuminate/Foundation/Application->make()
#21 D:/Project/cmms/vendor/laravel/framework/src/Illuminate/Foundation/helpers.php(790): app()
#22 D:/Project/cmms/vendor/laravel/framework/src/Illuminate/Foundation/Exceptions/Handler.php(723): response()
#23 D:/Project/cmms/vendor/laravel/framework/src/Illuminate/Foundation/Exceptions/Handler.php(650): Illuminate/Foundation/Exceptions/Handler->renderHttpException()
#24 D:/Project/cmms/vendor/laravel/framework/src/Illuminate/Foundation/Exceptions/Handler.php(556): Illuminate/Foundation/Exceptions/Handler->prepareResponse()
#25 D:/Project/cmms/vendor/laravel/framework/src/Illuminate/Foundation/Exceptions/Handler.php(473): Illuminate/Foundation/Exceptions/Handler->renderExceptionResponse()
#26 D:/Project/cmms/vendor/laravel/framework/src/Illuminate/Routing/Pipeline.php(51): Illuminate/Foundation/Exceptions/Handler->render()
#27 D:/Project/cmms/vendor/laravel/framework/src/Illuminate/Pipeline/Pipeline.php(146): Illuminate/Routing/Pipeline->handleException()
#28 D:/Project/cmms/vendor/laravel/framework/src/Illuminate/Pipeline/Pipeline.php(119): Illuminate/Pipeline/Pipeline->{closure:Illuminate/Pipeline/Pipeline::prepareDestination():142}()
#29 D:/Project/cmms/vendor/laravel/framework/src/Illuminate/Foundation/Http/Kernel.php(175): Illuminate/Pipeline/Pipeline->then()
#30 D:/Project/cmms/vendor/laravel/framework/src/Illuminate/Foundation/Http/Kernel.php(144): Illuminate/Foundation/Http/Kernel->sendRequestThroughRouter()
#31 D:/Project/cmms/public/index.php(14): Illuminate/Foundation/Http/Kernel->handle()
#32 D:/Project/cmms/vendor/laravel/framework/src/Illuminate/Foundation/resources/server.php(16): require_once('...')
#33 {main}
"} 
[2026-08-09 00:25:47] local.ERROR: View path not found. {"exception":"[object] (RuntimeException(code: 0): View path not found. at D:/Project/cmms/vendor/laravel/framework/src/Illuminate/Foundation/Console/ViewClearCommand.php:59)
[stacktrace]
#0 D:/Project/cmms/vendor/laravel/framework/src/Illuminate/Container/BoundMethod.php(36): Illuminate/Foundation/Console/ViewClearCommand->handle()
#1 D:/Project/cmms/vendor/laravel/framework/src/Illuminate/Container/Util.php(41): Illuminate/Container/BoundMethod::{closure:Illuminate/Container/BoundMethod::call():35}()
#2 D:/Project/cmms/vendor/laravel/framework/src/Illuminate/Container/BoundMethod.php(93): Illuminate/Container/Util::unwrapIfClosure()
#3 D:/Project/cmms/vendor/laravel/framework/src/Illuminate/Container/BoundMethod.php(35): Illuminate/Container/BoundMethod::callBoundMethod()
#4 D:/Project/cmms/vendor/laravel/framework/src/Illuminate/Container/Container.php(662): Illuminate/Container/BoundMethod::call()
#5 D:/Project/cmms/vendor/laravel/framework/src/Illuminate/Console/Command.php(211): Illuminate/Container/Container->call()
#6 D:/Project/cmms/vendor/symfony/console/Command/Command.php(326): Illuminate/Console/Command->execute()
#7 D:/Project/cmms/vendor/laravel/framework/src/Illuminate/Console/Command.php(180): Symfony/Component/Console/Command/Command->run()
#8 D:/Project/cmms/vendor/laravel/framework/src/Illuminate/Console/Concerns/CallsCommands.php(67): Illuminate/Console/Command->run()
#9 D:/Project/cmms/vendor/laravel/framework/src/Illuminate/Console/Concerns/CallsCommands.php(40): Illuminate/Console/Command->runCommand()
#10 D:/Project/cmms/vendor/laravel/framework/src/Illuminate/Foundation/Console/OptimizeClearCommand.php(36): Illuminate/Console/Command->callSilent()
#11 D:/Project/cmms/vendor/laravel/framework/src/Illuminate/Console/View/Components/Task.php(37): Illuminate/Foundation/Console/OptimizeClearCommand->{closure:Illuminate/Foundation/Console/OptimizeClearCommand::handle():36}()
#12 D:/Project/cmms/vendor/laravel/framework/src/Illuminate/Console/View/Components/Factory.php(58): Illuminate/Console/View/Components/Task->render()
#13 D:/Project/cmms/vendor/laravel/framework/src/Illuminate/Foundation/Console/OptimizeClearCommand.php(41): Illuminate/Console/View/Components/Factory->__call()
#14 D:/Project/cmms/vendor/laravel/framework/src/Illuminate/Collections/Traits/EnumeratesValues.php(240): Illuminate/Foundation/Console/OptimizeClearCommand->{closure:Illuminate/Foundation/Console/OptimizeClearCommand::handle():41}()
#15 D:/Project/cmms/vendor/laravel/framework/src/Illuminate/Foundation/Console/OptimizeClearCommand.php(41): Illuminate/Support/Collection->each()
#16 D:/Project/cmms/vendor/laravel/framework/src/Illuminate/Container/BoundMethod.php(36): Illuminate/Foundation/Console/OptimizeClearCommand->handle()
#17 D:/Project/cmms/vendor/laravel/framework/src/Illuminate/Container/Util.php(41): Illuminate/Container/BoundMethod::{closure:Illuminate/Container/BoundMethod::call():35}()
#18 D:/Project/cmms/vendor/laravel/framework/src/Illuminate/Container/BoundMethod.php(93): Illuminate/Container/Util::unwrapIfClosure()
#19 D:/Project/cmms/vendor/laravel/framework/src/Illuminate/Container/BoundMethod.php(35): Illuminate/Container/BoundMethod::callBoundMethod()
#20 D:/Project/cmms/vendor/laravel/framework/src/Illuminate/Container/Container.php(662): Illuminate/Container/BoundMethod::call()
#21 D:/Project/cmms/vendor/laravel/framework/src/Illuminate/Console/Command.php(211): Illuminate/Container/Container->call()
#22 D:/Project/cmms/vendor/symfony/console/Command/Command.php(326): Illuminate/Console/Command->execute()
#23 D:/Project/cmms/vendor/laravel/framework/src/Illuminate/Console/Command.php(180): Symfony/Component/Console/Command/Command->run()
#24 D:/Project/cmms/vendor/symfony/console/Application.php(1121): Illuminate/Console/Command->run()
#25 D:/Project/cmms/vendor/symfony/console/Application.php(324): Symfony/Component/Console/Application->doRunCommand()
#26 D:/Project/cmms/vendor/symfony/console/Application.php(175): Symfony/Component/Console/Application->doRun()
#27 D:/Project/cmms/vendor/laravel/framework/src/Illuminate/Foundation/Console/Kernel.php(201): Symfony/Component/Console/Application->run()
#28 D:/Project/cmms/artisan(14): Illuminate/Foundation/Console/Kernel->handle()
#29 {main}
"} 
[2026-08-09 00:26:05] local.ERROR: Please provide a valid cache path. {"exception":"[object] (InvalidArgumentException(code: 0): Please provide a valid cache path. at D:/Project/cmms/vendor/laravel/framework/src/Illuminate/View/Compilers/Compiler.php:67)
[stacktrace]
#0 D:/Project/cmms/vendor/laravel/framework/src/Illuminate/View/ViewServiceProvider.php(97): Illuminate/View/Compilers/Compiler->__construct()
#1 D:/Project/cmms/vendor/laravel/framework/src/Illuminate/Container/Container.php(908): Illuminate/View/ViewServiceProvider->{closure:Illuminate/View/ViewServiceProvider::registerBladeCompiler():96}()
#2 D:/Project/cmms/vendor/laravel/framework/src/Illuminate/Container/Container.php(795): Illuminate/Container/Container->build()
#3 D:/Project/cmms/vendor/laravel/framework/src/Illuminate/Foundation/Application.php(986): Illuminate/Container/Container->resolve()
#4 D:/Project/cmms/vendor/laravel/framework/src/Illuminate/Container/Container.php(731): Illuminate/Foundation/Application->resolve()
#5 D:/Project/cmms/vendor/laravel/framework/src/Illuminate/Foundation/Application.php(971): Illuminate/Container/Container->make()
#6 D:/Project/cmms/vendor/laravel/framework/src/Illuminate/View/ViewServiceProvider.php(168): Illuminate/Foundation/Application->make()
#7 [internal function]: Illuminate/View/ViewServiceProvider->{closure:Illuminate/View/ViewServiceProvider::registerBladeEngine():164}()
#8 D:/Project/cmms/vendor/laravel/framework/src/Illuminate/View/Engines/EngineResolver.php(55): call_user_func()
#9 D:/Project/cmms/vendor/laravel/framework/src/Illuminate/View/Factory.php(310): Illuminate/View/Engines/EngineResolver->resolve()
#10 D:/Project/cmms/vendor/laravel/framework/src/Illuminate/View/Factory.php(274): Illuminate/View/Factory->getEngineFromPath()
#11 D:/Project/cmms/vendor/laravel/framework/src/Illuminate/View/Factory.php(146): Illuminate/View/Factory->viewInstance()
#12 D:/Project/cmms/vendor/laravel/framework/src/Illuminate/Routing/ResponseFactory.php(88): Illuminate/View/Factory->make()
#13 D:/Project/cmms/vendor/laravel/framework/src/Illuminate/Foundation/Exceptions/Handler.php(723): Illuminate/Routing/ResponseFactory->view()
#14 D:/Project/cmms/vendor/laravel/framework/src/Illuminate/Foundation/Exceptions/Handler.php(650): Illuminate/Foundation/Exceptions/Handler->renderHttpException()
#15 D:/Project/cmms/vendor/laravel/framework/src/Illuminate/Foundation/Exceptions/Handler.php(556): Illuminate/Foundation/Exceptions/Handler->prepareResponse()
#16 D:/Project/cmms/vendor/laravel/framework/src/Illuminate/Foundation/Exceptions/Handler.php(473): Illuminate/Foundation/Exceptions/Handler->renderExceptionResponse()
#17 D:/Project/cmms/vendor/laravel/framework/src/Illuminate/Routing/Pipeline.php(51): Illuminate/Foundation/Exceptions/Handler->render()
#18 D:/Project/cmms/vendor/laravel/framework/src/Illuminate/Pipeline/Pipeline.php(146): Illuminate/Routing/Pipeline->handleException()
#19 D:/Project/cmms/vendor/laravel/framework/src/Illuminate/Pipeline/Pipeline.php(119): Illuminate/Pipeline/Pipeline->{closure:Illuminate/Pipeline/Pipeline::prepareDestination():142}()
#20 D:/Project/cmms/vendor/laravel/framework/src/Illuminate/Foundation/Http/Kernel.php(175): Illuminate/Pipeline/Pipeline->then()
#21 D:/Project/cmms/vendor/laravel/framework/src/Illuminate/Foundation/Http/Kernel.php(144): Illuminate/Foundation/Http/Kernel->sendRequestThroughRouter()
#22 D:/Project/cmms/public/index.php(14): Illuminate/Foundation/Http/Kernel->handle()
#23 D:/Project/cmms/vendor/laravel/framework/src/Illuminate/Foundation/resources/server.php(16): require_once('...')
#24 {main}
"} 
[2026-08-09 00:26:12] local.ERROR: Please provide a valid cache path. {"exception":"[object] (InvalidArgumentException(code: 0): Please provide a valid cache path. at D:/Project/cmms/vendor/laravel/framework/src/Illuminate/View/Compilers/Compiler.php:67)
[stacktrace]
#0 D:/Project/cmms/vendor/laravel/framework/src/Illuminate/View/ViewServiceProvider.php(97): Illuminate/View/Compilers/Compiler->__construct()
#1 D:/Project/cmms/vendor/laravel/framework/src/Illuminate/Container/Container.php(908): Illuminate/View/ViewServiceProvider->{closure:Illuminate/View/ViewServiceProvider::registerBladeCompiler():96}()
#2 D:/Project/cmms/vendor/laravel/framework/src/Illuminate/Container/Container.php(795): Illuminate/Container/Container->build()
#3 D:/Project/cmms/vendor/laravel/framework/src/Illuminate/Foundation/Application.php(986): Illuminate/Container/Container->resolve()
#4 D:/Project/cmms/vendor/laravel/framework/src/Illuminate/Container/Container.php(731): Illuminate/Foundation/Application->resolve()
#5 D:/Project/cmms/vendor/laravel/framework/src/Illuminate/Foundation/Application.php(971): Illuminate/Container/Container->make()
#6 D:/Project/cmms/vendor/laravel/framework/src/Illuminate/View/ViewServiceProvider.php(168): Illuminate/Foundation/Application->make()
#7 [internal function]: Illuminate/View/ViewServiceProvider->{closure:Illuminate/View/ViewServiceProvider::registerBladeEngine():164}()
#8 D:/Project/cmms/vendor/laravel/framework/src/Illuminate/View/Engines/EngineResolver.php(55): call_user_func()
#9 D:/Project/cmms/vendor/laravel/framework/src/Illuminate/View/Factory.php(310): Illuminate/View/Engines/EngineResolver->resolve()
#10 D:/Project/cmms/vendor/laravel/framework/src/Illuminate/View/Factory.php(274): Illuminate/View/Factory->getEngineFromPath()
#11 D:/Project/cmms/vendor/laravel/framework/src/Illuminate/View/Factory.php(146): Illuminate/View/Factory->viewInstance()
#12 D:/Project/cmms/vendor/laravel/framework/src/Illuminate/Routing/ResponseFactory.php(88): Illuminate/View/Factory->make()
#13 D:/Project/cmms/vendor/laravel/framework/src/Illuminate/Foundation/Exceptions/Handler.php(723): Illuminate/Routing/ResponseFactory->view()
#14 D:/Project/cmms/vendor/laravel/framework/src/Illuminate/Foundation/Exceptions/Handler.php(650): Illuminate/Foundation/Exceptions/Handler->renderHttpException()
#15 D:/Project/cmms/vendor/laravel/framework/src/Illuminate/Foundation/Exceptions/Handler.php(556): Illuminate/Foundation/Exceptions/Handler->prepareResponse()
#16 D:/Project/cmms/vendor/laravel/framework/src/Illuminate/Foundation/Exceptions/Handler.php(473): Illuminate/Foundation/Exceptions/Handler->renderExceptionResponse()
#17 D:/Project/cmms/vendor/laravel/framework/src/Illuminate/Routing/Pipeline.php(51): Illuminate/Foundation/Exceptions/Handler->render()
#18 D:/Project/cmms/vendor/laravel/framework/src/Illuminate/Pipeline/Pipeline.php(146): Illuminate/Routing/Pipeline->handleException()
#19 D:/Project/cmms/vendor/laravel/framework/src/Illuminate/Pipeline/Pipeline.php(119): Illuminate/Pipeline/Pipeline->{closure:Illuminate/Pipeline/Pipeline::prepareDestination():142}()
#20 D:/Project/cmms/vendor/laravel/framework/src/Illuminate/Foundation/Http/Kernel.php(175): Illuminate/Pipeline/Pipeline->then()
#21 D:/Project/cmms/vendor/laravel/framework/src/Illuminate/Foundation/Http/Kernel.php(144): Illuminate/Foundation/Http/Kernel->sendRequestThroughRouter()
#22 D:/Project/cmms/public/index.php(14): Illuminate/Foundation/Http/Kernel->handle()
#23 D:/Project/cmms/vendor/laravel/framework/src/Illuminate/Foundation/resources/server.php(16): require_once('...')
#24 {main}
"} 
[2026-08-09 00:29:54] local.ERROR: Class "Fideloper\Proxy\TrustProxies" not found {"exception":"[object] (Error(code: 0): Class \"Fideloper\\Proxy\\TrustProxies\" not found at D:/Project/cmms/app/Http/Middleware/TrustProxies.php:8)
[stacktrace]
#0 D:/Project/cmms/vendor/composer/ClassLoader.php(576): include()
#1 D:/Project/cmms/vendor/composer/ClassLoader.php(427): {closure:Composer/Autoload/ClassLoader::initializeIncludeClosure():575}()
#2 [internal function]: Composer/Autoload/ClassLoader->loadClass()
#3 D:/Project/cmms/vendor/laravel/framework/src/Illuminate/Container/Container.php(912): ReflectionClass->__construct()
#4 D:/Project/cmms/vendor/laravel/framework/src/Illuminate/Container/Container.php(795): Illuminate/Container/Container->build()
#5 D:/Project/cmms/vendor/laravel/framework/src/Illuminate/Foundation/Application.php(986): Illuminate/Container/Container->resolve()
#6 D:/Project/cmms/vendor/laravel/framework/src/Illuminate/Container/Container.php(731): Illuminate/Foundation/Application->resolve()
#7 D:/Project/cmms/vendor/laravel/framework/src/Illuminate/Foundation/Application.php(971): Illuminate/Container/Container->make()
#8 D:/Project/cmms/vendor/laravel/framework/src/Illuminate/Pipeline/Pipeline.php(172): Illuminate/Foundation/Application->make()
#9 D:/Project/cmms/vendor/laravel/framework/src/Illuminate/Foundation/Http/Middleware/TransformsRequest.php(21): Illuminate/Pipeline/Pipeline->{closure:{closure:Illuminate/Pipeline/Pipeline::carry():158}:159}()
#10 D:/Project/cmms/vendor/laravel/framework/src/Illuminate/Foundation/Http/Middleware/ConvertEmptyStringsToNull.php(31): Illuminate/Foundation/Http/Middleware/TransformsRequest->handle()
#11 D:/Project/cmms/vendor/laravel/framework/src/Illuminate/Pipeline/Pipeline.php(183): Illuminate/Foundation/Http/Middleware/ConvertEmptyStringsToNull->handle()
#12 D:/Project/cmms/vendor/laravel/framework/src/Illuminate/Foundation/Http/Middleware/TransformsRequest.php(21): Illuminate/Pipeline/Pipeline->{closure:{closure:Illuminate/Pipeline/Pipeline::carry():158}:159}()
#13 D:/Project/cmms/vendor/laravel/framework/src/Illuminate/Foundation/Http/Middleware/TrimStrings.php(40): Illuminate/Foundation/Http/Middleware/TransformsRequest->handle()
#14 D:/Project/cmms/vendor/laravel/framework/src/Illuminate/Pipeline/Pipeline.php(183): Illuminate/Foundation/Http/Middleware/TrimStrings->handle()
#15 D:/Project/cmms/vendor/laravel/framework/src/Illuminate/Foundation/Http/Middleware/ValidatePostSize.php(27): Illuminate/Pipeline/Pipeline->{closure:{closure:Illuminate/Pipeline/Pipeline::carry():158}:159}()
#16 D:/Project/cmms/vendor/laravel/framework/src/Illuminate/Pipeline/Pipeline.php(183): Illuminate/Foundation/Http/Middleware/ValidatePostSize->handle()
#17 D:/Project/cmms/vendor/laravel/framework/src/Illuminate/Foundation/Http/Middleware/PreventRequestsDuringMaintenance.php(99): Illuminate/Pipeline/Pipeline->{closure:{closure:Illuminate/Pipeline/Pipeline::carry():158}:159}()
#18 D:/Project/cmms/vendor/laravel/framework/src/Illuminate/Pipeline/Pipeline.php(183): Illuminate/Foundation/Http/Middleware/PreventRequestsDuringMaintenance->handle()
#19 D:/Project/cmms/vendor/laravel/framework/src/Illuminate/Pipeline/Pipeline.php(119): Illuminate/Pipeline/Pipeline->{closure:{closure:Illuminate/Pipeline/Pipeline::carry():158}:159}()
#20 D:/Project/cmms/vendor/laravel/framework/src/Illuminate/Foundation/Http/Kernel.php(175): Illuminate/Pipeline/Pipeline->then()
#21 D:/Project/cmms/vendor/laravel/framework/src/Illuminate/Foundation/Http/Kernel.php(144): Illuminate/Foundation/Http/Kernel->sendRequestThroughRouter()
#22 Command line code(1): Illuminate/Foundation/Http/Kernel->handle()
#23 {main}
"} 
[2026-08-09 00:29:54] local.ERROR: Uncaught Error: Class "Fideloper\Proxy\TrustProxies" not found in D:\Project\cmms\app\Http\Middleware\TrustProxies.php:8
Stack trace:
#0 D:\Project\cmms\vendor\composer\ClassLoader.php(576): include()
#1 D:\Project\cmms\vendor\composer\ClassLoader.php(427): {closure:Composer\Autoload\ClassLoader::initializeIncludeClosure():575}()
#2 [internal function]: Composer\Autoload\ClassLoader->loadClass()
#3 D:\Project\cmms\vendor\laravel\framework\src\Illuminate\Container\Container.php(912): ReflectionClass->__construct()
#4 D:\Project\cmms\vendor\laravel\framework\src\Illuminate\Container\Container.php(795): Illuminate\Container\Container->build()
#5 D:\Project\cmms\vendor\laravel\framework\src\Illuminate\Foundation\Application.php(986): Illuminate\Container\Container->resolve()
#6 D:\Project\cmms\vendor\laravel\framework\src\Illuminate\Container\Container.php(731): Illuminate\Foundation\Application->resolve()
#7 D:\Project\cmms\vendor\laravel\framework\src\Illuminate\Foundation\Application.php(971): Illuminate\Container\Container->make()
#8 D:\Project\cmms\vendor\laravel\framework\src\Illuminate\Foundation\Http\Kernel.php(255): Illuminate\Foundation\Application->make()
#9 D:\Project\cmms\vendor\laravel\framework\src\Illuminate\Foundation\Http\Kernel.php(213): Illuminate\Foundation\Http\Kernel->terminateMiddleware()
#10 Command line code(1): Illuminate\Foundation\Http\Kernel->terminate()
#11 {main}
  thrown {"exception":"[object] (Symfony\\Component\\ErrorHandler\\Error\\FatalError(code: 0): Uncaught Error: Class \"Fideloper\\Proxy\\TrustProxies\" not found in D:\\Project\\cmms\\app\\Http\\Middleware\\TrustProxies.php:8
Stack trace:
#0 D:\\Project\\cmms\\vendor\\composer\\ClassLoader.php(576): include()
#1 D:\\Project\\cmms\\vendor\\composer\\ClassLoader.php(427): {closure:Composer\\Autoload\\ClassLoader::initializeIncludeClosure():575}()
#2 [internal function]: Composer\\Autoload\\ClassLoader->loadClass()
#3 D:\\Project\\cmms\\vendor\\laravel\\framework\\src\\Illuminate\\Container\\Container.php(912): ReflectionClass->__construct()
#4 D:\\Project\\cmms\\vendor\\laravel\\framework\\src\\Illuminate\\Container\\Container.php(795): Illuminate\\Container\\Container->build()
#5 D:\\Project\\cmms\\vendor\\laravel\\framework\\src\\Illuminate\\Foundation\\Application.php(986): Illuminate\\Container\\Container->resolve()
#6 D:\\Project\\cmms\\vendor\\laravel\\framework\\src\\Illuminate\\Container\\Container.php(731): Illuminate\\Foundation\\Application->resolve()
#7 D:\\Project\\cmms\\vendor\\laravel\\framework\\src\\Illuminate\\Foundation\\Application.php(971): Illuminate\\Container\\Container->make()
#8 D:\\Project\\cmms\\vendor\\laravel\\framework\\src\\Illuminate\\Foundation\\Http\\Kernel.php(255): Illuminate\\Foundation\\Application->make()
#9 D:\\Project\\cmms\\vendor\\laravel\\framework\\src\\Illuminate\\Foundation\\Http\\Kernel.php(213): Illuminate\\Foundation\\Http\\Kernel->terminateMiddleware()
#10 Command line code(1): Illuminate\\Foundation\\Http\\Kernel->terminate()
#11 {main}
  thrown at D:/Project/cmms/app/Http/Middleware/TrustProxies.php:8)
[stacktrace]
#0 {main}
"} 
[2026-08-09 00:30:36] local.ERROR: Target class [auth] does not exist. {"exception":"[object] (Illuminate\\Contracts\\Container\\BindingResolutionException(code: 0): Target class [auth] does not exist. at D:/Project/cmms/vendor/laravel/framework/src/Illuminate/Container/Container.php:914)
[stacktrace]
#0 D:/Project/cmms/vendor/laravel/framework/src/Illuminate/Container/Container.php(795): Illuminate/Container/Container->build()
#1 D:/Project/cmms/vendor/laravel/framework/src/Illuminate/Foundation/Application.php(986): Illuminate/Container/Container->resolve()
#2 D:/Project/cmms/vendor/laravel/framework/src/Illuminate/Container/Container.php(731): Illuminate/Foundation/Application->resolve()
#3 D:/Project/cmms/vendor/laravel/framework/src/Illuminate/Foundation/Application.php(971): Illuminate/Container/Container->make()
#4 D:/Project/cmms/vendor/laravel/framework/src/Illuminate/Foundation/helpers.php(120): Illuminate/Foundation/Application->make()
#5 D:/Project/cmms/vendor/laravel/framework/src/Illuminate/Foundation/helpers.php(164): app()
#6 D:/Project/cmms/vendor/laravel/framework/src/Illuminate/Pipeline/Pipeline.php(165): auth()
#7 D:/Project/cmms/vendor/laravel/framework/src/Illuminate/Pipeline/Pipeline.php(119): Illuminate/Pipeline/Pipeline->{closure:{closure:Illuminate/Pipeline/Pipeline::carry():158}:159}()
#8 D:/Project/cmms/vendor/laravel/framework/src/Illuminate/Routing/Router.php(805): Illuminate/Pipeline/Pipeline->then()
#9 D:/Project/cmms/vendor/laravel/framework/src/Illuminate/Routing/Router.php(784): Illuminate/Routing/Router->runRouteWithinStack()
#10 D:/Project/cmms/vendor/laravel/framework/src/Illuminate/Routing/Router.php(748): Illuminate/Routing/Router->runRoute()
#11 D:/Project/cmms/vendor/laravel/framework/src/Illuminate/Routing/Router.php(737): Illuminate/Routing/Router->dispatchToRoute()
#12 D:/Project/cmms/vendor/laravel/framework/src/Illuminate/Foundation/Http/Kernel.php(200): Illuminate/Routing/Router->dispatch()
#13 D:/Project/cmms/vendor/laravel/framework/src/Illuminate/Pipeline/Pipeline.php(144): Illuminate/Foundation/Http/Kernel->{closure:Illuminate/Foundation/Http/Kernel::dispatchToRouter():197}()
#14 D:/Project/cmms/vendor/laravel/framework/src/Illuminate/Pipeline/Pipeline.php(119): Illuminate/Pipeline/Pipeline->{closure:Illuminate/Pipeline/Pipeline::prepareDestination():142}()
#15 D:/Project/cmms/vendor/laravel/framework/src/Illuminate/Foundation/Http/Kernel.php(175): Illuminate/Pipeline/Pipeline->then()
#16 D:/Project/cmms/vendor/laravel/framework/src/Illuminate/Foundation/Http/Kernel.php(144): Illuminate/Foundation/Http/Kernel->sendRequestThroughRouter()
#17 D:/Project/cmms/public/index.php(14): Illuminate/Foundation/Http/Kernel->handle()
#18 D:/Project/cmms/vendor/laravel/framework/src/Illuminate/Foundation/resources/server.php(16): require_once('...')
#19 {main}

[previous exception] [object] (ReflectionException(code: -1): Class \"auth\" does not exist at D:/Project/cmms/vendor/laravel/framework/src/Illuminate/Container/Container.php:912)
[stacktrace]
#0 D:/Project/cmms/vendor/laravel/framework/src/Illuminate/Container/Container.php(912): ReflectionClass->__construct()
#1 D:/Project/cmms/vendor/laravel/framework/src/Illuminate/Container/Container.php(795): Illuminate/Container/Container->build()
#2 D:/Project/cmms/vendor/laravel/framework/src/Illuminate/Foundation/Application.php(986): Illuminate/Container/Container->resolve()
#3 D:/Project/cmms/vendor/laravel/framework/src/Illuminate/Container/Container.php(731): Illuminate/Foundation/Application->resolve()
#4 D:/Project/cmms/vendor/laravel/framework/src/Illuminate/Foundation/Application.php(971): Illuminate/Container/Container->make()
#5 D:/Project/cmms/vendor/laravel/framework/src/Illuminate/Foundation/helpers.php(120): Illuminate/Foundation/Application->make()
#6 D:/Project/cmms/vendor/laravel/framework/src/Illuminate/Foundation/helpers.php(164): app()
#7 D:/Project/cmms/vendor/laravel/framework/src/Illuminate/Pipeline/Pipeline.php(165): auth()
#8 D:/Project/cmms/vendor/laravel/framework/src/Illuminate/Pipeline/Pipeline.php(119): Illuminate/Pipeline/Pipeline->{closure:{closure:Illuminate/Pipeline/Pipeline::carry():158}:159}()
#9 D:/Project/cmms/vendor/laravel/framework/src/Illuminate/Routing/Router.php(805): Illuminate/Pipeline/Pipeline->then()
#10 D:/Project/cmms/vendor/laravel/framework/src/Illuminate/Routing/Router.php(784): Illuminate/Routing/Router->runRouteWithinStack()
#11 D:/Project/cmms/vendor/laravel/framework/src/Illuminate/Routing/Router.php(748): Illuminate/Routing/Router->runRoute()
#12 D:/Project/cmms/vendor/laravel/framework/src/Illuminate/Routing/Router.php(737): Illuminate/Routing/Router->dispatchToRoute()
#13 D:/Project/cmms/vendor/laravel/framework/src/Illuminate/Foundation/Http/Kernel.php(200): Illuminate/Routing/Router->dispatch()
#14 D:/Project/cmms/vendor/laravel/framework/src/Illuminate/Pipeline/Pipeline.php(144): Illuminate/Foundation/Http/Kernel->{closure:Illuminate/Foundation/Http/Kernel::dispatchToRouter():197}()
#15 D:/Project/cmms/vendor/laravel/framework/src/Illuminate/Pipeline/Pipeline.php(119): Illuminate/Pipeline/Pipeline->{closure:Illuminate/Pipeline/Pipeline::prepareDestination():142}()
#16 D:/Project/cmms/vendor/laravel/framework/src/Illuminate/Foundation/Http/Kernel.php(175): Illuminate/Pipeline/Pipeline->then()
#17 D:/Project/cmms/vendor/laravel/framework/src/Illuminate/Foundation/Http/Kernel.php(144): Illuminate/Foundation/Http/Kernel->sendRequestThroughRouter()
#18 D:/Project/cmms/public/index.php(14): Illuminate/Foundation/Http/Kernel->handle()
#19 D:/Project/cmms/vendor/laravel/framework/src/Illuminate/Foundation/resources/server.php(16): require_once('...')
#20 {main}
"} 
[2026-08-09 00:30:36] local.ERROR: Target class [auth] does not exist. {"exception":"[object] (Illuminate\\Contracts\\Container\\BindingResolutionException(code: 0): Target class [auth] does not exist. at D:/Project/cmms/vendor/laravel/framework/src/Illuminate/Container/Container.php:914)
[stacktrace]
#0 D:/Project/cmms/vendor/laravel/framework/src/Illuminate/Container/Container.php(795): Illuminate/Container/Container->build()
#1 D:/Project/cmms/vendor/laravel/framework/src/Illuminate/Foundation/Application.php(986): Illuminate/Container/Container->resolve()
#2 D:/Project/cmms/vendor/laravel/framework/src/Illuminate/Container/Container.php(731): Illuminate/Foundation/Application->resolve()
#3 D:/Project/cmms/vendor/laravel/framework/src/Illuminate/Foundation/Application.php(971): Illuminate/Container/Container->make()
#4 D:/Project/cmms/vendor/laravel/framework/src/Illuminate/Foundation/Http/Kernel.php(255): Illuminate/Foundation/Application->make()
#5 D:/Project/cmms/vendor/laravel/framework/src/Illuminate/Foundation/Http/Kernel.php(213): Illuminate/Foundation/Http/Kernel->terminateMiddleware()
#6 D:/Project/cmms/public/index.php(20): Illuminate/Foundation/Http/Kernel->terminate()
#7 D:/Project/cmms/vendor/laravel/framework/src/Illuminate/Foundation/resources/server.php(16): require_once('...')
#8 {main}

[previous exception] [object] (ReflectionException(code: -1): Class \"auth\" does not exist at D:/Project/cmms/vendor/laravel/framework/src/Illuminate/Container/Container.php:912)
[stacktrace]
#0 D:/Project/cmms/vendor/laravel/framework/src/Illuminate/Container/Container.php(912): ReflectionClass->__construct()
#1 D:/Project/cmms/vendor/laravel/framework/src/Illuminate/Container/Container.php(795): Illuminate/Container/Container->build()
#2 D:/Project/cmms/vendor/laravel/framework/src/Illuminate/Foundation/Application.php(986): Illuminate/Container/Container->resolve()
#3 D:/Project/cmms/vendor/laravel/framework/src/Illuminate/Container/Container.php(731): Illuminate/Foundation/Application->resolve()
#4 D:/Project/cmms/vendor/laravel/framework/src/Illuminate/Foundation/Application.php(971): Illuminate/Container/Container->make()
#5 D:/Project/cmms/vendor/laravel/framework/src/Illuminate/Foundation/Http/Kernel.php(255): Illuminate/Foundation/Application->make()
#6 D:/Project/cmms/vendor/laravel/framework/src/Illuminate/Foundation/Http/Kernel.php(213): Illuminate/Foundation/Http/Kernel->terminateMiddleware()
#7 D:/Project/cmms/public/index.php(20): Illuminate/Foundation/Http/Kernel->terminate()
#8 D:/Project/cmms/vendor/laravel/framework/src/Illuminate/Foundation/resources/server.php(16): require_once('...')
#9 {main}
"} 
[2026-08-09 00:30:50] local.ERROR: Database file at path [database/database.sqlite] does not exist. Ensure this is an absolute path to the database. (Connection: sqlite, SQL: PRAGMA foreign_keys = ON;) {"exception":"[object] (Illuminate\\Database\\QueryException(code: 0): Database file at path [database/database.sqlite] does not exist. Ensure this is an absolute path to the database. (Connection: sqlite, SQL: PRAGMA foreign_keys = ON;) at D:/Project/cmms/vendor/laravel/framework/src/Illuminate/Database/Connection.php:829)
[stacktrace]
#0 D:/Project/cmms/vendor/laravel/framework/src/Illuminate/Database/Connection.php(783): Illuminate/Database/Connection->runQueryCallback()
#1 D:/Project/cmms/vendor/laravel/framework/src/Illuminate/Database/Connection.php(576): Illuminate/Database/Connection->run()
#2 D:/Project/cmms/vendor/laravel/framework/src/Illuminate/Database/Schema/Builder.php(560): Illuminate/Database/Connection->statement()
#3 D:/Project/cmms/vendor/laravel/framework/src/Illuminate/Database/SQLiteConnection.php(36): Illuminate/Database/Schema/Builder->enableForeignKeyConstraints()
#4 D:/Project/cmms/vendor/laravel/framework/src/Illuminate/Database/Connectors/ConnectionFactory.php(272): Illuminate/Database/SQLiteConnection->__construct()
#5 D:/Project/cmms/vendor/laravel/framework/src/Illuminate/Database/Connectors/ConnectionFactory.php(75): Illuminate/Database/Connectors/ConnectionFactory->createConnection()
#6 D:/Project/cmms/vendor/laravel/framework/src/Illuminate/Database/Connectors/ConnectionFactory.php(50): Illuminate/Database/Connectors/ConnectionFactory->createSingleConnection()
#7 D:/Project/cmms/vendor/laravel/framework/src/Illuminate/Database/DatabaseManager.php(175): Illuminate/Database/Connectors/ConnectionFactory->make()
#8 D:/Project/cmms/vendor/laravel/framework/src/Illuminate/Database/DatabaseManager.php(101): Illuminate/Database/DatabaseManager->makeConnection()
#9 D:/Project/cmms/vendor/laravel/framework/src/Illuminate/Database/DatabaseManager.php(509): Illuminate/Database/DatabaseManager->connection()
#10 D:/Project/cmms/vendor/laravel/framework/src/Illuminate/Support/Facades/Facade.php(355): Illuminate/Database/DatabaseManager->__call()
#11 D:/Project/cmms/app/Http/Controllers/CMMSController.php(23): Illuminate/Support/Facades/Facade::__callStatic()
#12 D:/Project/cmms/vendor/laravel/framework/src/Illuminate/Routing/Controller.php(54): App/Http/Controllers/CMMSController->login()
#13 D:/Project/cmms/vendor/laravel/framework/src/Illuminate/Routing/ControllerDispatcher.php(43): Illuminate/Routing/Controller->callAction()
#14 D:/Project/cmms/vendor/laravel/framework/src/Illuminate/Routing/Route.php(259): Illuminate/Routing/ControllerDispatcher->dispatch()
#15 D:/Project/cmms/vendor/laravel/framework/src/Illuminate/Routing/Route.php(205): Illuminate/Routing/Route->runController()
#16 D:/Project/cmms/vendor/laravel/framework/src/Illuminate/Routing/Router.php(806): Illuminate/Routing/Route->run()
#17 D:/Project/cmms/vendor/laravel/framework/src/Illuminate/Pipeline/Pipeline.php(144): Illuminate/Routing/Router->{closure:Illuminate/Routing/Router::runRouteWithinStack():805}()
#18 D:/Project/cmms/vendor/laravel/framework/src/Illuminate/Pipeline/Pipeline.php(119): Illuminate/Pipeline/Pipeline->{closure:Illuminate/Pipeline/Pipeline::prepareDestination():142}()
#19 D:/Project/cmms/vendor/laravel/framework/src/Illuminate/Routing/Router.php(805): Illuminate/Pipeline/Pipeline->then()
#20 D:/Project/cmms/vendor/laravel/framework/src/Illuminate/Routing/Router.php(784): Illuminate/Routing/Router->runRouteWithinStack()
#21 D:/Project/cmms/vendor/laravel/framework/src/Illuminate/Routing/Router.php(748): Illuminate/Routing/Router->runRoute()
#22 D:/Project/cmms/vendor/laravel/framework/src/Illuminate/Routing/Router.php(737): Illuminate/Routing/Router->dispatchToRoute()
#23 D:/Project/cmms/vendor/laravel/framework/src/Illuminate/Foundation/Http/Kernel.php(200): Illuminate/Routing/Router->dispatch()
#24 D:/Project/cmms/vendor/laravel/framework/src/Illuminate/Pipeline/Pipeline.php(144): Illuminate/Foundation/Http/Kernel->{closure:Illuminate/Foundation/Http/Kernel::dispatchToRouter():197}()
#25 D:/Project/cmms/vendor/laravel/framework/src/Illuminate/Pipeline/Pipeline.php(119): Illuminate/Pipeline/Pipeline->{closure:Illuminate/Pipeline/Pipeline::prepareDestination():142}()
#26 D:/Project/cmms/vendor/laravel/framework/src/Illuminate/Foundation/Http/Kernel.php(175): Illuminate/Pipeline/Pipeline->then()
#27 D:/Project/cmms/vendor/laravel/framework/src/Illuminate/Foundation/Http/Kernel.php(144): Illuminate/Foundation/Http/Kernel->sendRequestThroughRouter()
#28 D:/Project/cmms/public/index.php(14): Illuminate/Foundation/Http/Kernel->handle()
#29 D:/Project/cmms/vendor/laravel/framework/src/Illuminate/Foundation/resources/server.php(16): require_once('...')
#30 {main}

[previous exception] [object] (Illuminate\\Database\\SQLiteDatabaseDoesNotExistException(code: 0): Database file at path [database/database.sqlite] does not exist. Ensure this is an absolute path to the database. at D:/Project/cmms/vendor/laravel/framework/src/Illuminate/Database/Connectors/SQLiteConnector.php:34)
[stacktrace]
#0 D:/Project/cmms/vendor/laravel/framework/src/Illuminate/Database/Connectors/ConnectionFactory.php(221): Illuminate/Database/Connectors/SQLiteConnector->connect()
#1 [internal function]: Illuminate/Database/Connectors/ConnectionFactory->{closure:Illuminate/Database/Connectors/ConnectionFactory::createPdoResolverWithoutHosts():221}()
#2 D:/Project/cmms/vendor/laravel/framework/src/Illuminate/Database/Connection.php(1339): call_user_func()
#3 D:/Project/cmms/vendor/laravel/framework/src/Illuminate/Database/Connection.php(581): Illuminate/Database/Connection->getPdo()
#4 D:/Project/cmms/vendor/laravel/framework/src/Illuminate/Database/Connection.php(816): Illuminate/Database/Connection->{closure:Illuminate/Database/Connection::statement():576}()
#5 D:/Project/cmms/vendor/laravel/framework/src/Illuminate/Database/Connection.php(783): Illuminate/Database/Connection->runQueryCallback()
#6 D:/Project/cmms/vendor/laravel/framework/src/Illuminate/Database/Connection.php(576): Illuminate/Database/Connection->run()
#7 D:/Project/cmms/vendor/laravel/framework/src/Illuminate/Database/Schema/Builder.php(560): Illuminate/Database/Connection->statement()
#8 D:/Project/cmms/vendor/laravel/framework/src/Illuminate/Database/SQLiteConnection.php(36): Illuminate/Database/Schema/Builder->enableForeignKeyConstraints()
#9 D:/Project/cmms/vendor/laravel/framework/src/Illuminate/Database/Connectors/ConnectionFactory.php(272): Illuminate/Database/SQLiteConnection->__construct()
#10 D:/Project/cmms/vendor/laravel/framework/src/Illuminate/Database/Connectors/ConnectionFactory.php(75): Illuminate/Database/Connectors/ConnectionFactory->createConnection()
#11 D:/Project/cmms/vendor/laravel/framework/src/Illuminate/Database/Connectors/ConnectionFactory.php(50): Illuminate/Database/Connectors/ConnectionFactory->createSingleConnection()
#12 D:/Project/cmms/vendor/laravel/framework/src/Illuminate/Database/DatabaseManager.php(175): Illuminate/Database/Connectors/ConnectionFactory->make()
#13 D:/Project/cmms/vendor/laravel/framework/src/Illuminate/Database/DatabaseManager.php(101): Illuminate/Database/DatabaseManager->makeConnection()
#14 D:/Project/cmms/vendor/laravel/framework/src/Illuminate/Database/DatabaseManager.php(509): Illuminate/Database/DatabaseManager->connection()
#15 D:/Project/cmms/vendor/laravel/framework/src/Illuminate/Support/Facades/Facade.php(355): Illuminate/Database/DatabaseManager->__call()
#16 D:/Project/cmms/app/Http/Controllers/CMMSController.php(23): Illuminate/Support/Facades/Facade::__callStatic()
#17 D:/Project/cmms/vendor/laravel/framework/src/Illuminate/Routing/Controller.php(54): App/Http/Controllers/CMMSController->login()
#18 D:/Project/cmms/vendor/laravel/framework/src/Illuminate/Routing/ControllerDispatcher.php(43): Illuminate/Routing/Controller->callAction()
#19 D:/Project/cmms/vendor/laravel/framework/src/Illuminate/Routing/Route.php(259): Illuminate/Routing/ControllerDispatcher->dispatch()
#20 D:/Project/cmms/vendor/laravel/framework/src/Illuminate/Routing/Route.php(205): Illuminate/Routing/Route->runController()
#21 D:/Project/cmms/vendor/laravel/framework/src/Illuminate/Routing/Router.php(806): Illuminate/Routing/Route->run()
#22 D:/Project/cmms/vendor/laravel/framework/src/Illuminate/Pipeline/Pipeline.php(144): Illuminate/Routing/Router->{closure:Illuminate/Routing/Router::runRouteWithinStack():805}()
#23 D:/Project/cmms/vendor/laravel/framework/src/Illuminate/Pipeline/Pipeline.php(119): Illuminate/Pipeline/Pipeline->{closure:Illuminate/Pipeline/Pipeline::prepareDestination():142}()
#24 D:/Project/cmms/vendor/laravel/framework/src/Illuminate/Routing/Router.php(805): Illuminate/Pipeline/Pipeline->then()
#25 D:/Project/cmms/vendor/laravel/framework/src/Illuminate/Routing/Router.php(784): Illuminate/Routing/Router->runRouteWithinStack()
#26 D:/Project/cmms/vendor/laravel/framework/src/Illuminate/Routing/Router.php(748): Illuminate/Routing/Router->runRoute()
#27 D:/Project/cmms/vendor/laravel/framework/src/Illuminate/Routing/Router.php(737): Illuminate/Routing/Router->dispatchToRoute()
#28 D:/Project/cmms/vendor/laravel/framework/src/Illuminate/Foundation/Http/Kernel.php(200): Illuminate/Routing/Router->dispatch()
#29 D:/Project/cmms/vendor/laravel/framework/src/Illuminate/Pipeline/Pipeline.php(144): Illuminate/Foundation/Http/Kernel->{closure:Illuminate/Foundation/Http/Kernel::dispatchToRouter():197}()
#30 D:/Project/cmms/vendor/laravel/framework/src/Illuminate/Pipeline/Pipeline.php(119): Illuminate/Pipeline/Pipeline->{closure:Illuminate/Pipeline/Pipeline::prepareDestination():142}()
#31 D:/Project/cmms/vendor/laravel/framework/src/Illuminate/Foundation/Http/Kernel.php(175): Illuminate/Pipeline/Pipeline->then()
#32 D:/Project/cmms/vendor/laravel/framework/src/Illuminate/Foundation/Http/Kernel.php(144): Illuminate/Foundation/Http/Kernel->sendRequestThroughRouter()
#33 D:/Project/cmms/public/index.php(14): Illuminate/Foundation/Http/Kernel->handle()
#34 D:/Project/cmms/vendor/laravel/framework/src/Illuminate/Foundation/resources/server.php(16): require_once('...')
#35 {main}
"} 
[2026-08-09 00:31:25] local.ERROR: Target class [auth] does not exist. {"exception":"[object] (Illuminate\\Contracts\\Container\\BindingResolutionException(code: 0): Target class [auth] does not exist. at D:/Project/cmms/vendor/laravel/framework/src/Illuminate/Container/Container.php:914)
[stacktrace]
#0 D:/Project/cmms/vendor/laravel/framework/src/Illuminate/Container/Container.php(795): Illuminate/Container/Container->build()
#1 D:/Project/cmms/vendor/laravel/framework/src/Illuminate/Foundation/Application.php(986): Illuminate/Container/Container->resolve()
#2 D:/Project/cmms/vendor/laravel/framework/src/Illuminate/Container/Container.php(731): Illuminate/Foundation/Application->resolve()
#3 D:/Project/cmms/vendor/laravel/framework/src/Illuminate/Foundation/Application.php(971): Illuminate/Container/Container->make()
#4 D:/Project/cmms/vendor/laravel/framework/src/Illuminate/Foundation/helpers.php(120): Illuminate/Foundation/Application->make()
#5 D:/Project/cmms/vendor/laravel/framework/src/Illuminate/Foundation/helpers.php(164): app()
#6 D:/Project/cmms/vendor/laravel/framework/src/Illuminate/Pipeline/Pipeline.php(165): auth()
#7 D:/Project/cmms/vendor/laravel/framework/src/Illuminate/Pipeline/Pipeline.php(119): Illuminate/Pipeline/Pipeline->{closure:{closure:Illuminate/Pipeline/Pipeline::carry():158}:159}()
#8 D:/Project/cmms/vendor/laravel/framework/src/Illuminate/Routing/Router.php(805): Illuminate/Pipeline/Pipeline->then()
#9 D:/Project/cmms/vendor/laravel/framework/src/Illuminate/Routing/Router.php(784): Illuminate/Routing/Router->runRouteWithinStack()
#10 D:/Project/cmms/vendor/laravel/framework/src/Illuminate/Routing/Router.php(748): Illuminate/Routing/Router->runRoute()
#11 D:/Project/cmms/vendor/laravel/framework/src/Illuminate/Routing/Router.php(737): Illuminate/Routing/Router->dispatchToRoute()
#12 D:/Project/cmms/vendor/laravel/framework/src/Illuminate/Foundation/Http/Kernel.php(200): Illuminate/Routing/Router->dispatch()
#13 D:/Project/cmms/vendor/laravel/framework/src/Illuminate/Pipeline/Pipeline.php(144): Illuminate/Foundation/Http/Kernel->{closure:Illuminate/Foundation/Http/Kernel::dispatchToRouter():197}()
#14 D:/Project/cmms/vendor/laravel/framework/src/Illuminate/Pipeline/Pipeline.php(119): Illuminate/Pipeline/Pipeline->{closure:Illuminate/Pipeline/Pipeline::prepareDestination():142}()
#15 D:/Project/cmms/vendor/laravel/framework/src/Illuminate/Foundation/Http/Kernel.php(175): Illuminate/Pipeline/Pipeline->then()
#16 D:/Project/cmms/vendor/laravel/framework/src/Illuminate/Foundation/Http/Kernel.php(144): Illuminate/Foundation/Http/Kernel->sendRequestThroughRouter()
#17 D:/Project/cmms/public/index.php(14): Illuminate/Foundation/Http/Kernel->handle()
#18 D:/Project/cmms/vendor/laravel/framework/src/Illuminate/Foundation/resources/server.php(16): require_once('...')
#19 {main}

[previous exception] [object] (ReflectionException(code: -1): Class \"auth\" does not exist at D:/Project/cmms/vendor/laravel/framework/src/Illuminate/Container/Container.php:912)
[stacktrace]
#0 D:/Project/cmms/vendor/laravel/framework/src/Illuminate/Container/Container.php(912): ReflectionClass->__construct()
#1 D:/Project/cmms/vendor/laravel/framework/src/Illuminate/Container/Container.php(795): Illuminate/Container/Container->build()
#2 D:/Project/cmms/vendor/laravel/framework/src/Illuminate/Foundation/Application.php(986): Illuminate/Container/Container->resolve()
#3 D:/Project/cmms/vendor/laravel/framework/src/Illuminate/Container/Container.php(731): Illuminate/Foundation/Application->resolve()
#4 D:/Project/cmms/vendor/laravel/framework/src/Illuminate/Foundation/Application.php(971): Illuminate/Container/Container->make()
#5 D:/Project/cmms/vendor/laravel/framework/src/Illuminate/Foundation/helpers.php(120): Illuminate/Foundation/Application->make()
#6 D:/Project/cmms/vendor/laravel/framework/src/Illuminate/Foundation/helpers.php(164): app()
#7 D:/Project/cmms/vendor/laravel/framework/src/Illuminate/Pipeline/Pipeline.php(165): auth()
#8 D:/Project/cmms/vendor/laravel/framework/src/Illuminate/Pipeline/Pipeline.php(119): Illuminate/Pipeline/Pipeline->{closure:{closure:Illuminate/Pipeline/Pipeline::carry():158}:159}()
#9 D:/Project/cmms/vendor/laravel/framework/src/Illuminate/Routing/Router.php(805): Illuminate/Pipeline/Pipeline->then()
#10 D:/Project/cmms/vendor/laravel/framework/src/Illuminate/Routing/Router.php(784): Illuminate/Routing/Router->runRouteWithinStack()
#11 D:/Project/cmms/vendor/laravel/framework/src/Illuminate/Routing/Router.php(748): Illuminate/Routing/Router->runRoute()
#12 D:/Project/cmms/vendor/laravel/framework/src/Illuminate/Routing/Router.php(737): Illuminate/Routing/Router->dispatchToRoute()
#13 D:/Project/cmms/vendor/laravel/framework/src/Illuminate/Foundation/Http/Kernel.php(200): Illuminate/Routing/Router->dispatch()
#14 D:/Project/cmms/vendor/laravel/framework/src/Illuminate/Pipeline/Pipeline.php(144): Illuminate/Foundation/Http/Kernel->{closure:Illuminate/Foundation/Http/Kernel::dispatchToRouter():197}()
#15 D:/Project/cmms/vendor/laravel/framework/src/Illuminate/Pipeline/Pipeline.php(119): Illuminate/Pipeline/Pipeline->{closure:Illuminate/Pipeline/Pipeline::prepareDestination():142}()
#16 D:/Project/cmms/vendor/laravel/framework/src/Illuminate/Foundation/Http/Kernel.php(175): Illuminate/Pipeline/Pipeline->then()
#17 D:/Project/cmms/vendor/laravel/framework/src/Illuminate/Foundation/Http/Kernel.php(144): Illuminate/Foundation/Http/Kernel->sendRequestThroughRouter()
#18 D:/Project/cmms/public/index.php(14): Illuminate/Foundation/Http/Kernel->handle()
#19 D:/Project/cmms/vendor/laravel/framework/src/Illuminate/Foundation/resources/server.php(16): require_once('...')
#20 {main}
"} 
[2026-08-09 00:31:25] local.ERROR: Target class [auth] does not exist. {"exception":"[object] (Illuminate\\Contracts\\Container\\BindingResolutionException(code: 0): Target class [auth] does not exist. at D:/Project/cmms/vendor/laravel/framework/src/Illuminate/Container/Container.php:914)
[stacktrace]
#0 D:/Project/cmms/vendor/laravel/framework/src/Illuminate/Container/Container.php(795): Illuminate/Container/Container->build()
#1 D:/Project/cmms/vendor/laravel/framework/src/Illuminate/Foundation/Application.php(986): Illuminate/Container/Container->resolve()
#2 D:/Project/cmms/vendor/laravel/framework/src/Illuminate/Container/Container.php(731): Illuminate/Foundation/Application->resolve()
#3 D:/Project/cmms/vendor/laravel/framework/src/Illuminate/Foundation/Application.php(971): Illuminate/Container/Container->make()
#4 D:/Project/cmms/vendor/laravel/framework/src/Illuminate/Foundation/Http/Kernel.php(255): Illuminate/Foundation/Application->make()
#5 D:/Project/cmms/vendor/laravel/framework/src/Illuminate/Foundation/Http/Kernel.php(213): Illuminate/Foundation/Http/Kernel->terminateMiddleware()
#6 D:/Project/cmms/public/index.php(20): Illuminate/Foundation/Http/Kernel->terminate()
#7 D:/Project/cmms/vendor/laravel/framework/src/Illuminate/Foundation/resources/server.php(16): require_once('...')
#8 {main}

[previous exception] [object] (ReflectionException(code: -1): Class \"auth\" does not exist at D:/Project/cmms/vendor/laravel/framework/src/Illuminate/Container/Container.php:912)
[stacktrace]
#0 D:/Project/cmms/vendor/laravel/framework/src/Illuminate/Container/Container.php(912): ReflectionClass->__construct()
#1 D:/Project/cmms/vendor/laravel/framework/src/Illuminate/Container/Container.php(795): Illuminate/Container/Container->build()
#2 D:/Project/cmms/vendor/laravel/framework/src/Illuminate/Foundation/Application.php(986): Illuminate/Container/Container->resolve()
#3 D:/Project/cmms/vendor/laravel/framework/src/Illuminate/Container/Container.php(731): Illuminate/Foundation/Application->resolve()
#4 D:/Project/cmms/vendor/laravel/framework/src/Illuminate/Foundation/Application.php(971): Illuminate/Container/Container->make()
#5 D:/Project/cmms/vendor/laravel/framework/src/Illuminate/Foundation/Http/Kernel.php(255): Illuminate/Foundation/Application->make()
#6 D:/Project/cmms/vendor/laravel/framework/src/Illuminate/Foundation/Http/Kernel.php(213): Illuminate/Foundation/Http/Kernel->terminateMiddleware()
#7 D:/Project/cmms/public/index.php(20): Illuminate/Foundation/Http/Kernel->terminate()
#8 D:/Project/cmms/vendor/laravel/framework/src/Illuminate/Foundation/resources/server.php(16): require_once('...')
#9 {main}
"} 
[2026-08-09 00:31:32] local.ERROR: Database file at path [database/database.sqlite] does not exist. Ensure this is an absolute path to the database. (Connection: sqlite, SQL: PRAGMA foreign_keys = ON;) {"exception":"[object] (Illuminate\\Database\\QueryException(code: 0): Database file at path [database/database.sqlite] does not exist. Ensure this is an absolute path to the database. (Connection: sqlite, SQL: PRAGMA foreign_keys = ON;) at D:/Project/cmms/vendor/laravel/framework/src/Illuminate/Database/Connection.php:829)
[stacktrace]
#0 D:/Project/cmms/vendor/laravel/framework/src/Illuminate/Database/Connection.php(783): Illuminate/Database/Connection->runQueryCallback()
#1 D:/Project/cmms/vendor/laravel/framework/src/Illuminate/Database/Connection.php(576): Illuminate/Database/Connection->run()
#2 D:/Project/cmms/vendor/laravel/framework/src/Illuminate/Database/Schema/Builder.php(560): Illuminate/Database/Connection->statement()
#3 D:/Project/cmms/vendor/laravel/framework/src/Illuminate/Database/SQLiteConnection.php(36): Illuminate/Database/Schema/Builder->enableForeignKeyConstraints()
#4 D:/Project/cmms/vendor/laravel/framework/src/Illuminate/Database/Connectors/ConnectionFactory.php(272): Illuminate/Database/SQLiteConnection->__construct()
#5 D:/Project/cmms/vendor/laravel/framework/src/Illuminate/Database/Connectors/ConnectionFactory.php(75): Illuminate/Database/Connectors/ConnectionFactory->createConnection()
#6 D:/Project/cmms/vendor/laravel/framework/src/Illuminate/Database/Connectors/ConnectionFactory.php(50): Illuminate/Database/Connectors/ConnectionFactory->createSingleConnection()
#7 D:/Project/cmms/vendor/laravel/framework/src/Illuminate/Database/DatabaseManager.php(175): Illuminate/Database/Connectors/ConnectionFactory->make()
#8 D:/Project/cmms/vendor/laravel/framework/src/Illuminate/Database/DatabaseManager.php(101): Illuminate/Database/DatabaseManager->makeConnection()
#9 D:/Project/cmms/vendor/laravel/framework/src/Illuminate/Database/DatabaseManager.php(509): Illuminate/Database/DatabaseManager->connection()
#10 D:/Project/cmms/vendor/laravel/framework/src/Illuminate/Support/Facades/Facade.php(355): Illuminate/Database/DatabaseManager->__call()
#11 D:/Project/cmms/app/Http/Controllers/CMMSController.php(23): Illuminate/Support/Facades/Facade::__callStatic()
#12 D:/Project/cmms/vendor/laravel/framework/src/Illuminate/Routing/Controller.php(54): App/Http/Controllers/CMMSController->login()
#13 D:/Project/cmms/vendor/laravel/framework/src/Illuminate/Routing/ControllerDispatcher.php(43): Illuminate/Routing/Controller->callAction()
#14 D:/Project/cmms/vendor/laravel/framework/src/Illuminate/Routing/Route.php(259): Illuminate/Routing/ControllerDispatcher->dispatch()
#15 D:/Project/cmms/vendor/laravel/framework/src/Illuminate/Routing/Route.php(205): Illuminate/Routing/Route->runController()
#16 D:/Project/cmms/vendor/laravel/framework/src/Illuminate/Routing/Router.php(806): Illuminate/Routing/Route->run()
#17 D:/Project/cmms/vendor/laravel/framework/src/Illuminate/Pipeline/Pipeline.php(144): Illuminate/Routing/Router->{closure:Illuminate/Routing/Router::runRouteWithinStack():805}()
#18 D:/Project/cmms/vendor/laravel/framework/src/Illuminate/Pipeline/Pipeline.php(119): Illuminate/Pipeline/Pipeline->{closure:Illuminate/Pipeline/Pipeline::prepareDestination():142}()
#19 D:/Project/cmms/vendor/laravel/framework/src/Illuminate/Routing/Router.php(805): Illuminate/Pipeline/Pipeline->then()
#20 D:/Project/cmms/vendor/laravel/framework/src/Illuminate/Routing/Router.php(784): Illuminate/Routing/Router->runRouteWithinStack()
#21 D:/Project/cmms/vendor/laravel/framework/src/Illuminate/Routing/Router.php(748): Illuminate/Routing/Router->runRoute()
#22 D:/Project/cmms/vendor/laravel/framework/src/Illuminate/Routing/Router.php(737): Illuminate/Routing/Router->dispatchToRoute()
#23 D:/Project/cmms/vendor/laravel/framework/src/Illuminate/Foundation/Http/Kernel.php(200): Illuminate/Routing/Router->dispatch()
#24 D:/Project/cmms/vendor/laravel/framework/src/Illuminate/Pipeline/Pipeline.php(144): Illuminate/Foundation/Http/Kernel->{closure:Illuminate/Foundation/Http/Kernel::dispatchToRouter():197}()
#25 D:/Project/cmms/vendor/laravel/framework/src/Illuminate/Pipeline/Pipeline.php(119): Illuminate/Pipeline/Pipeline->{closure:Illuminate/Pipeline/Pipeline::prepareDestination():142}()
#26 D:/Project/cmms/vendor/laravel/framework/src/Illuminate/Foundation/Http/Kernel.php(175): Illuminate/Pipeline/Pipeline->then()
#27 D:/Project/cmms/vendor/laravel/framework/src/Illuminate/Foundation/Http/Kernel.php(144): Illuminate/Foundation/Http/Kernel->sendRequestThroughRouter()
#28 D:/Project/cmms/public/index.php(14): Illuminate/Foundation/Http/Kernel->handle()
#29 D:/Project/cmms/vendor/laravel/framework/src/Illuminate/Foundation/resources/server.php(16): require_once('...')
#30 {main}

[previous exception] [object] (Illuminate\\Database\\SQLiteDatabaseDoesNotExistException(code: 0): Database file at path [database/database.sqlite] does not exist. Ensure this is an absolute path to the database. at D:/Project/cmms/vendor/laravel/framework/src/Illuminate/Database/Connectors/SQLiteConnector.php:34)
[stacktrace]
#0 D:/Project/cmms/vendor/laravel/framework/src/Illuminate/Database/Connectors/ConnectionFactory.php(221): Illuminate/Database/Connectors/SQLiteConnector->connect()
#1 [internal function]: Illuminate/Database/Connectors/ConnectionFactory->{closure:Illuminate/Database/Connectors/ConnectionFactory::createPdoResolverWithoutHosts():221}()
#2 D:/Project/cmms/vendor/laravel/framework/src/Illuminate/Database/Connection.php(1339): call_user_func()
#3 D:/Project/cmms/vendor/laravel/framework/src/Illuminate/Database/Connection.php(581): Illuminate/Database/Connection->getPdo()
#4 D:/Project/cmms/vendor/laravel/framework/src/Illuminate/Database/Connection.php(816): Illuminate/Database/Connection->{closure:Illuminate/Database/Connection::statement():576}()
#5 D:/Project/cmms/vendor/laravel/framework/src/Illuminate/Database/Connection.php(783): Illuminate/Database/Connection->runQueryCallback()
#6 D:/Project/cmms/vendor/laravel/framework/src/Illuminate/Database/Connection.php(576): Illuminate/Database/Connection->run()
#7 D:/Project/cmms/vendor/laravel/framework/src/Illuminate/Database/Schema/Builder.php(560): Illuminate/Database/Connection->statement()
#8 D:/Project/cmms/vendor/laravel/framework/src/Illuminate/Database/SQLiteConnection.php(36): Illuminate/Database/Schema/Builder->enableForeignKeyConstraints()
#9 D:/Project/cmms/vendor/laravel/framework/src/Illuminate/Database/Connectors/ConnectionFactory.php(272): Illuminate/Database/SQLiteConnection->__construct()
#10 D:/Project/cmms/vendor/laravel/framework/src/Illuminate/Database/Connectors/ConnectionFactory.php(75): Illuminate/Database/Connectors/ConnectionFactory->createConnection()
#11 D:/Project/cmms/vendor/laravel/framework/src/Illuminate/Database/Connectors/ConnectionFactory.php(50): Illuminate/Database/Connectors/ConnectionFactory->createSingleConnection()
#12 D:/Project/cmms/vendor/laravel/framework/src/Illuminate/Database/DatabaseManager.php(175): Illuminate/Database/Connectors/ConnectionFactory->make()
#13 D:/Project/cmms/vendor/laravel/framework/src/Illuminate/Database/DatabaseManager.php(101): Illuminate/Database/DatabaseManager->makeConnection()
#14 D:/Project/cmms/vendor/laravel/framework/src/Illuminate/Database/DatabaseManager.php(509): Illuminate/Database/DatabaseManager->connection()
#15 D:/Project/cmms/vendor/laravel/framework/src/Illuminate/Support/Facades/Facade.php(355): Illuminate/Database/DatabaseManager->__call()
#16 D:/Project/cmms/app/Http/Controllers/CMMSController.php(23): Illuminate/Support/Facades/Facade::__callStatic()
#17 D:/Project/cmms/vendor/laravel/framework/src/Illuminate/Routing/Controller.php(54): App/Http/Controllers/CMMSController->login()
#18 D:/Project/cmms/vendor/laravel/framework/src/Illuminate/Routing/ControllerDispatcher.php(43): Illuminate/Routing/Controller->callAction()
#19 D:/Project/cmms/vendor/laravel/framework/src/Illuminate/Routing/Route.php(259): Illuminate/Routing/ControllerDispatcher->dispatch()
#20 D:/Project/cmms/vendor/laravel/framework/src/Illuminate/Routing/Route.php(205): Illuminate/Routing/Route->runController()
#21 D:/Project/cmms/vendor/laravel/framework/src/Illuminate/Routing/Router.php(806): Illuminate/Routing/Route->run()
#22 D:/Project/cmms/vendor/laravel/framework/src/Illuminate/Pipeline/Pipeline.php(144): Illuminate/Routing/Router->{closure:Illuminate/Routing/Router::runRouteWithinStack():805}()
#23 D:/Project/cmms/vendor/laravel/framework/src/Illuminate/Pipeline/Pipeline.php(119): Illuminate/Pipeline/Pipeline->{closure:Illuminate/Pipeline/Pipeline::prepareDestination():142}()
#24 D:/Project/cmms/vendor/laravel/framework/src/Illuminate/Routing/Router.php(805): Illuminate/Pipeline/Pipeline->then()
#25 D:/Project/cmms/vendor/laravel/framework/src/Illuminate/Routing/Router.php(784): Illuminate/Routing/Router->runRouteWithinStack()
#26 D:/Project/cmms/vendor/laravel/framework/src/Illuminate/Routing/Router.php(748): Illuminate/Routing/Router->runRoute()
#27 D:/Project/cmms/vendor/laravel/framework/src/Illuminate/Routing/Router.php(737): Illuminate/Routing/Router->dispatchToRoute()
#28 D:/Project/cmms/vendor/laravel/framework/src/Illuminate/Foundation/Http/Kernel.php(200): Illuminate/Routing/Router->dispatch()
#29 D:/Project/cmms/vendor/laravel/framework/src/Illuminate/Pipeline/Pipeline.php(144): Illuminate/Foundation/Http/Kernel->{closure:Illuminate/Foundation/Http/Kernel::dispatchToRouter():197}()
#30 D:/Project/cmms/vendor/laravel/framework/src/Illuminate/Pipeline/Pipeline.php(119): Illuminate/Pipeline/Pipeline->{closure:Illuminate/Pipeline/Pipeline::prepareDestination():142}()
#31 D:/Project/cmms/vendor/laravel/framework/src/Illuminate/Foundation/Http/Kernel.php(175): Illuminate/Pipeline/Pipeline->then()
#32 D:/Project/cmms/vendor/laravel/framework/src/Illuminate/Foundation/Http/Kernel.php(144): Illuminate/Foundation/Http/Kernel->sendRequestThroughRouter()
#33 D:/Project/cmms/public/index.php(14): Illuminate/Foundation/Http/Kernel->handle()
#34 D:/Project/cmms/vendor/laravel/framework/src/Illuminate/Foundation/resources/server.php(16): require_once('...')
#35 {main}
"} 
[2026-08-09 00:51:39] local.ERROR: Target class [DatabaseSeeder] does not exist. {"exception":"[object] (Illuminate\\Contracts\\Container\\BindingResolutionException(code: 0): Target class [DatabaseSeeder] does not exist. at D:/Project/cmms/vendor/laravel/framework/src/Illuminate/Container/Container.php:914)
[stacktrace]
#0 D:/Project/cmms/vendor/laravel/framework/src/Illuminate/Container/Container.php(795): Illuminate/Container/Container->build()
#1 D:/Project/cmms/vendor/laravel/framework/src/Illuminate/Foundation/Application.php(986): Illuminate/Container/Container->resolve()
#2 D:/Project/cmms/vendor/laravel/framework/src/Illuminate/Container/Container.php(731): Illuminate/Foundation/Application->resolve()
#3 D:/Project/cmms/vendor/laravel/framework/src/Illuminate/Foundation/Application.php(971): Illuminate/Container/Container->make()
#4 D:/Project/cmms/vendor/laravel/framework/src/Illuminate/Database/Console/Seeds/SeedCommand.php(98): Illuminate/Foundation/Application->make()
#5 D:/Project/cmms/vendor/laravel/framework/src/Illuminate/Database/Console/Seeds/SeedCommand.php(70): Illuminate/Database/Console/Seeds/SeedCommand->getSeeder()
#6 D:/Project/cmms/vendor/laravel/framework/src/Illuminate/Database/Eloquent/Concerns/GuardsAttributes.php(155): Illuminate/Database/Console/Seeds/SeedCommand->{closure:Illuminate/Database/Console/Seeds/SeedCommand::handle():69}()
#7 D:/Project/cmms/vendor/laravel/framework/src/Illuminate/Database/Console/Seeds/SeedCommand.php(69): Illuminate/Database/Eloquent/Model::unguarded()
#8 D:/Project/cmms/vendor/laravel/framework/src/Illuminate/Container/BoundMethod.php(36): Illuminate/Database/Console/Seeds/SeedCommand->handle()
#9 D:/Project/cmms/vendor/laravel/framework/src/Illuminate/Container/Util.php(41): Illuminate/Container/BoundMethod::{closure:Illuminate/Container/BoundMethod::call():35}()
#10 D:/Project/cmms/vendor/laravel/framework/src/Illuminate/Container/BoundMethod.php(93): Illuminate/Container/Util::unwrapIfClosure()
#11 D:/Project/cmms/vendor/laravel/framework/src/Illuminate/Container/BoundMethod.php(35): Illuminate/Container/BoundMethod::callBoundMethod()
#12 D:/Project/cmms/vendor/laravel/framework/src/Illuminate/Container/Container.php(662): Illuminate/Container/BoundMethod::call()
#13 D:/Project/cmms/vendor/laravel/framework/src/Illuminate/Console/Command.php(211): Illuminate/Container/Container->call()
#14 D:/Project/cmms/vendor/symfony/console/Command/Command.php(326): Illuminate/Console/Command->execute()
#15 D:/Project/cmms/vendor/laravel/framework/src/Illuminate/Console/Command.php(180): Symfony/Component/Console/Command/Command->run()
#16 D:/Project/cmms/vendor/laravel/framework/src/Illuminate/Console/Concerns/CallsCommands.php(67): Illuminate/Console/Command->run()
#17 D:/Project/cmms/vendor/laravel/framework/src/Illuminate/Console/Concerns/CallsCommands.php(28): Illuminate/Console/Command->runCommand()
#18 D:/Project/cmms/vendor/laravel/framework/src/Illuminate/Database/Console/Migrations/MigrateCommand.php(99): Illuminate/Console/Command->call()
#19 D:/Project/cmms/vendor/laravel/framework/src/Illuminate/Database/Migrations/Migrator.php(641): Illuminate/Database/Console/Migrations/MigrateCommand->{closure:Illuminate/Database/Console/Migrations/MigrateCommand::handle():83}()
#20 D:/Project/cmms/vendor/laravel/framework/src/Illuminate/Database/Console/Migrations/MigrateCommand.php(83): Illuminate/Database/Migrations/Migrator->usingConnection()
#21 D:/Project/cmms/vendor/laravel/framework/src/Illuminate/Container/BoundMethod.php(36): Illuminate/Database/Console/Migrations/MigrateCommand->handle()
#22 D:/Project/cmms/vendor/laravel/framework/src/Illuminate/Container/Util.php(41): Illuminate/Container/BoundMethod::{closure:Illuminate/Container/BoundMethod::call():35}()
#23 D:/Project/cmms/vendor/laravel/framework/src/Illuminate/Container/BoundMethod.php(93): Illuminate/Container/Util::unwrapIfClosure()
#24 D:/Project/cmms/vendor/laravel/framework/src/Illuminate/Container/BoundMethod.php(35): Illuminate/Container/BoundMethod::callBoundMethod()
#25 D:/Project/cmms/vendor/laravel/framework/src/Illuminate/Container/Container.php(662): Illuminate/Container/BoundMethod::call()
#26 D:/Project/cmms/vendor/laravel/framework/src/Illuminate/Console/Command.php(211): Illuminate/Container/Container->call()
#27 D:/Project/cmms/vendor/symfony/console/Command/Command.php(326): Illuminate/Console/Command->execute()
#28 D:/Project/cmms/vendor/laravel/framework/src/Illuminate/Console/Command.php(180): Symfony/Component/Console/Command/Command->run()
#29 D:/Project/cmms/vendor/symfony/console/Application.php(1121): Illuminate/Console/Command->run()
#30 D:/Project/cmms/vendor/symfony/console/Application.php(324): Symfony/Component/Console/Application->doRunCommand()
#31 D:/Project/cmms/vendor/symfony/console/Application.php(175): Symfony/Component/Console/Application->doRun()
#32 D:/Project/cmms/vendor/laravel/framework/src/Illuminate/Foundation/Console/Kernel.php(201): Symfony/Component/Console/Application->run()
#33 D:/Project/cmms/artisan(14): Illuminate/Foundation/Console/Kernel->handle()
#34 {main}

[previous exception] [object] (ReflectionException(code: -1): Class \"DatabaseSeeder\" does not exist at D:/Project/cmms/vendor/laravel/framework/src/Illuminate/Container/Container.php:912)
[stacktrace]
#0 D:/Project/cmms/vendor/laravel/framework/src/Illuminate/Container/Container.php(912): ReflectionClass->__construct()
#1 D:/Project/cmms/vendor/laravel/framework/src/Illuminate/Container/Container.php(795): Illuminate/Container/Container->build()
#2 D:/Project/cmms/vendor/laravel/framework/src/Illuminate/Foundation/Application.php(986): Illuminate/Container/Container->resolve()
#3 D:/Project/cmms/vendor/laravel/framework/src/Illuminate/Container/Container.php(731): Illuminate/Foundation/Application->resolve()
#4 D:/Project/cmms/vendor/laravel/framework/src/Illuminate/Foundation/Application.php(971): Illuminate/Container/Container->make()
#5 D:/Project/cmms/vendor/laravel/framework/src/Illuminate/Database/Console/Seeds/SeedCommand.php(98): Illuminate/Foundation/Application->make()
#6 D:/Project/cmms/vendor/laravel/framework/src/Illuminate/Database/Console/Seeds/SeedCommand.php(70): Illuminate/Database/Console/Seeds/SeedCommand->getSeeder()
#7 D:/Project/cmms/vendor/laravel/framework/src/Illuminate/Database/Eloquent/Concerns/GuardsAttributes.php(155): Illuminate/Database/Console/Seeds/SeedCommand->{closure:Illuminate/Database/Console/Seeds/SeedCommand::handle():69}()
#8 D:/Project/cmms/vendor/laravel/framework/src/Illuminate/Database/Console/Seeds/SeedCommand.php(69): Illuminate/Database/Eloquent/Model::unguarded()
#9 D:/Project/cmms/vendor/laravel/framework/src/Illuminate/Container/BoundMethod.php(36): Illuminate/Database/Console/Seeds/SeedCommand->handle()
#10 D:/Project/cmms/vendor/laravel/framework/src/Illuminate/Container/Util.php(41): Illuminate/Container/BoundMethod::{closure:Illuminate/Container/BoundMethod::call():35}()
#11 D:/Project/cmms/vendor/laravel/framework/src/Illuminate/Container/BoundMethod.php(93): Illuminate/Container/Util::unwrapIfClosure()
#12 D:/Project/cmms/vendor/laravel/framework/src/Illuminate/Container/BoundMethod.php(35): Illuminate/Container/BoundMethod::callBoundMethod()
#13 D:/Project/cmms/vendor/laravel/framework/src/Illuminate/Container/Container.php(662): Illuminate/Container/BoundMethod::call()
#14 D:/Project/cmms/vendor/laravel/framework/src/Illuminate/Console/Command.php(211): Illuminate/Container/Container->call()
#15 D:/Project/cmms/vendor/symfony/console/Command/Command.php(326): Illuminate/Console/Command->execute()
#16 D:/Project/cmms/vendor/laravel/framework/src/Illuminate/Console/Command.php(180): Symfony/Component/Console/Command/Command->run()
#17 D:/Project/cmms/vendor/laravel/framework/src/Illuminate/Console/Concerns/CallsCommands.php(67): Illuminate/Console/Command->run()
#18 D:/Project/cmms/vendor/laravel/framework/src/Illuminate/Console/Concerns/CallsCommands.php(28): Illuminate/Console/Command->runCommand()
#19 D:/Project/cmms/vendor/laravel/framework/src/Illuminate/Database/Console/Migrations/MigrateCommand.php(99): Illuminate/Console/Command->call()
#20 D:/Project/cmms/vendor/laravel/framework/src/Illuminate/Database/Migrations/Migrator.php(641): Illuminate/Database/Console/Migrations/MigrateCommand->{closure:Illuminate/Database/Console/Migrations/MigrateCommand::handle():83}()
#21 D:/Project/cmms/vendor/laravel/framework/src/Illuminate/Database/Console/Migrations/MigrateCommand.php(83): Illuminate/Database/Migrations/Migrator->usingConnection()
#22 D:/Project/cmms/vendor/laravel/framework/src/Illuminate/Container/BoundMethod.php(36): Illuminate/Database/Console/Migrations/MigrateCommand->handle()
#23 D:/Project/cmms/vendor/laravel/framework/src/Illuminate/Container/Util.php(41): Illuminate/Container/BoundMethod::{closure:Illuminate/Container/BoundMethod::call():35}()
#24 D:/Project/cmms/vendor/laravel/framework/src/Illuminate/Container/BoundMethod.php(93): Illuminate/Container/Util::unwrapIfClosure()
#25 D:/Project/cmms/vendor/laravel/framework/src/Illuminate/Container/BoundMethod.php(35): Illuminate/Container/BoundMethod::callBoundMethod()
#26 D:/Project/cmms/vendor/laravel/framework/src/Illuminate/Container/Container.php(662): Illuminate/Container/BoundMethod::call()
#27 D:/Project/cmms/vendor/laravel/framework/src/Illuminate/Console/Command.php(211): Illuminate/Container/Container->call()
#28 D:/Project/cmms/vendor/symfony/console/Command/Command.php(326): Illuminate/Console/Command->execute()
#29 D:/Project/cmms/vendor/laravel/framework/src/Illuminate/Console/Command.php(180): Symfony/Component/Console/Command/Command->run()
#30 D:/Project/cmms/vendor/symfony/console/Application.php(1121): Illuminate/Console/Command->run()
#31 D:/Project/cmms/vendor/symfony/console/Application.php(324): Symfony/Component/Console/Application->doRunCommand()
#32 D:/Project/cmms/vendor/symfony/console/Application.php(175): Symfony/Component/Console/Application->doRun()
#33 D:/Project/cmms/vendor/laravel/framework/src/Illuminate/Foundation/Console/Kernel.php(201): Symfony/Component/Console/Application->run()
#34 D:/Project/cmms/artisan(14): Illuminate/Foundation/Console/Kernel->handle()
#35 {main}
"} 
[2026-08-09 00:51:49] local.ERROR: Target class [DatabaseSeeder] does not exist. {"exception":"[object] (Illuminate\\Contracts\\Container\\BindingResolutionException(code: 0): Target class [DatabaseSeeder] does not exist. at D:/Project/cmms/vendor/laravel/framework/src/Illuminate/Container/Container.php:914)
[stacktrace]
#0 D:/Project/cmms/vendor/laravel/framework/src/Illuminate/Container/Container.php(795): Illuminate/Container/Container->build()
#1 D:/Project/cmms/vendor/laravel/framework/src/Illuminate/Foundation/Application.php(986): Illuminate/Container/Container->resolve()
#2 D:/Project/cmms/vendor/laravel/framework/src/Illuminate/Container/Container.php(731): Illuminate/Foundation/Application->resolve()
#3 D:/Project/cmms/vendor/laravel/framework/src/Illuminate/Foundation/Application.php(971): Illuminate/Container/Container->make()
#4 D:/Project/cmms/vendor/laravel/framework/src/Illuminate/Database/Console/Seeds/SeedCommand.php(98): Illuminate/Foundation/Application->make()
#5 D:/Project/cmms/vendor/laravel/framework/src/Illuminate/Database/Console/Seeds/SeedCommand.php(70): Illuminate/Database/Console/Seeds/SeedCommand->getSeeder()
#6 D:/Project/cmms/vendor/laravel/framework/src/Illuminate/Database/Eloquent/Concerns/GuardsAttributes.php(155): Illuminate/Database/Console/Seeds/SeedCommand->{closure:Illuminate/Database/Console/Seeds/SeedCommand::handle():69}()
#7 D:/Project/cmms/vendor/laravel/framework/src/Illuminate/Database/Console/Seeds/SeedCommand.php(69): Illuminate/Database/Eloquent/Model::unguarded()
#8 D:/Project/cmms/vendor/laravel/framework/src/Illuminate/Container/BoundMethod.php(36): Illuminate/Database/Console/Seeds/SeedCommand->handle()
#9 D:/Project/cmms/vendor/laravel/framework/src/Illuminate/Container/Util.php(41): Illuminate/Container/BoundMethod::{closure:Illuminate/Container/BoundMethod::call():35}()
#10 D:/Project/cmms/vendor/laravel/framework/src/Illuminate/Container/BoundMethod.php(93): Illuminate/Container/Util::unwrapIfClosure()
#11 D:/Project/cmms/vendor/laravel/framework/src/Illuminate/Container/BoundMethod.php(35): Illuminate/Container/BoundMethod::callBoundMethod()
#12 D:/Project/cmms/vendor/laravel/framework/src/Illuminate/Container/Container.php(662): Illuminate/Container/BoundMethod::call()
#13 D:/Project/cmms/vendor/laravel/framework/src/Illuminate/Console/Command.php(211): Illuminate/Container/Container->call()
#14 D:/Project/cmms/vendor/symfony/console/Command/Command.php(326): Illuminate/Console/Command->execute()
#15 D:/Project/cmms/vendor/laravel/framework/src/Illuminate/Console/Command.php(180): Symfony/Component/Console/Command/Command->run()
#16 D:/Project/cmms/vendor/symfony/console/Application.php(1121): Illuminate/Console/Command->run()
#17 D:/Project/cmms/vendor/symfony/console/Application.php(324): Symfony/Component/Console/Application->doRunCommand()
#18 D:/Project/cmms/vendor/symfony/console/Application.php(175): Symfony/Component/Console/Application->doRun()
#19 D:/Project/cmms/vendor/laravel/framework/src/Illuminate/Foundation/Console/Kernel.php(201): Symfony/Component/Console/Application->run()
#20 D:/Project/cmms/artisan(14): Illuminate/Foundation/Console/Kernel->handle()
#21 {main}

[previous exception] [object] (ReflectionException(code: -1): Class \"DatabaseSeeder\" does not exist at D:/Project/cmms/vendor/laravel/framework/src/Illuminate/Container/Container.php:912)
[stacktrace]
#0 D:/Project/cmms/vendor/laravel/framework/src/Illuminate/Container/Container.php(912): ReflectionClass->__construct()
#1 D:/Project/cmms/vendor/laravel/framework/src/Illuminate/Container/Container.php(795): Illuminate/Container/Container->build()
#2 D:/Project/cmms/vendor/laravel/framework/src/Illuminate/Foundation/Application.php(986): Illuminate/Container/Container->resolve()
#3 D:/Project/cmms/vendor/laravel/framework/src/Illuminate/Container/Container.php(731): Illuminate/Foundation/Application->resolve()
#4 D:/Project/cmms/vendor/laravel/framework/src/Illuminate/Foundation/Application.php(971): Illuminate/Container/Container->make()
#5 D:/Project/cmms/vendor/laravel/framework/src/Illuminate/Database/Console/Seeds/SeedCommand.php(98): Illuminate/Foundation/Application->make()
#6 D:/Project/cmms/vendor/laravel/framework/src/Illuminate/Database/Console/Seeds/SeedCommand.php(70): Illuminate/Database/Console/Seeds/SeedCommand->getSeeder()
#7 D:/Project/cmms/vendor/laravel/framework/src/Illuminate/Database/Eloquent/Concerns/GuardsAttributes.php(155): Illuminate/Database/Console/Seeds/SeedCommand->{closure:Illuminate/Database/Console/Seeds/SeedCommand::handle():69}()
#8 D:/Project/cmms/vendor/laravel/framework/src/Illuminate/Database/Console/Seeds/SeedCommand.php(69): Illuminate/Database/Eloquent/Model::unguarded()
#9 D:/Project/cmms/vendor/laravel/framework/src/Illuminate/Container/BoundMethod.php(36): Illuminate/Database/Console/Seeds/SeedCommand->handle()
#10 D:/Project/cmms/vendor/laravel/framework/src/Illuminate/Container/Util.php(41): Illuminate/Container/BoundMethod::{closure:Illuminate/Container/BoundMethod::call():35}()
#11 D:/Project/cmms/vendor/laravel/framework/src/Illuminate/Container/BoundMethod.php(93): Illuminate/Container/Util::unwrapIfClosure()
#12 D:/Project/cmms/vendor/laravel/framework/src/Illuminate/Container/BoundMethod.php(35): Illuminate/Container/BoundMethod::callBoundMethod()
#13 D:/Project/cmms/vendor/laravel/framework/src/Illuminate/Container/Container.php(662): Illuminate/Container/BoundMethod::call()
#14 D:/Project/cmms/vendor/laravel/framework/src/Illuminate/Console/Command.php(211): Illuminate/Container/Container->call()
#15 D:/Project/cmms/vendor/symfony/console/Command/Command.php(326): Illuminate/Console/Command->execute()
#16 D:/Project/cmms/vendor/laravel/framework/src/Illuminate/Console/Command.php(180): Symfony/Component/Console/Command/Command->run()
#17 D:/Project/cmms/vendor/symfony/console/Application.php(1121): Illuminate/Console/Command->run()
#18 D:/Project/cmms/vendor/symfony/console/Application.php(324): Symfony/Component/Console/Application->doRunCommand()
#19 D:/Project/cmms/vendor/symfony/console/Application.php(175): Symfony/Component/Console/Application->doRun()
#20 D:/Project/cmms/vendor/laravel/framework/src/Illuminate/Foundation/Console/Kernel.php(201): Symfony/Component/Console/Application->run()
#21 D:/Project/cmms/artisan(14): Illuminate/Foundation/Console/Kernel->handle()
#22 {main}
"} 
[2026-08-09 00:52:06] local.ERROR: Target class [DatabaseSeeder] does not exist. {"exception":"[object] (Illuminate\\Contracts\\Container\\BindingResolutionException(code: 0): Target class [DatabaseSeeder] does not exist. at D:/Project/cmms/vendor/laravel/framework/src/Illuminate/Container/Container.php:914)
[stacktrace]
#0 D:/Project/cmms/vendor/laravel/framework/src/Illuminate/Container/Container.php(795): Illuminate/Container/Container->build()
#1 D:/Project/cmms/vendor/laravel/framework/src/Illuminate/Foundation/Application.php(986): Illuminate/Container/Container->resolve()
#2 D:/Project/cmms/vendor/laravel/framework/src/Illuminate/Container/Container.php(731): Illuminate/Foundation/Application->resolve()
#3 D:/Project/cmms/vendor/laravel/framework/src/Illuminate/Foundation/Application.php(971): Illuminate/Container/Container->make()
#4 D:/Project/cmms/vendor/laravel/framework/src/Illuminate/Database/Console/Seeds/SeedCommand.php(98): Illuminate/Foundation/Application->make()
#5 D:/Project/cmms/vendor/laravel/framework/src/Illuminate/Database/Console/Seeds/SeedCommand.php(70): Illuminate/Database/Console/Seeds/SeedCommand->getSeeder()
#6 D:/Project/cmms/vendor/laravel/framework/src/Illuminate/Database/Eloquent/Concerns/GuardsAttributes.php(155): Illuminate/Database/Console/Seeds/SeedCommand->{closure:Illuminate/Database/Console/Seeds/SeedCommand::handle():69}()
#7 D:/Project/cmms/vendor/laravel/framework/src/Illuminate/Database/Console/Seeds/SeedCommand.php(69): Illuminate/Database/Eloquent/Model::unguarded()
#8 D:/Project/cmms/vendor/laravel/framework/src/Illuminate/Container/BoundMethod.php(36): Illuminate/Database/Console/Seeds/SeedCommand->handle()
#9 D:/Project/cmms/vendor/laravel/framework/src/Illuminate/Container/Util.php(41): Illuminate/Container/BoundMethod::{closure:Illuminate/Container/BoundMethod::call():35}()
#10 D:/Project/cmms/vendor/laravel/framework/src/Illuminate/Container/BoundMethod.php(93): Illuminate/Container/Util::unwrapIfClosure()
#11 D:/Project/cmms/vendor/laravel/framework/src/Illuminate/Container/BoundMethod.php(35): Illuminate/Container/BoundMethod::callBoundMethod()
#12 D:/Project/cmms/vendor/laravel/framework/src/Illuminate/Container/Container.php(662): Illuminate/Container/BoundMethod::call()
#13 D:/Project/cmms/vendor/laravel/framework/src/Illuminate/Console/Command.php(211): Illuminate/Container/Container->call()
#14 D:/Project/cmms/vendor/symfony/console/Command/Command.php(326): Illuminate/Console/Command->execute()
#15 D:/Project/cmms/vendor/laravel/framework/src/Illuminate/Console/Command.php(180): Symfony/Component/Console/Command/Command->run()
#16 D:/Project/cmms/vendor/symfony/console/Application.php(1121): Illuminate/Console/Command->run()
#17 D:/Project/cmms/vendor/symfony/console/Application.php(324): Symfony/Component/Console/Application->doRunCommand()
#18 D:/Project/cmms/vendor/symfony/console/Application.php(175): Symfony/Component/Console/Application->doRun()
#19 D:/Project/cmms/vendor/laravel/framework/src/Illuminate/Foundation/Console/Kernel.php(201): Symfony/Component/Console/Application->run()
#20 D:/Project/cmms/artisan(14): Illuminate/Foundation/Console/Kernel->handle()
#21 {main}

[previous exception] [object] (ReflectionException(code: -1): Class \"DatabaseSeeder\" does not exist at D:/Project/cmms/vendor/laravel/framework/src/Illuminate/Container/Container.php:912)
[stacktrace]
#0 D:/Project/cmms/vendor/laravel/framework/src/Illuminate/Container/Container.php(912): ReflectionClass->__construct()
#1 D:/Project/cmms/vendor/laravel/framework/src/Illuminate/Container/Container.php(795): Illuminate/Container/Container->build()
#2 D:/Project/cmms/vendor/laravel/framework/src/Illuminate/Foundation/Application.php(986): Illuminate/Container/Container->resolve()
#3 D:/Project/cmms/vendor/laravel/framework/src/Illuminate/Container/Container.php(731): Illuminate/Foundation/Application->resolve()
#4 D:/Project/cmms/vendor/laravel/framework/src/Illuminate/Foundation/Application.php(971): Illuminate/Container/Container->make()
#5 D:/Project/cmms/vendor/laravel/framework/src/Illuminate/Database/Console/Seeds/SeedCommand.php(98): Illuminate/Foundation/Application->make()
#6 D:/Project/cmms/vendor/laravel/framework/src/Illuminate/Database/Console/Seeds/SeedCommand.php(70): Illuminate/Database/Console/Seeds/SeedCommand->getSeeder()
#7 D:/Project/cmms/vendor/laravel/framework/src/Illuminate/Database/Eloquent/Concerns/GuardsAttributes.php(155): Illuminate/Database/Console/Seeds/SeedCommand->{closure:Illuminate/Database/Console/Seeds/SeedCommand::handle():69}()
#8 D:/Project/cmms/vendor/laravel/framework/src/Illuminate/Database/Console/Seeds/SeedCommand.php(69): Illuminate/Database/Eloquent/Model::unguarded()
#9 D:/Project/cmms/vendor/laravel/framework/src/Illuminate/Container/BoundMethod.php(36): Illuminate/Database/Console/Seeds/SeedCommand->handle()
#10 D:/Project/cmms/vendor/laravel/framework/src/Illuminate/Container/Util.php(41): Illuminate/Container/BoundMethod::{closure:Illuminate/Container/BoundMethod::call():35}()
#11 D:/Project/cmms/vendor/laravel/framework/src/Illuminate/Container/BoundMethod.php(93): Illuminate/Container/Util::unwrapIfClosure()
#12 D:/Project/cmms/vendor/laravel/framework/src/Illuminate/Container/BoundMethod.php(35): Illuminate/Container/BoundMethod::callBoundMethod()
#13 D:/Project/cmms/vendor/laravel/framework/src/Illuminate/Container/Container.php(662): Illuminate/Container/BoundMethod::call()
#14 D:/Project/cmms/vendor/laravel/framework/src/Illuminate/Console/Command.php(211): Illuminate/Container/Container->call()
#15 D:/Project/cmms/vendor/symfony/console/Command/Command.php(326): Illuminate/Console/Command->execute()
#16 D:/Project/cmms/vendor/laravel/framework/src/Illuminate/Console/Command.php(180): Symfony/Component/Console/Command/Command->run()
#17 D:/Project/cmms/vendor/symfony/console/Application.php(1121): Illuminate/Console/Command->run()
#18 D:/Project/cmms/vendor/symfony/console/Application.php(324): Symfony/Component/Console/Application->doRunCommand()
#19 D:/Project/cmms/vendor/symfony/console/Application.php(175): Symfony/Component/Console/Application->doRun()
#20 D:/Project/cmms/vendor/laravel/framework/src/Illuminate/Foundation/Console/Kernel.php(201): Symfony/Component/Console/Application->run()
#21 D:/Project/cmms/artisan(14): Illuminate/Foundation/Console/Kernel->handle()
#22 {main}
"} 
[2026-08-09 00:53:34] local.ERROR: Database file at path [database/database.sqlite] does not exist. Ensure this is an absolute path to the database. (Connection: sqlite, SQL: PRAGMA foreign_keys = ON;) {"exception":"[object] (Illuminate\\Database\\QueryException(code: 0): Database file at path [database/database.sqlite] does not exist. Ensure this is an absolute path to the database. (Connection: sqlite, SQL: PRAGMA foreign_keys = ON;) at D:/Project/cmms/vendor/laravel/framework/src/Illuminate/Database/Connection.php:829)
[stacktrace]
#0 D:/Project/cmms/vendor/laravel/framework/src/Illuminate/Database/Connection.php(783): Illuminate/Database/Connection->runQueryCallback()
#1 D:/Project/cmms/vendor/laravel/framework/src/Illuminate/Database/Connection.php(576): Illuminate/Database/Connection->run()
#2 D:/Project/cmms/vendor/laravel/framework/src/Illuminate/Database/Schema/Builder.php(560): Illuminate/Database/Connection->statement()
#3 D:/Project/cmms/vendor/laravel/framework/src/Illuminate/Database/SQLiteConnection.php(36): Illuminate/Database/Schema/Builder->enableForeignKeyConstraints()
#4 D:/Project/cmms/vendor/laravel/framework/src/Illuminate/Database/Connectors/ConnectionFactory.php(272): Illuminate/Database/SQLiteConnection->__construct()
#5 D:/Project/cmms/vendor/laravel/framework/src/Illuminate/Database/Connectors/ConnectionFactory.php(75): Illuminate/Database/Connectors/ConnectionFactory->createConnection()
#6 D:/Project/cmms/vendor/laravel/framework/src/Illuminate/Database/Connectors/ConnectionFactory.php(50): Illuminate/Database/Connectors/ConnectionFactory->createSingleConnection()
#7 D:/Project/cmms/vendor/laravel/framework/src/Illuminate/Database/DatabaseManager.php(175): Illuminate/Database/Connectors/ConnectionFactory->make()
#8 D:/Project/cmms/vendor/laravel/framework/src/Illuminate/Database/DatabaseManager.php(101): Illuminate/Database/DatabaseManager->makeConnection()
#9 D:/Project/cmms/vendor/laravel/framework/src/Illuminate/Database/DatabaseManager.php(509): Illuminate/Database/DatabaseManager->connection()
#10 D:/Project/cmms/vendor/laravel/framework/src/Illuminate/Support/Facades/Facade.php(355): Illuminate/Database/DatabaseManager->__call()
#11 D:/Project/cmms/app/Http/Controllers/CMMSController.php(23): Illuminate/Support/Facades/Facade::__callStatic()
#12 D:/Project/cmms/vendor/laravel/framework/src/Illuminate/Routing/Controller.php(54): App/Http/Controllers/CMMSController->login()
#13 D:/Project/cmms/vendor/laravel/framework/src/Illuminate/Routing/ControllerDispatcher.php(43): Illuminate/Routing/Controller->callAction()
#14 D:/Project/cmms/vendor/laravel/framework/src/Illuminate/Routing/Route.php(259): Illuminate/Routing/ControllerDispatcher->dispatch()
#15 D:/Project/cmms/vendor/laravel/framework/src/Illuminate/Routing/Route.php(205): Illuminate/Routing/Route->runController()
#16 D:/Project/cmms/vendor/laravel/framework/src/Illuminate/Routing/Router.php(806): Illuminate/Routing/Route->run()
#17 D:/Project/cmms/vendor/laravel/framework/src/Illuminate/Pipeline/Pipeline.php(144): Illuminate/Routing/Router->{closure:Illuminate/Routing/Router::runRouteWithinStack():805}()
#18 D:/Project/cmms/vendor/laravel/framework/src/Illuminate/Pipeline/Pipeline.php(119): Illuminate/Pipeline/Pipeline->{closure:Illuminate/Pipeline/Pipeline::prepareDestination():142}()
#19 D:/Project/cmms/vendor/laravel/framework/src/Illuminate/Routing/Router.php(805): Illuminate/Pipeline/Pipeline->then()
#20 D:/Project/cmms/vendor/laravel/framework/src/Illuminate/Routing/Router.php(784): Illuminate/Routing/Router->runRouteWithinStack()
#21 D:/Project/cmms/vendor/laravel/framework/src/Illuminate/Routing/Router.php(748): Illuminate/Routing/Router->runRoute()
#22 D:/Project/cmms/vendor/laravel/framework/src/Illuminate/Routing/Router.php(737): Illuminate/Routing/Router->dispatchToRoute()
#23 D:/Project/cmms/vendor/laravel/framework/src/Illuminate/Foundation/Http/Kernel.php(200): Illuminate/Routing/Router->dispatch()
#24 D:/Project/cmms/vendor/laravel/framework/src/Illuminate/Pipeline/Pipeline.php(144): Illuminate/Foundation/Http/Kernel->{closure:Illuminate/Foundation/Http/Kernel::dispatchToRouter():197}()
#25 D:/Project/cmms/vendor/laravel/framework/src/Illuminate/Pipeline/Pipeline.php(119): Illuminate/Pipeline/Pipeline->{closure:Illuminate/Pipeline/Pipeline::prepareDestination():142}()
#26 D:/Project/cmms/vendor/laravel/framework/src/Illuminate/Foundation/Http/Kernel.php(175): Illuminate/Pipeline/Pipeline->then()
#27 D:/Project/cmms/vendor/laravel/framework/src/Illuminate/Foundation/Http/Kernel.php(144): Illuminate/Foundation/Http/Kernel->sendRequestThroughRouter()
#28 D:/Project/cmms/public/index.php(14): Illuminate/Foundation/Http/Kernel->handle()
#29 D:/Project/cmms/vendor/laravel/framework/src/Illuminate/Foundation/resources/server.php(16): require_once('...')
#30 {main}

[previous exception] [object] (Illuminate\\Database\\SQLiteDatabaseDoesNotExistException(code: 0): Database file at path [database/database.sqlite] does not exist. Ensure this is an absolute path to the database. at D:/Project/cmms/vendor/laravel/framework/src/Illuminate/Database/Connectors/SQLiteConnector.php:34)
[stacktrace]
#0 D:/Project/cmms/vendor/laravel/framework/src/Illuminate/Database/Connectors/ConnectionFactory.php(221): Illuminate/Database/Connectors/SQLiteConnector->connect()
#1 [internal function]: Illuminate/Database/Connectors/ConnectionFactory->{closure:Illuminate/Database/Connectors/ConnectionFactory::createPdoResolverWithoutHosts():221}()
#2 D:/Project/cmms/vendor/laravel/framework/src/Illuminate/Database/Connection.php(1339): call_user_func()
#3 D:/Project/cmms/vendor/laravel/framework/src/Illuminate/Database/Connection.php(581): Illuminate/Database/Connection->getPdo()
#4 D:/Project/cmms/vendor/laravel/framework/src/Illuminate/Database/Connection.php(816): Illuminate/Database/Connection->{closure:Illuminate/Database/Connection::statement():576}()
#5 D:/Project/cmms/vendor/laravel/framework/src/Illuminate/Database/Connection.php(783): Illuminate/Database/Connection->runQueryCallback()
#6 D:/Project/cmms/vendor/laravel/framework/src/Illuminate/Database/Connection.php(576): Illuminate/Database/Connection->run()
#7 D:/Project/cmms/vendor/laravel/framework/src/Illuminate/Database/Schema/Builder.php(560): Illuminate/Database/Connection->statement()
#8 D:/Project/cmms/vendor/laravel/framework/src/Illuminate/Database/SQLiteConnection.php(36): Illuminate/Database/Schema/Builder->enableForeignKeyConstraints()
#9 D:/Project/cmms/vendor/laravel/framework/src/Illuminate/Database/Connectors/ConnectionFactory.php(272): Illuminate/Database/SQLiteConnection->__construct()
#10 D:/Project/cmms/vendor/laravel/framework/src/Illuminate/Database/Connectors/ConnectionFactory.php(75): Illuminate/Database/Connectors/ConnectionFactory->createConnection()
#11 D:/Project/cmms/vendor/laravel/framework/src/Illuminate/Database/Connectors/ConnectionFactory.php(50): Illuminate/Database/Connectors/ConnectionFactory->createSingleConnection()
#12 D:/Project/cmms/vendor/laravel/framework/src/Illuminate/Database/DatabaseManager.php(175): Illuminate/Database/Connectors/ConnectionFactory->make()
#13 D:/Project/cmms/vendor/laravel/framework/src/Illuminate/Database/DatabaseManager.php(101): Illuminate/Database/DatabaseManager->makeConnection()
#14 D:/Project/cmms/vendor/laravel/framework/src/Illuminate/Database/DatabaseManager.php(509): Illuminate/Database/DatabaseManager->connection()
#15 D:/Project/cmms/vendor/laravel/framework/src/Illuminate/Support/Facades/Facade.php(355): Illuminate/Database/DatabaseManager->__call()
#16 D:/Project/cmms/app/Http/Controllers/CMMSController.php(23): Illuminate/Support/Facades/Facade::__callStatic()
#17 D:/Project/cmms/vendor/laravel/framework/src/Illuminate/Routing/Controller.php(54): App/Http/Controllers/CMMSController->login()
#18 D:/Project/cmms/vendor/laravel/framework/src/Illuminate/Routing/ControllerDispatcher.php(43): Illuminate/Routing/Controller->callAction()
#19 D:/Project/cmms/vendor/laravel/framework/src/Illuminate/Routing/Route.php(259): Illuminate/Routing/ControllerDispatcher->dispatch()
#20 D:/Project/cmms/vendor/laravel/framework/src/Illuminate/Routing/Route.php(205): Illuminate/Routing/Route->runController()
#21 D:/Project/cmms/vendor/laravel/framework/src/Illuminate/Routing/Router.php(806): Illuminate/Routing/Route->run()
#22 D:/Project/cmms/vendor/laravel/framework/src/Illuminate/Pipeline/Pipeline.php(144): Illuminate/Routing/Router->{closure:Illuminate/Routing/Router::runRouteWithinStack():805}()
#23 D:/Project/cmms/vendor/laravel/framework/src/Illuminate/Pipeline/Pipeline.php(119): Illuminate/Pipeline/Pipeline->{closure:Illuminate/Pipeline/Pipeline::prepareDestination():142}()
#24 D:/Project/cmms/vendor/laravel/framework/src/Illuminate/Routing/Router.php(805): Illuminate/Pipeline/Pipeline->then()
#25 D:/Project/cmms/vendor/laravel/framework/src/Illuminate/Routing/Router.php(784): Illuminate/Routing/Router->runRouteWithinStack()
#26 D:/Project/cmms/vendor/laravel/framework/src/Illuminate/Routing/Router.php(748): Illuminate/Routing/Router->runRoute()
#27 D:/Project/cmms/vendor/laravel/framework/src/Illuminate/Routing/Router.php(737): Illuminate/Routing/Router->dispatchToRoute()
#28 D:/Project/cmms/vendor/laravel/framework/src/Illuminate/Foundation/Http/Kernel.php(200): Illuminate/Routing/Router->dispatch()
#29 D:/Project/cmms/vendor/laravel/framework/src/Illuminate/Pipeline/Pipeline.php(144): Illuminate/Foundation/Http/Kernel->{closure:Illuminate/Foundation/Http/Kernel::dispatchToRouter():197}()
#30 D:/Project/cmms/vendor/laravel/framework/src/Illuminate/Pipeline/Pipeline.php(119): Illuminate/Pipeline/Pipeline->{closure:Illuminate/Pipeline/Pipeline::prepareDestination():142}()
#31 D:/Project/cmms/vendor/laravel/framework/src/Illuminate/Foundation/Http/Kernel.php(175): Illuminate/Pipeline/Pipeline->then()
#32 D:/Project/cmms/vendor/laravel/framework/src/Illuminate/Foundation/Http/Kernel.php(144): Illuminate/Foundation/Http/Kernel->sendRequestThroughRouter()
#33 D:/Project/cmms/public/index.php(14): Illuminate/Foundation/Http/Kernel->handle()
#34 D:/Project/cmms/vendor/laravel/framework/src/Illuminate/Foundation/resources/server.php(16): require_once('...')
#35 {main}
"} 
[2026-08-09 00:55:49] local.ERROR: Target class [cache] does not exist. {"exception":"[object] (Illuminate\\Contracts\\Container\\BindingResolutionException(code: 0): Target class [cache] does not exist. at D:/Project/cmms/vendor/laravel/framework/src/Illuminate/Container/Container.php:914)
[stacktrace]
#0 D:/Project/cmms/vendor/laravel/framework/src/Illuminate/Container/Container.php(795): Illuminate/Container/Container->build()
#1 D:/Project/cmms/vendor/laravel/framework/src/Illuminate/Foundation/Application.php(986): Illuminate/Container/Container->resolve()
#2 D:/Project/cmms/vendor/laravel/framework/src/Illuminate/Container/Container.php(731): Illuminate/Foundation/Application->resolve()
#3 D:/Project/cmms/vendor/laravel/framework/src/Illuminate/Foundation/Application.php(971): Illuminate/Container/Container->make()
#4 D:/Project/cmms/vendor/laravel/framework/src/Illuminate/Container/Container.php(1454): Illuminate/Foundation/Application->make()
#5 D:/Project/cmms/vendor/laravel/framework/src/Illuminate/Foundation/Providers/ArtisanServiceProvider.php(273): Illuminate/Container/Container->offsetGet()
#6 D:/Project/cmms/vendor/laravel/framework/src/Illuminate/Container/Container.php(908): Illuminate/Foundation/Providers/ArtisanServiceProvider->{closure:Illuminate/Foundation/Providers/ArtisanServiceProvider::registerCacheClearCommand():272}()
#7 D:/Project/cmms/vendor/laravel/framework/src/Illuminate/Container/Container.php(795): Illuminate/Container/Container->build()
#8 D:/Project/cmms/vendor/laravel/framework/src/Illuminate/Foundation/Application.php(986): Illuminate/Container/Container->resolve()
#9 D:/Project/cmms/vendor/laravel/framework/src/Illuminate/Container/Container.php(742): Illuminate/Foundation/Application->resolve()
#10 D:/Project/cmms/vendor/laravel/framework/src/Illuminate/Console/ContainerCommandLoader.php(53): Illuminate/Container/Container->get()
#11 D:/Project/cmms/vendor/symfony/console/Application.php(626): Illuminate/Console/ContainerCommandLoader->get()
#12 D:/Project/cmms/vendor/symfony/console/Application.php(713): Symfony/Component/Console/Application->has()
#13 D:/Project/cmms/vendor/symfony/console/Application.php(266): Symfony/Component/Console/Application->find()
#14 D:/Project/cmms/vendor/symfony/console/Application.php(175): Symfony/Component/Console/Application->doRun()
#15 D:/Project/cmms/vendor/laravel/framework/src/Illuminate/Foundation/Console/Kernel.php(201): Symfony/Component/Console/Application->run()
#16 D:/Project/cmms/artisan(14): Illuminate/Foundation/Console/Kernel->handle()
#17 {main}

[previous exception] [object] (ReflectionException(code: -1): Class \"cache\" does not exist at D:/Project/cmms/vendor/laravel/framework/src/Illuminate/Container/Container.php:912)
[stacktrace]
#0 D:/Project/cmms/vendor/laravel/framework/src/Illuminate/Container/Container.php(912): ReflectionClass->__construct()
#1 D:/Project/cmms/vendor/laravel/framework/src/Illuminate/Container/Container.php(795): Illuminate/Container/Container->build()
#2 D:/Project/cmms/vendor/laravel/framework/src/Illuminate/Foundation/Application.php(986): Illuminate/Container/Container->resolve()
#3 D:/Project/cmms/vendor/laravel/framework/src/Illuminate/Container/Container.php(731): Illuminate/Foundation/Application->resolve()
#4 D:/Project/cmms/vendor/laravel/framework/src/Illuminate/Foundation/Application.php(971): Illuminate/Container/Container->make()
#5 D:/Project/cmms/vendor/laravel/framework/src/Illuminate/Container/Container.php(1454): Illuminate/Foundation/Application->make()
#6 D:/Project/cmms/vendor/laravel/framework/src/Illuminate/Foundation/Providers/ArtisanServiceProvider.php(273): Illuminate/Container/Container->offsetGet()
#7 D:/Project/cmms/vendor/laravel/framework/src/Illuminate/Container/Container.php(908): Illuminate/Foundation/Providers/ArtisanServiceProvider->{closure:Illuminate/Foundation/Providers/ArtisanServiceProvider::registerCacheClearCommand():272}()
#8 D:/Project/cmms/vendor/laravel/framework/src/Illuminate/Container/Container.php(795): Illuminate/Container/Container->build()
#9 D:/Project/cmms/vendor/laravel/framework/src/Illuminate/Foundation/Application.php(986): Illuminate/Container/Container->resolve()
#10 D:/Project/cmms/vendor/laravel/framework/src/Illuminate/Container/Container.php(742): Illuminate/Foundation/Application->resolve()
#11 D:/Project/cmms/vendor/laravel/framework/src/Illuminate/Console/ContainerCommandLoader.php(53): Illuminate/Container/Container->get()
#12 D:/Project/cmms/vendor/symfony/console/Application.php(626): Illuminate/Console/ContainerCommandLoader->get()
#13 D:/Project/cmms/vendor/symfony/console/Application.php(713): Symfony/Component/Console/Application->has()
#14 D:/Project/cmms/vendor/symfony/console/Application.php(266): Symfony/Component/Console/Application->find()
#15 D:/Project/cmms/vendor/symfony/console/Application.php(175): Symfony/Component/Console/Application->doRun()
#16 D:/Project/cmms/vendor/laravel/framework/src/Illuminate/Foundation/Console/Kernel.php(201): Symfony/Component/Console/Application->run()
#17 D:/Project/cmms/artisan(14): Illuminate/Foundation/Console/Kernel->handle()
#18 {main}
"} 
[2026-08-09 00:55:54] local.ERROR: Session store not set on request. {"exception":"[object] (RuntimeException(code: 0): Session store not set on request. at D:/Project/cmms/vendor/laravel/framework/src/Illuminate/Http/Request.php:560)
[stacktrace]
#0 D:/Project/cmms/app/Http/Controllers/CMMSController.php(31): Illuminate/Http/Request->session()
#1 D:/Project/cmms/vendor/laravel/framework/src/Illuminate/Routing/Controller.php(54): App/Http/Controllers/CMMSController->login()
#2 D:/Project/cmms/vendor/laravel/framework/src/Illuminate/Routing/ControllerDispatcher.php(43): Illuminate/Routing/Controller->callAction()
#3 D:/Project/cmms/vendor/laravel/framework/src/Illuminate/Routing/Route.php(259): Illuminate/Routing/ControllerDispatcher->dispatch()
#4 D:/Project/cmms/vendor/laravel/framework/src/Illuminate/Routing/Route.php(205): Illuminate/Routing/Route->runController()
#5 D:/Project/cmms/vendor/laravel/framework/src/Illuminate/Routing/Router.php(806): Illuminate/Routing/Route->run()
#6 D:/Project/cmms/vendor/laravel/framework/src/Illuminate/Pipeline/Pipeline.php(144): Illuminate/Routing/Router->{closure:Illuminate/Routing/Router::runRouteWithinStack():805}()
#7 D:/Project/cmms/vendor/laravel/framework/src/Illuminate/Pipeline/Pipeline.php(119): Illuminate/Pipeline/Pipeline->{closure:Illuminate/Pipeline/Pipeline::prepareDestination():142}()
#8 D:/Project/cmms/vendor/laravel/framework/src/Illuminate/Routing/Router.php(805): Illuminate/Pipeline/Pipeline->then()
#9 D:/Project/cmms/vendor/laravel/framework/src/Illuminate/Routing/Router.php(784): Illuminate/Routing/Router->runRouteWithinStack()
#10 D:/Project/cmms/vendor/laravel/framework/src/Illuminate/Routing/Router.php(748): Illuminate/Routing/Router->runRoute()
#11 D:/Project/cmms/vendor/laravel/framework/src/Illuminate/Routing/Router.php(737): Illuminate/Routing/Router->dispatchToRoute()
#12 D:/Project/cmms/vendor/laravel/framework/src/Illuminate/Foundation/Http/Kernel.php(200): Illuminate/Routing/Router->dispatch()
#13 D:/Project/cmms/vendor/laravel/framework/src/Illuminate/Pipeline/Pipeline.php(144): Illuminate/Foundation/Http/Kernel->{closure:Illuminate/Foundation/Http/Kernel::dispatchToRouter():197}()
#14 D:/Project/cmms/vendor/laravel/framework/src/Illuminate/Pipeline/Pipeline.php(119): Illuminate/Pipeline/Pipeline->{closure:Illuminate/Pipeline/Pipeline::prepareDestination():142}()
#15 D:/Project/cmms/vendor/laravel/framework/src/Illuminate/Foundation/Http/Kernel.php(175): Illuminate/Pipeline/Pipeline->then()
#16 D:/Project/cmms/vendor/laravel/framework/src/Illuminate/Foundation/Http/Kernel.php(144): Illuminate/Foundation/Http/Kernel->sendRequestThroughRouter()
#17 D:/Project/cmms/public/index.php(14): Illuminate/Foundation/Http/Kernel->handle()
#18 D:/Project/cmms/vendor/laravel/framework/src/Illuminate/Foundation/resources/server.php(16): require_once('...')
#19 {main}
"} 
[2026-08-09 00:55:56] local.ERROR: Target class [auth] does not exist. {"exception":"[object] (Illuminate\\Contracts\\Container\\BindingResolutionException(code: 0): Target class [auth] does not exist. at D:/Project/cmms/vendor/laravel/framework/src/Illuminate/Container/Container.php:914)
[stacktrace]
#0 D:/Project/cmms/vendor/laravel/framework/src/Illuminate/Container/Container.php(795): Illuminate/Container/Container->build()
#1 D:/Project/cmms/vendor/laravel/framework/src/Illuminate/Foundation/Application.php(986): Illuminate/Container/Container->resolve()
#2 D:/Project/cmms/vendor/laravel/framework/src/Illuminate/Container/Container.php(731): Illuminate/Foundation/Application->resolve()
#3 D:/Project/cmms/vendor/laravel/framework/src/Illuminate/Foundation/Application.php(971): Illuminate/Container/Container->make()
#4 D:/Project/cmms/vendor/laravel/framework/src/Illuminate/Foundation/helpers.php(120): Illuminate/Foundation/Application->make()
#5 D:/Project/cmms/vendor/laravel/framework/src/Illuminate/Foundation/helpers.php(164): app()
#6 D:/Project/cmms/vendor/laravel/framework/src/Illuminate/Pipeline/Pipeline.php(165): auth()
#7 D:/Project/cmms/vendor/laravel/framework/src/Illuminate/Pipeline/Pipeline.php(119): Illuminate/Pipeline/Pipeline->{closure:{closure:Illuminate/Pipeline/Pipeline::carry():158}:159}()
#8 D:/Project/cmms/vendor/laravel/framework/src/Illuminate/Routing/Router.php(805): Illuminate/Pipeline/Pipeline->then()
#9 D:/Project/cmms/vendor/laravel/framework/src/Illuminate/Routing/Router.php(784): Illuminate/Routing/Router->runRouteWithinStack()
#10 D:/Project/cmms/vendor/laravel/framework/src/Illuminate/Routing/Router.php(748): Illuminate/Routing/Router->runRoute()
#11 D:/Project/cmms/vendor/laravel/framework/src/Illuminate/Routing/Router.php(737): Illuminate/Routing/Router->dispatchToRoute()
#12 D:/Project/cmms/vendor/laravel/framework/src/Illuminate/Foundation/Http/Kernel.php(200): Illuminate/Routing/Router->dispatch()
#13 D:/Project/cmms/vendor/laravel/framework/src/Illuminate/Pipeline/Pipeline.php(144): Illuminate/Foundation/Http/Kernel->{closure:Illuminate/Foundation/Http/Kernel::dispatchToRouter():197}()
#14 D:/Project/cmms/vendor/laravel/framework/src/Illuminate/Pipeline/Pipeline.php(119): Illuminate/Pipeline/Pipeline->{closure:Illuminate/Pipeline/Pipeline::prepareDestination():142}()
#15 D:/Project/cmms/vendor/laravel/framework/src/Illuminate/Foundation/Http/Kernel.php(175): Illuminate/Pipeline/Pipeline->then()
#16 D:/Project/cmms/vendor/laravel/framework/src/Illuminate/Foundation/Http/Kernel.php(144): Illuminate/Foundation/Http/Kernel->sendRequestThroughRouter()
#17 D:/Project/cmms/public/index.php(14): Illuminate/Foundation/Http/Kernel->handle()
#18 D:/Project/cmms/vendor/laravel/framework/src/Illuminate/Foundation/resources/server.php(16): require_once('...')
#19 {main}

[previous exception] [object] (ReflectionException(code: -1): Class \"auth\" does not exist at D:/Project/cmms/vendor/laravel/framework/src/Illuminate/Container/Container.php:912)
[stacktrace]
#0 D:/Project/cmms/vendor/laravel/framework/src/Illuminate/Container/Container.php(912): ReflectionClass->__construct()
#1 D:/Project/cmms/vendor/laravel/framework/src/Illuminate/Container/Container.php(795): Illuminate/Container/Container->build()
#2 D:/Project/cmms/vendor/laravel/framework/src/Illuminate/Foundation/Application.php(986): Illuminate/Container/Container->resolve()
#3 D:/Project/cmms/vendor/laravel/framework/src/Illuminate/Container/Container.php(731): Illuminate/Foundation/Application->resolve()
#4 D:/Project/cmms/vendor/laravel/framework/src/Illuminate/Foundation/Application.php(971): Illuminate/Container/Container->make()
#5 D:/Project/cmms/vendor/laravel/framework/src/Illuminate/Foundation/helpers.php(120): Illuminate/Foundation/Application->make()
#6 D:/Project/cmms/vendor/laravel/framework/src/Illuminate/Foundation/helpers.php(164): app()
#7 D:/Project/cmms/vendor/laravel/framework/src/Illuminate/Pipeline/Pipeline.php(165): auth()
#8 D:/Project/cmms/vendor/laravel/framework/src/Illuminate/Pipeline/Pipeline.php(119): Illuminate/Pipeline/Pipeline->{closure:{closure:Illuminate/Pipeline/Pipeline::carry():158}:159}()
#9 D:/Project/cmms/vendor/laravel/framework/src/Illuminate/Routing/Router.php(805): Illuminate/Pipeline/Pipeline->then()
#10 D:/Project/cmms/vendor/laravel/framework/src/Illuminate/Routing/Router.php(784): Illuminate/Routing/Router->runRouteWithinStack()
#11 D:/Project/cmms/vendor/laravel/framework/src/Illuminate/Routing/Router.php(748): Illuminate/Routing/Router->runRoute()
#12 D:/Project/cmms/vendor/laravel/framework/src/Illuminate/Routing/Router.php(737): Illuminate/Routing/Router->dispatchToRoute()
#13 D:/Project/cmms/vendor/laravel/framework/src/Illuminate/Foundation/Http/Kernel.php(200): Illuminate/Routing/Router->dispatch()
#14 D:/Project/cmms/vendor/laravel/framework/src/Illuminate/Pipeline/Pipeline.php(144): Illuminate/Foundation/Http/Kernel->{closure:Illuminate/Foundation/Http/Kernel::dispatchToRouter():197}()
#15 D:/Project/cmms/vendor/laravel/framework/src/Illuminate/Pipeline/Pipeline.php(119): Illuminate/Pipeline/Pipeline->{closure:Illuminate/Pipeline/Pipeline::prepareDestination():142}()
#16 D:/Project/cmms/vendor/laravel/framework/src/Illuminate/Foundation/Http/Kernel.php(175): Illuminate/Pipeline/Pipeline->then()
#17 D:/Project/cmms/vendor/laravel/framework/src/Illuminate/Foundation/Http/Kernel.php(144): Illuminate/Foundation/Http/Kernel->sendRequestThroughRouter()
#18 D:/Project/cmms/public/index.php(14): Illuminate/Foundation/Http/Kernel->handle()
#19 D:/Project/cmms/vendor/laravel/framework/src/Illuminate/Foundation/resources/server.php(16): require_once('...')
#20 {main}
"} 
[2026-08-09 00:55:56] local.ERROR: Target class [auth] does not exist. {"exception":"[object] (Illuminate\\Contracts\\Container\\BindingResolutionException(code: 0): Target class [auth] does not exist. at D:/Project/cmms/vendor/laravel/framework/src/Illuminate/Container/Container.php:914)
[stacktrace]
#0 D:/Project/cmms/vendor/laravel/framework/src/Illuminate/Container/Container.php(795): Illuminate/Container/Container->build()
#1 D:/Project/cmms/vendor/laravel/framework/src/Illuminate/Foundation/Application.php(986): Illuminate/Container/Container->resolve()
#2 D:/Project/cmms/vendor/laravel/framework/src/Illuminate/Container/Container.php(731): Illuminate/Foundation/Application->resolve()
#3 D:/Project/cmms/vendor/laravel/framework/src/Illuminate/Foundation/Application.php(971): Illuminate/Container/Container->make()
#4 D:/Project/cmms/vendor/laravel/framework/src/Illuminate/Foundation/Http/Kernel.php(255): Illuminate/Foundation/Application->make()
#5 D:/Project/cmms/vendor/laravel/framework/src/Illuminate/Foundation/Http/Kernel.php(213): Illuminate/Foundation/Http/Kernel->terminateMiddleware()
#6 D:/Project/cmms/public/index.php(20): Illuminate/Foundation/Http/Kernel->terminate()
#7 D:/Project/cmms/vendor/laravel/framework/src/Illuminate/Foundation/resources/server.php(16): require_once('...')
#8 {main}

[previous exception] [object] (ReflectionException(code: -1): Class \"auth\" does not exist at D:/Project/cmms/vendor/laravel/framework/src/Illuminate/Container/Container.php:912)
[stacktrace]
#0 D:/Project/cmms/vendor/laravel/framework/src/Illuminate/Container/Container.php(912): ReflectionClass->__construct()
#1 D:/Project/cmms/vendor/laravel/framework/src/Illuminate/Container/Container.php(795): Illuminate/Container/Container->build()
#2 D:/Project/cmms/vendor/laravel/framework/src/Illuminate/Foundation/Application.php(986): Illuminate/Container/Container->resolve()
#3 D:/Project/cmms/vendor/laravel/framework/src/Illuminate/Container/Container.php(731): Illuminate/Foundation/Application->resolve()
#4 D:/Project/cmms/vendor/laravel/framework/src/Illuminate/Foundation/Application.php(971): Illuminate/Container/Container->make()
#5 D:/Project/cmms/vendor/laravel/framework/src/Illuminate/Foundation/Http/Kernel.php(255): Illuminate/Foundation/Application->make()
#6 D:/Project/cmms/vendor/laravel/framework/src/Illuminate/Foundation/Http/Kernel.php(213): Illuminate/Foundation/Http/Kernel->terminateMiddleware()
#7 D:/Project/cmms/public/index.php(20): Illuminate/Foundation/Http/Kernel->terminate()
#8 D:/Project/cmms/vendor/laravel/framework/src/Illuminate/Foundation/resources/server.php(16): require_once('...')
#9 {main}
"} 
[2026-08-09 00:56:08] local.ERROR: Target class [web] does not exist. {"exception":"[object] (Illuminate\\Contracts\\Container\\BindingResolutionException(code: 0): Target class [web] does not exist. at D:/Project/cmms/vendor/laravel/framework/src/Illuminate/Container/Container.php:914)
[stacktrace]
#0 D:/Project/cmms/vendor/laravel/framework/src/Illuminate/Container/Container.php(795): Illuminate/Container/Container->build()
#1 D:/Project/cmms/vendor/laravel/framework/src/Illuminate/Foundation/Application.php(986): Illuminate/Container/Container->resolve()
#2 D:/Project/cmms/vendor/laravel/framework/src/Illuminate/Container/Container.php(731): Illuminate/Foundation/Application->resolve()
#3 D:/Project/cmms/vendor/laravel/framework/src/Illuminate/Foundation/Application.php(971): Illuminate/Container/Container->make()
#4 D:/Project/cmms/vendor/laravel/framework/src/Illuminate/Pipeline/Pipeline.php(172): Illuminate/Foundation/Application->make()
#5 D:/Project/cmms/vendor/laravel/framework/src/Illuminate/Pipeline/Pipeline.php(119): Illuminate/Pipeline/Pipeline->{closure:{closure:Illuminate/Pipeline/Pipeline::carry():158}:159}()
#6 D:/Project/cmms/vendor/laravel/framework/src/Illuminate/Routing/Router.php(805): Illuminate/Pipeline/Pipeline->then()
#7 D:/Project/cmms/vendor/laravel/framework/src/Illuminate/Routing/Router.php(784): Illuminate/Routing/Router->runRouteWithinStack()
#8 D:/Project/cmms/vendor/laravel/framework/src/Illuminate/Routing/Router.php(748): Illuminate/Routing/Router->runRoute()
#9 D:/Project/cmms/vendor/laravel/framework/src/Illuminate/Routing/Router.php(737): Illuminate/Routing/Router->dispatchToRoute()
#10 D:/Project/cmms/vendor/laravel/framework/src/Illuminate/Foundation/Http/Kernel.php(200): Illuminate/Routing/Router->dispatch()
#11 D:/Project/cmms/vendor/laravel/framework/src/Illuminate/Pipeline/Pipeline.php(144): Illuminate/Foundation/Http/Kernel->{closure:Illuminate/Foundation/Http/Kernel::dispatchToRouter():197}()
#12 D:/Project/cmms/vendor/laravel/framework/src/Illuminate/Pipeline/Pipeline.php(119): Illuminate/Pipeline/Pipeline->{closure:Illuminate/Pipeline/Pipeline::prepareDestination():142}()
#13 D:/Project/cmms/vendor/laravel/framework/src/Illuminate/Foundation/Http/Kernel.php(175): Illuminate/Pipeline/Pipeline->then()
#14 D:/Project/cmms/vendor/laravel/framework/src/Illuminate/Foundation/Http/Kernel.php(144): Illuminate/Foundation/Http/Kernel->sendRequestThroughRouter()
#15 D:/Project/cmms/public/index.php(14): Illuminate/Foundation/Http/Kernel->handle()
#16 D:/Project/cmms/vendor/laravel/framework/src/Illuminate/Foundation/resources/server.php(16): require_once('...')
#17 {main}

[previous exception] [object] (ReflectionException(code: -1): Class \"web\" does not exist at D:/Project/cmms/vendor/laravel/framework/src/Illuminate/Container/Container.php:912)
[stacktrace]
#0 D:/Project/cmms/vendor/laravel/framework/src/Illuminate/Container/Container.php(912): ReflectionClass->__construct()
#1 D:/Project/cmms/vendor/laravel/framework/src/Illuminate/Container/Container.php(795): Illuminate/Container/Container->build()
#2 D:/Project/cmms/vendor/laravel/framework/src/Illuminate/Foundation/Application.php(986): Illuminate/Container/Container->resolve()
#3 D:/Project/cmms/vendor/laravel/framework/src/Illuminate/Container/Container.php(731): Illuminate/Foundation/Application->resolve()
#4 D:/Project/cmms/vendor/laravel/framework/src/Illuminate/Foundation/Application.php(971): Illuminate/Container/Container->make()
#5 D:/Project/cmms/vendor/laravel/framework/src/Illuminate/Pipeline/Pipeline.php(172): Illuminate/Foundation/Application->make()
#6 D:/Project/cmms/vendor/laravel/framework/src/Illuminate/Pipeline/Pipeline.php(119): Illuminate/Pipeline/Pipeline->{closure:{closure:Illuminate/Pipeline/Pipeline::carry():158}:159}()
#7 D:/Project/cmms/vendor/laravel/framework/src/Illuminate/Routing/Router.php(805): Illuminate/Pipeline/Pipeline->then()
#8 D:/Project/cmms/vendor/laravel/framework/src/Illuminate/Routing/Router.php(784): Illuminate/Routing/Router->runRouteWithinStack()
#9 D:/Project/cmms/vendor/laravel/framework/src/Illuminate/Routing/Router.php(748): Illuminate/Routing/Router->runRoute()
#10 D:/Project/cmms/vendor/laravel/framework/src/Illuminate/Routing/Router.php(737): Illuminate/Routing/Router->dispatchToRoute()
#11 D:/Project/cmms/vendor/laravel/framework/src/Illuminate/Foundation/Http/Kernel.php(200): Illuminate/Routing/Router->dispatch()
#12 D:/Project/cmms/vendor/laravel/framework/src/Illuminate/Pipeline/Pipeline.php(144): Illuminate/Foundation/Http/Kernel->{closure:Illuminate/Foundation/Http/Kernel::dispatchToRouter():197}()
#13 D:/Project/cmms/vendor/laravel/framework/src/Illuminate/Pipeline/Pipeline.php(119): Illuminate/Pipeline/Pipeline->{closure:Illuminate/Pipeline/Pipeline::prepareDestination():142}()
#14 D:/Project/cmms/vendor/laravel/framework/src/Illuminate/Foundation/Http/Kernel.php(175): Illuminate/Pipeline/Pipeline->then()
#15 D:/Project/cmms/vendor/laravel/framework/src/Illuminate/Foundation/Http/Kernel.php(144): Illuminate/Foundation/Http/Kernel->sendRequestThroughRouter()
#16 D:/Project/cmms/public/index.php(14): Illuminate/Foundation/Http/Kernel->handle()
#17 D:/Project/cmms/vendor/laravel/framework/src/Illuminate/Foundation/resources/server.php(16): require_once('...')
#18 {main}
"} 
[2026-08-09 00:56:08] local.ERROR: Target class [web] does not exist. {"exception":"[object] (Illuminate\\Contracts\\Container\\BindingResolutionException(code: 0): Target class [web] does not exist. at D:/Project/cmms/vendor/laravel/framework/src/Illuminate/Container/Container.php:914)
[stacktrace]
#0 D:/Project/cmms/vendor/laravel/framework/src/Illuminate/Container/Container.php(795): Illuminate/Container/Container->build()
#1 D:/Project/cmms/vendor/laravel/framework/src/Illuminate/Foundation/Application.php(986): Illuminate/Container/Container->resolve()
#2 D:/Project/cmms/vendor/laravel/framework/src/Illuminate/Container/Container.php(731): Illuminate/Foundation/Application->resolve()
#3 D:/Project/cmms/vendor/laravel/framework/src/Illuminate/Foundation/Application.php(971): Illuminate/Container/Container->make()
#4 D:/Project/cmms/vendor/laravel/framework/src/Illuminate/Foundation/Http/Kernel.php(255): Illuminate/Foundation/Application->make()
#5 D:/Project/cmms/vendor/laravel/framework/src/Illuminate/Foundation/Http/Kernel.php(213): Illuminate/Foundation/Http/Kernel->terminateMiddleware()
#6 D:/Project/cmms/public/index.php(20): Illuminate/Foundation/Http/Kernel->terminate()
#7 D:/Project/cmms/vendor/laravel/framework/src/Illuminate/Foundation/resources/server.php(16): require_once('...')
#8 {main}

[previous exception] [object] (ReflectionException(code: -1): Class \"web\" does not exist at D:/Project/cmms/vendor/laravel/framework/src/Illuminate/Container/Container.php:912)
[stacktrace]
#0 D:/Project/cmms/vendor/laravel/framework/src/Illuminate/Container/Container.php(912): ReflectionClass->__construct()
#1 D:/Project/cmms/vendor/laravel/framework/src/Illuminate/Container/Container.php(795): Illuminate/Container/Container->build()
#2 D:/Project/cmms/vendor/laravel/framework/src/Illuminate/Foundation/Application.php(986): Illuminate/Container/Container->resolve()
#3 D:/Project/cmms/vendor/laravel/framework/src/Illuminate/Container/Container.php(731): Illuminate/Foundation/Application->resolve()
#4 D:/Project/cmms/vendor/laravel/framework/src/Illuminate/Foundation/Application.php(971): Illuminate/Container/Container->make()
#5 D:/Project/cmms/vendor/laravel/framework/src/Illuminate/Foundation/Http/Kernel.php(255): Illuminate/Foundation/Application->make()
#6 D:/Project/cmms/vendor/laravel/framework/src/Illuminate/Foundation/Http/Kernel.php(213): Illuminate/Foundation/Http/Kernel->terminateMiddleware()
#7 D:/Project/cmms/public/index.php(20): Illuminate/Foundation/Http/Kernel->terminate()
#8 D:/Project/cmms/vendor/laravel/framework/src/Illuminate/Foundation/resources/server.php(16): require_once('...')
#9 {main}
"} 
[2026-08-09 00:56:21] local.ERROR: Target class [web] does not exist. {"exception":"[object] (Illuminate\\Contracts\\Container\\BindingResolutionException(code: 0): Target class [web] does not exist. at D:/Project/cmms/vendor/laravel/framework/src/Illuminate/Container/Container.php:914)
[stacktrace]
#0 D:/Project/cmms/vendor/laravel/framework/src/Illuminate/Container/Container.php(795): Illuminate/Container/Container->build()
#1 D:/Project/cmms/vendor/laravel/framework/src/Illuminate/Foundation/Application.php(986): Illuminate/Container/Container->resolve()
#2 D:/Project/cmms/vendor/laravel/framework/src/Illuminate/Container/Container.php(731): Illuminate/Foundation/Application->resolve()
#3 D:/Project/cmms/vendor/laravel/framework/src/Illuminate/Foundation/Application.php(971): Illuminate/Container/Container->make()
#4 D:/Project/cmms/vendor/laravel/framework/src/Illuminate/Pipeline/Pipeline.php(172): Illuminate/Foundation/Application->make()
#5 D:/Project/cmms/vendor/laravel/framework/src/Illuminate/Pipeline/Pipeline.php(119): Illuminate/Pipeline/Pipeline->{closure:{closure:Illuminate/Pipeline/Pipeline::carry():158}:159}()
#6 D:/Project/cmms/vendor/laravel/framework/src/Illuminate/Routing/Router.php(805): Illuminate/Pipeline/Pipeline->then()
#7 D:/Project/cmms/vendor/laravel/framework/src/Illuminate/Routing/Router.php(784): Illuminate/Routing/Router->runRouteWithinStack()
#8 D:/Project/cmms/vendor/laravel/framework/src/Illuminate/Routing/Router.php(748): Illuminate/Routing/Router->runRoute()
#9 D:/Project/cmms/vendor/laravel/framework/src/Illuminate/Routing/Router.php(737): Illuminate/Routing/Router->dispatchToRoute()
#10 D:/Project/cmms/vendor/laravel/framework/src/Illuminate/Foundation/Http/Kernel.php(200): Illuminate/Routing/Router->dispatch()
#11 D:/Project/cmms/vendor/laravel/framework/src/Illuminate/Pipeline/Pipeline.php(144): Illuminate/Foundation/Http/Kernel->{closure:Illuminate/Foundation/Http/Kernel::dispatchToRouter():197}()
#12 D:/Project/cmms/vendor/laravel/framework/src/Illuminate/Pipeline/Pipeline.php(119): Illuminate/Pipeline/Pipeline->{closure:Illuminate/Pipeline/Pipeline::prepareDestination():142}()
#13 D:/Project/cmms/vendor/laravel/framework/src/Illuminate/Foundation/Http/Kernel.php(175): Illuminate/Pipeline/Pipeline->then()
#14 D:/Project/cmms/vendor/laravel/framework/src/Illuminate/Foundation/Http/Kernel.php(144): Illuminate/Foundation/Http/Kernel->sendRequestThroughRouter()
#15 D:/Project/cmms/public/index.php(14): Illuminate/Foundation/Http/Kernel->handle()
#16 D:/Project/cmms/vendor/laravel/framework/src/Illuminate/Foundation/resources/server.php(16): require_once('...')
#17 {main}

[previous exception] [object] (ReflectionException(code: -1): Class \"web\" does not exist at D:/Project/cmms/vendor/laravel/framework/src/Illuminate/Container/Container.php:912)
[stacktrace]
#0 D:/Project/cmms/vendor/laravel/framework/src/Illuminate/Container/Container.php(912): ReflectionClass->__construct()
#1 D:/Project/cmms/vendor/laravel/framework/src/Illuminate/Container/Container.php(795): Illuminate/Container/Container->build()
#2 D:/Project/cmms/vendor/laravel/framework/src/Illuminate/Foundation/Application.php(986): Illuminate/Container/Container->resolve()
#3 D:/Project/cmms/vendor/laravel/framework/src/Illuminate/Container/Container.php(731): Illuminate/Foundation/Application->resolve()
#4 D:/Project/cmms/vendor/laravel/framework/src/Illuminate/Foundation/Application.php(971): Illuminate/Container/Container->make()
#5 D:/Project/cmms/vendor/laravel/framework/src/Illuminate/Pipeline/Pipeline.php(172): Illuminate/Foundation/Application->make()
#6 D:/Project/cmms/vendor/laravel/framework/src/Illuminate/Pipeline/Pipeline.php(119): Illuminate/Pipeline/Pipeline->{closure:{closure:Illuminate/Pipeline/Pipeline::carry():158}:159}()
#7 D:/Project/cmms/vendor/laravel/framework/src/Illuminate/Routing/Router.php(805): Illuminate/Pipeline/Pipeline->then()
#8 D:/Project/cmms/vendor/laravel/framework/src/Illuminate/Routing/Router.php(784): Illuminate/Routing/Router->runRouteWithinStack()
#9 D:/Project/cmms/vendor/laravel/framework/src/Illuminate/Routing/Router.php(748): Illuminate/Routing/Router->runRoute()
#10 D:/Project/cmms/vendor/laravel/framework/src/Illuminate/Routing/Router.php(737): Illuminate/Routing/Router->dispatchToRoute()
#11 D:/Project/cmms/vendor/laravel/framework/src/Illuminate/Foundation/Http/Kernel.php(200): Illuminate/Routing/Router->dispatch()
#12 D:/Project/cmms/vendor/laravel/framework/src/Illuminate/Pipeline/Pipeline.php(144): Illuminate/Foundation/Http/Kernel->{closure:Illuminate/Foundation/Http/Kernel::dispatchToRouter():197}()
#13 D:/Project/cmms/vendor/laravel/framework/src/Illuminate/Pipeline/Pipeline.php(119): Illuminate/Pipeline/Pipeline->{closure:Illuminate/Pipeline/Pipeline::prepareDestination():142}()
#14 D:/Project/cmms/vendor/laravel/framework/src/Illuminate/Foundation/Http/Kernel.php(175): Illuminate/Pipeline/Pipeline->then()
#15 D:/Project/cmms/vendor/laravel/framework/src/Illuminate/Foundation/Http/Kernel.php(144): Illuminate/Foundation/Http/Kernel->sendRequestThroughRouter()
#16 D:/Project/cmms/public/index.php(14): Illuminate/Foundation/Http/Kernel->handle()
#17 D:/Project/cmms/vendor/laravel/framework/src/Illuminate/Foundation/resources/server.php(16): require_once('...')
#18 {main}
"} 
[2026-08-09 00:56:21] local.ERROR: Target class [web] does not exist. {"exception":"[object] (Illuminate\\Contracts\\Container\\BindingResolutionException(code: 0): Target class [web] does not exist. at D:/Project/cmms/vendor/laravel/framework/src/Illuminate/Container/Container.php:914)
[stacktrace]
#0 D:/Project/cmms/vendor/laravel/framework/src/Illuminate/Container/Container.php(795): Illuminate/Container/Container->build()
#1 D:/Project/cmms/vendor/laravel/framework/src/Illuminate/Foundation/Application.php(986): Illuminate/Container/Container->resolve()
#2 D:/Project/cmms/vendor/laravel/framework/src/Illuminate/Container/Container.php(731): Illuminate/Foundation/Application->resolve()
#3 D:/Project/cmms/vendor/laravel/framework/src/Illuminate/Foundation/Application.php(971): Illuminate/Container/Container->make()
#4 D:/Project/cmms/vendor/laravel/framework/src/Illuminate/Foundation/Http/Kernel.php(255): Illuminate/Foundation/Application->make()
#5 D:/Project/cmms/vendor/laravel/framework/src/Illuminate/Foundation/Http/Kernel.php(213): Illuminate/Foundation/Http/Kernel->terminateMiddleware()
#6 D:/Project/cmms/public/index.php(20): Illuminate/Foundation/Http/Kernel->terminate()
#7 D:/Project/cmms/vendor/laravel/framework/src/Illuminate/Foundation/resources/server.php(16): require_once('...')
#8 {main}

[previous exception] [object] (ReflectionException(code: -1): Class \"web\" does not exist at D:/Project/cmms/vendor/laravel/framework/src/Illuminate/Container/Container.php:912)
[stacktrace]
#0 D:/Project/cmms/vendor/laravel/framework/src/Illuminate/Container/Container.php(912): ReflectionClass->__construct()
#1 D:/Project/cmms/vendor/laravel/framework/src/Illuminate/Container/Container.php(795): Illuminate/Container/Container->build()
#2 D:/Project/cmms/vendor/laravel/framework/src/Illuminate/Foundation/Application.php(986): Illuminate/Container/Container->resolve()
#3 D:/Project/cmms/vendor/laravel/framework/src/Illuminate/Container/Container.php(731): Illuminate/Foundation/Application->resolve()
#4 D:/Project/cmms/vendor/laravel/framework/src/Illuminate/Foundation/Application.php(971): Illuminate/Container/Container->make()
#5 D:/Project/cmms/vendor/laravel/framework/src/Illuminate/Foundation/Http/Kernel.php(255): Illuminate/Foundation/Application->make()
#6 D:/Project/cmms/vendor/laravel/framework/src/Illuminate/Foundation/Http/Kernel.php(213): Illuminate/Foundation/Http/Kernel->terminateMiddleware()
#7 D:/Project/cmms/public/index.php(20): Illuminate/Foundation/Http/Kernel->terminate()
#8 D:/Project/cmms/vendor/laravel/framework/src/Illuminate/Foundation/resources/server.php(16): require_once('...')
#9 {main}
"} 
[2026-08-09 00:56:59] local.ERROR: Target class [web] does not exist. {"exception":"[object] (Illuminate\\Contracts\\Container\\BindingResolutionException(code: 0): Target class [web] does not exist. at D:/Project/cmms/vendor/laravel/framework/src/Illuminate/Container/Container.php:914)
[stacktrace]
#0 D:/Project/cmms/vendor/laravel/framework/src/Illuminate/Container/Container.php(795): Illuminate/Container/Container->build()
#1 D:/Project/cmms/vendor/laravel/framework/src/Illuminate/Foundation/Application.php(986): Illuminate/Container/Container->resolve()
#2 D:/Project/cmms/vendor/laravel/framework/src/Illuminate/Container/Container.php(731): Illuminate/Foundation/Application->resolve()
#3 D:/Project/cmms/vendor/laravel/framework/src/Illuminate/Foundation/Application.php(971): Illuminate/Container/Container->make()
#4 D:/Project/cmms/vendor/laravel/framework/src/Illuminate/Pipeline/Pipeline.php(172): Illuminate/Foundation/Application->make()
#5 D:/Project/cmms/vendor/laravel/framework/src/Illuminate/Pipeline/Pipeline.php(119): Illuminate/Pipeline/Pipeline->{closure:{closure:Illuminate/Pipeline/Pipeline::carry():158}:159}()
#6 D:/Project/cmms/vendor/laravel/framework/src/Illuminate/Routing/Router.php(805): Illuminate/Pipeline/Pipeline->then()
#7 D:/Project/cmms/vendor/laravel/framework/src/Illuminate/Routing/Router.php(784): Illuminate/Routing/Router->runRouteWithinStack()
#8 D:/Project/cmms/vendor/laravel/framework/src/Illuminate/Routing/Router.php(748): Illuminate/Routing/Router->runRoute()
#9 D:/Project/cmms/vendor/laravel/framework/src/Illuminate/Routing/Router.php(737): Illuminate/Routing/Router->dispatchToRoute()
#10 D:/Project/cmms/vendor/laravel/framework/src/Illuminate/Foundation/Http/Kernel.php(200): Illuminate/Routing/Router->dispatch()
#11 D:/Project/cmms/vendor/laravel/framework/src/Illuminate/Pipeline/Pipeline.php(144): Illuminate/Foundation/Http/Kernel->{closure:Illuminate/Foundation/Http/Kernel::dispatchToRouter():197}()
#12 D:/Project/cmms/vendor/laravel/framework/src/Illuminate/Pipeline/Pipeline.php(119): Illuminate/Pipeline/Pipeline->{closure:Illuminate/Pipeline/Pipeline::prepareDestination():142}()
#13 D:/Project/cmms/vendor/laravel/framework/src/Illuminate/Foundation/Http/Kernel.php(175): Illuminate/Pipeline/Pipeline->then()
#14 D:/Project/cmms/vendor/laravel/framework/src/Illuminate/Foundation/Http/Kernel.php(144): Illuminate/Foundation/Http/Kernel->sendRequestThroughRouter()
#15 D:/Project/cmms/public/index.php(14): Illuminate/Foundation/Http/Kernel->handle()
#16 D:/Project/cmms/vendor/laravel/framework/src/Illuminate/Foundation/resources/server.php(16): require_once('...')
#17 {main}

[previous exception] [object] (ReflectionException(code: -1): Class \"web\" does not exist at D:/Project/cmms/vendor/laravel/framework/src/Illuminate/Container/Container.php:912)
[stacktrace]
#0 D:/Project/cmms/vendor/laravel/framework/src/Illuminate/Container/Container.php(912): ReflectionClass->__construct()
#1 D:/Project/cmms/vendor/laravel/framework/src/Illuminate/Container/Container.php(795): Illuminate/Container/Container->build()
#2 D:/Project/cmms/vendor/laravel/framework/src/Illuminate/Foundation/Application.php(986): Illuminate/Container/Container->resolve()
#3 D:/Project/cmms/vendor/laravel/framework/src/Illuminate/Container/Container.php(731): Illuminate/Foundation/Application->resolve()
#4 D:/Project/cmms/vendor/laravel/framework/src/Illuminate/Foundation/Application.php(971): Illuminate/Container/Container->make()
#5 D:/Project/cmms/vendor/laravel/framework/src/Illuminate/Pipeline/Pipeline.php(172): Illuminate/Foundation/Application->make()
#6 D:/Project/cmms/vendor/laravel/framework/src/Illuminate/Pipeline/Pipeline.php(119): Illuminate/Pipeline/Pipeline->{closure:{closure:Illuminate/Pipeline/Pipeline::carry():158}:159}()
#7 D:/Project/cmms/vendor/laravel/framework/src/Illuminate/Routing/Router.php(805): Illuminate/Pipeline/Pipeline->then()
#8 D:/Project/cmms/vendor/laravel/framework/src/Illuminate/Routing/Router.php(784): Illuminate/Routing/Router->runRouteWithinStack()
#9 D:/Project/cmms/vendor/laravel/framework/src/Illuminate/Routing/Router.php(748): Illuminate/Routing/Router->runRoute()
#10 D:/Project/cmms/vendor/laravel/framework/src/Illuminate/Routing/Router.php(737): Illuminate/Routing/Router->dispatchToRoute()
#11 D:/Project/cmms/vendor/laravel/framework/src/Illuminate/Foundation/Http/Kernel.php(200): Illuminate/Routing/Router->dispatch()
#12 D:/Project/cmms/vendor/laravel/framework/src/Illuminate/Pipeline/Pipeline.php(144): Illuminate/Foundation/Http/Kernel->{closure:Illuminate/Foundation/Http/Kernel::dispatchToRouter():197}()
#13 D:/Project/cmms/vendor/laravel/framework/src/Illuminate/Pipeline/Pipeline.php(119): Illuminate/Pipeline/Pipeline->{closure:Illuminate/Pipeline/Pipeline::prepareDestination():142}()
#14 D:/Project/cmms/vendor/laravel/framework/src/Illuminate/Foundation/Http/Kernel.php(175): Illuminate/Pipeline/Pipeline->then()
#15 D:/Project/cmms/vendor/laravel/framework/src/Illuminate/Foundation/Http/Kernel.php(144): Illuminate/Foundation/Http/Kernel->sendRequestThroughRouter()
#16 D:/Project/cmms/public/index.php(14): Illuminate/Foundation/Http/Kernel->handle()
#17 D:/Project/cmms/vendor/laravel/framework/src/Illuminate/Foundation/resources/server.php(16): require_once('...')
#18 {main}
"} 
[2026-08-09 00:56:59] local.ERROR: Target class [web] does not exist. {"exception":"[object] (Illuminate\\Contracts\\Container\\BindingResolutionException(code: 0): Target class [web] does not exist. at D:/Project/cmms/vendor/laravel/framework/src/Illuminate/Container/Container.php:914)
[stacktrace]
#0 D:/Project/cmms/vendor/laravel/framework/src/Illuminate/Container/Container.php(795): Illuminate/Container/Container->build()
#1 D:/Project/cmms/vendor/laravel/framework/src/Illuminate/Foundation/Application.php(986): Illuminate/Container/Container->resolve()
#2 D:/Project/cmms/vendor/laravel/framework/src/Illuminate/Container/Container.php(731): Illuminate/Foundation/Application->resolve()
#3 D:/Project/cmms/vendor/laravel/framework/src/Illuminate/Foundation/Application.php(971): Illuminate/Container/Container->make()
#4 D:/Project/cmms/vendor/laravel/framework/src/Illuminate/Foundation/Http/Kernel.php(255): Illuminate/Foundation/Application->make()
#5 D:/Project/cmms/vendor/laravel/framework/src/Illuminate/Foundation/Http/Kernel.php(213): Illuminate/Foundation/Http/Kernel->terminateMiddleware()
#6 D:/Project/cmms/public/index.php(20): Illuminate/Foundation/Http/Kernel->terminate()
#7 D:/Project/cmms/vendor/laravel/framework/src/Illuminate/Foundation/resources/server.php(16): require_once('...')
#8 {main}

[previous exception] [object] (ReflectionException(code: -1): Class \"web\" does not exist at D:/Project/cmms/vendor/laravel/framework/src/Illuminate/Container/Container.php:912)
[stacktrace]
#0 D:/Project/cmms/vendor/laravel/framework/src/Illuminate/Container/Container.php(912): ReflectionClass->__construct()
#1 D:/Project/cmms/vendor/laravel/framework/src/Illuminate/Container/Container.php(795): Illuminate/Container/Container->build()
#2 D:/Project/cmms/vendor/laravel/framework/src/Illuminate/Foundation/Application.php(986): Illuminate/Container/Container->resolve()
#3 D:/Project/cmms/vendor/laravel/framework/src/Illuminate/Container/Container.php(731): Illuminate/Foundation/Application->resolve()
#4 D:/Project/cmms/vendor/laravel/framework/src/Illuminate/Foundation/Application.php(971): Illuminate/Container/Container->make()
#5 D:/Project/cmms/vendor/laravel/framework/src/Illuminate/Foundation/Http/Kernel.php(255): Illuminate/Foundation/Application->make()
#6 D:/Project/cmms/vendor/laravel/framework/src/Illuminate/Foundation/Http/Kernel.php(213): Illuminate/Foundation/Http/Kernel->terminateMiddleware()
#7 D:/Project/cmms/public/index.php(20): Illuminate/Foundation/Http/Kernel->terminate()
#8 D:/Project/cmms/vendor/laravel/framework/src/Illuminate/Foundation/resources/server.php(16): require_once('...')
#9 {main}
"} 
[2026-08-09 00:57:18] local.ERROR: Session store not set on request. {"exception":"[object] (RuntimeException(code: 0): Session store not set on request. at D:/Project/cmms/vendor/laravel/framework/src/Illuminate/Http/Request.php:560)
[stacktrace]
#0 D:/Project/cmms/app/Http/Controllers/CMMSController.php(31): Illuminate/Http/Request->session()
#1 D:/Project/cmms/vendor/laravel/framework/src/Illuminate/Routing/Controller.php(54): App/Http/Controllers/CMMSController->login()
#2 D:/Project/cmms/vendor/laravel/framework/src/Illuminate/Routing/ControllerDispatcher.php(43): Illuminate/Routing/Controller->callAction()
#3 D:/Project/cmms/vendor/laravel/framework/src/Illuminate/Routing/Route.php(259): Illuminate/Routing/ControllerDispatcher->dispatch()
#4 D:/Project/cmms/vendor/laravel/framework/src/Illuminate/Routing/Route.php(205): Illuminate/Routing/Route->runController()
#5 D:/Project/cmms/vendor/laravel/framework/src/Illuminate/Routing/Router.php(806): Illuminate/Routing/Route->run()
#6 D:/Project/cmms/vendor/laravel/framework/src/Illuminate/Pipeline/Pipeline.php(144): Illuminate/Routing/Router->{closure:Illuminate/Routing/Router::runRouteWithinStack():805}()
#7 D:/Project/cmms/vendor/laravel/framework/src/Illuminate/Pipeline/Pipeline.php(119): Illuminate/Pipeline/Pipeline->{closure:Illuminate/Pipeline/Pipeline::prepareDestination():142}()
#8 D:/Project/cmms/vendor/laravel/framework/src/Illuminate/Routing/Router.php(805): Illuminate/Pipeline/Pipeline->then()
#9 D:/Project/cmms/vendor/laravel/framework/src/Illuminate/Routing/Router.php(784): Illuminate/Routing/Router->runRouteWithinStack()
#10 D:/Project/cmms/vendor/laravel/framework/src/Illuminate/Routing/Router.php(748): Illuminate/Routing/Router->runRoute()
#11 D:/Project/cmms/vendor/laravel/framework/src/Illuminate/Routing/Router.php(737): Illuminate/Routing/Router->dispatchToRoute()
#12 D:/Project/cmms/vendor/laravel/framework/src/Illuminate/Foundation/Http/Kernel.php(200): Illuminate/Routing/Router->dispatch()
#13 D:/Project/cmms/vendor/laravel/framework/src/Illuminate/Pipeline/Pipeline.php(144): Illuminate/Foundation/Http/Kernel->{closure:Illuminate/Foundation/Http/Kernel::dispatchToRouter():197}()
#14 D:/Project/cmms/vendor/laravel/framework/src/Illuminate/Pipeline/Pipeline.php(119): Illuminate/Pipeline/Pipeline->{closure:Illuminate/Pipeline/Pipeline::prepareDestination():142}()
#15 D:/Project/cmms/vendor/laravel/framework/src/Illuminate/Foundation/Http/Kernel.php(175): Illuminate/Pipeline/Pipeline->then()
#16 D:/Project/cmms/vendor/laravel/framework/src/Illuminate/Foundation/Http/Kernel.php(144): Illuminate/Foundation/Http/Kernel->sendRequestThroughRouter()
#17 D:/Project/cmms/public/index.php(14): Illuminate/Foundation/Http/Kernel->handle()
#18 D:/Project/cmms/vendor/laravel/framework/src/Illuminate/Foundation/resources/server.php(16): require_once('...')
#19 {main}
"} 
[2026-08-09 01:21:08] local.ERROR: Session store not set on request. {"exception":"[object] (RuntimeException(code: 0): Session store not set on request. at D:/Project/cmms/vendor/laravel/framework/src/Illuminate/Http/Request.php:560)
[stacktrace]
#0 D:/Project/cmms/app/Http/Controllers/CMMSController.php(45): Illuminate/Http/Request->session()
#1 D:/Project/cmms/vendor/laravel/framework/src/Illuminate/Routing/Controller.php(54): App/Http/Controllers/CMMSController->data()
#2 D:/Project/cmms/vendor/laravel/framework/src/Illuminate/Routing/ControllerDispatcher.php(43): Illuminate/Routing/Controller->callAction()
#3 D:/Project/cmms/vendor/laravel/framework/src/Illuminate/Routing/Route.php(259): Illuminate/Routing/ControllerDispatcher->dispatch()
#4 D:/Project/cmms/vendor/laravel/framework/src/Illuminate/Routing/Route.php(205): Illuminate/Routing/Route->runController()
#5 D:/Project/cmms/vendor/laravel/framework/src/Illuminate/Routing/Router.php(806): Illuminate/Routing/Route->run()
#6 D:/Project/cmms/vendor/laravel/framework/src/Illuminate/Pipeline/Pipeline.php(144): Illuminate/Routing/Router->{closure:Illuminate/Routing/Router::runRouteWithinStack():805}()
#7 D:/Project/cmms/vendor/laravel/framework/src/Illuminate/Pipeline/Pipeline.php(119): Illuminate/Pipeline/Pipeline->{closure:Illuminate/Pipeline/Pipeline::prepareDestination():142}()
#8 D:/Project/cmms/vendor/laravel/framework/src/Illuminate/Routing/Router.php(805): Illuminate/Pipeline/Pipeline->then()
#9 D:/Project/cmms/vendor/laravel/framework/src/Illuminate/Routing/Router.php(784): Illuminate/Routing/Router->runRouteWithinStack()
#10 D:/Project/cmms/vendor/laravel/framework/src/Illuminate/Routing/Router.php(748): Illuminate/Routing/Router->runRoute()
#11 D:/Project/cmms/vendor/laravel/framework/src/Illuminate/Routing/Router.php(737): Illuminate/Routing/Router->dispatchToRoute()
#12 D:/Project/cmms/vendor/laravel/framework/src/Illuminate/Foundation/Http/Kernel.php(200): Illuminate/Routing/Router->dispatch()
#13 D:/Project/cmms/vendor/laravel/framework/src/Illuminate/Pipeline/Pipeline.php(144): Illuminate/Foundation/Http/Kernel->{closure:Illuminate/Foundation/Http/Kernel::dispatchToRouter():197}()
#14 D:/Project/cmms/vendor/laravel/framework/src/Illuminate/Pipeline/Pipeline.php(119): Illuminate/Pipeline/Pipeline->{closure:Illuminate/Pipeline/Pipeline::prepareDestination():142}()
#15 D:/Project/cmms/vendor/laravel/framework/src/Illuminate/Foundation/Http/Kernel.php(175): Illuminate/Pipeline/Pipeline->then()
#16 D:/Project/cmms/vendor/laravel/framework/src/Illuminate/Foundation/Http/Kernel.php(144): Illuminate/Foundation/Http/Kernel->sendRequestThroughRouter()
#17 D:/Project/cmms/public/index.php(14): Illuminate/Foundation/Http/Kernel->handle()
#18 D:/Project/cmms/vendor/laravel/framework/src/Illuminate/Foundation/resources/server.php(16): require_once('...')
#19 {main}
"} 
[2026-08-09 01:21:26] local.ERROR: Session store not set on request. {"exception":"[object] (RuntimeException(code: 0): Session store not set on request. at D:/Project/cmms/vendor/laravel/framework/src/Illuminate/Http/Request.php:560)
[stacktrace]
#0 D:/Project/cmms/app/Http/Controllers/CMMSController.php(31): Illuminate/Http/Request->session()
#1 D:/Project/cmms/vendor/laravel/framework/src/Illuminate/Routing/Controller.php(54): App/Http/Controllers/CMMSController->login()
#2 D:/Project/cmms/vendor/laravel/framework/src/Illuminate/Routing/ControllerDispatcher.php(43): Illuminate/Routing/Controller->callAction()
#3 D:/Project/cmms/vendor/laravel/framework/src/Illuminate/Routing/Route.php(259): Illuminate/Routing/ControllerDispatcher->dispatch()
#4 D:/Project/cmms/vendor/laravel/framework/src/Illuminate/Routing/Route.php(205): Illuminate/Routing/Route->runController()
#5 D:/Project/cmms/vendor/laravel/framework/src/Illuminate/Routing/Router.php(806): Illuminate/Routing/Route->run()
#6 D:/Project/cmms/vendor/laravel/framework/src/Illuminate/Pipeline/Pipeline.php(144): Illuminate/Routing/Router->{closure:Illuminate/Routing/Router::runRouteWithinStack():805}()
#7 D:/Project/cmms/vendor/laravel/framework/src/Illuminate/Pipeline/Pipeline.php(119): Illuminate/Pipeline/Pipeline->{closure:Illuminate/Pipeline/Pipeline::prepareDestination():142}()
#8 D:/Project/cmms/vendor/laravel/framework/src/Illuminate/Routing/Router.php(805): Illuminate/Pipeline/Pipeline->then()
#9 D:/Project/cmms/vendor/laravel/framework/src/Illuminate/Routing/Router.php(784): Illuminate/Routing/Router->runRouteWithinStack()
#10 D:/Project/cmms/vendor/laravel/framework/src/Illuminate/Routing/Router.php(748): Illuminate/Routing/Router->runRoute()
#11 D:/Project/cmms/vendor/laravel/framework/src/Illuminate/Routing/Router.php(737): Illuminate/Routing/Router->dispatchToRoute()
#12 D:/Project/cmms/vendor/laravel/framework/src/Illuminate/Foundation/Http/Kernel.php(200): Illuminate/Routing/Router->dispatch()
#13 D:/Project/cmms/vendor/laravel/framework/src/Illuminate/Pipeline/Pipeline.php(144): Illuminate/Foundation/Http/Kernel->{closure:Illuminate/Foundation/Http/Kernel::dispatchToRouter():197}()
#14 D:/Project/cmms/vendor/laravel/framework/src/Illuminate/Pipeline/Pipeline.php(119): Illuminate/Pipeline/Pipeline->{closure:Illuminate/Pipeline/Pipeline::prepareDestination():142}()
#15 D:/Project/cmms/vendor/laravel/framework/src/Illuminate/Foundation/Http/Kernel.php(175): Illuminate/Pipeline/Pipeline->then()
#16 D:/Project/cmms/vendor/laravel/framework/src/Illuminate/Foundation/Http/Kernel.php(144): Illuminate/Foundation/Http/Kernel->sendRequestThroughRouter()
#17 D:/Project/cmms/public/index.php(14): Illuminate/Foundation/Http/Kernel->handle()
#18 D:/Project/cmms/vendor/laravel/framework/src/Illuminate/Foundation/resources/server.php(16): require_once('...')
#19 {main}
"} 
[2026-08-09 01:21:50] local.ERROR: Session store not set on request. {"exception":"[object] (RuntimeException(code: 0): Session store not set on request. at D:/Project/cmms/vendor/laravel/framework/src/Illuminate/Http/Request.php:560)
[stacktrace]
#0 D:/Project/cmms/app/Http/Controllers/CMMSController.php(31): Illuminate/Http/Request->session()
#1 D:/Project/cmms/vendor/laravel/framework/src/Illuminate/Routing/Controller.php(54): App/Http/Controllers/CMMSController->login()
#2 D:/Project/cmms/vendor/laravel/framework/src/Illuminate/Routing/ControllerDispatcher.php(43): Illuminate/Routing/Controller->callAction()
#3 D:/Project/cmms/vendor/laravel/framework/src/Illuminate/Routing/Route.php(259): Illuminate/Routing/ControllerDispatcher->dispatch()
#4 D:/Project/cmms/vendor/laravel/framework/src/Illuminate/Routing/Route.php(205): Illuminate/Routing/Route->runController()
#5 D:/Project/cmms/vendor/laravel/framework/src/Illuminate/Routing/Router.php(806): Illuminate/Routing/Route->run()
#6 D:/Project/cmms/vendor/laravel/framework/src/Illuminate/Pipeline/Pipeline.php(144): Illuminate/Routing/Router->{closure:Illuminate/Routing/Router::runRouteWithinStack():805}()
#7 D:/Project/cmms/vendor/laravel/framework/src/Illuminate/Pipeline/Pipeline.php(119): Illuminate/Pipeline/Pipeline->{closure:Illuminate/Pipeline/Pipeline::prepareDestination():142}()
#8 D:/Project/cmms/vendor/laravel/framework/src/Illuminate/Routing/Router.php(805): Illuminate/Pipeline/Pipeline->then()
#9 D:/Project/cmms/vendor/laravel/framework/src/Illuminate/Routing/Router.php(784): Illuminate/Routing/Router->runRouteWithinStack()
#10 D:/Project/cmms/vendor/laravel/framework/src/Illuminate/Routing/Router.php(748): Illuminate/Routing/Router->runRoute()
#11 D:/Project/cmms/vendor/laravel/framework/src/Illuminate/Routing/Router.php(737): Illuminate/Routing/Router->dispatchToRoute()
#12 D:/Project/cmms/vendor/laravel/framework/src/Illuminate/Foundation/Http/Kernel.php(200): Illuminate/Routing/Router->dispatch()
#13 D:/Project/cmms/vendor/laravel/framework/src/Illuminate/Pipeline/Pipeline.php(144): Illuminate/Foundation/Http/Kernel->{closure:Illuminate/Foundation/Http/Kernel::dispatchToRouter():197}()
#14 D:/Project/cmms/vendor/laravel/framework/src/Illuminate/Pipeline/Pipeline.php(119): Illuminate/Pipeline/Pipeline->{closure:Illuminate/Pipeline/Pipeline::prepareDestination():142}()
#15 D:/Project/cmms/vendor/laravel/framework/src/Illuminate/Foundation/Http/Kernel.php(175): Illuminate/Pipeline/Pipeline->then()
#16 D:/Project/cmms/vendor/laravel/framework/src/Illuminate/Foundation/Http/Kernel.php(144): Illuminate/Foundation/Http/Kernel->sendRequestThroughRouter()
#17 D:/Project/cmms/public/index.php(14): Illuminate/Foundation/Http/Kernel->handle()
#18 D:/Project/cmms/vendor/laravel/framework/src/Illuminate/Foundation/resources/server.php(16): require_once('...')
#19 {main}
"} 
[2026-08-09 01:42:21] local.ERROR: Target class [web] does not exist. {"exception":"[object] (Illuminate\\Contracts\\Container\\BindingResolutionException(code: 0): Target class [web] does not exist. at D:/Project/cmms/vendor/laravel/framework/src/Illuminate/Container/Container.php:914)
[stacktrace]
#0 D:/Project/cmms/vendor/laravel/framework/src/Illuminate/Container/Container.php(795): Illuminate/Container/Container->build()
#1 D:/Project/cmms/vendor/laravel/framework/src/Illuminate/Foundation/Application.php(986): Illuminate/Container/Container->resolve()
#2 D:/Project/cmms/vendor/laravel/framework/src/Illuminate/Container/Container.php(731): Illuminate/Foundation/Application->resolve()
#3 D:/Project/cmms/vendor/laravel/framework/src/Illuminate/Foundation/Application.php(971): Illuminate/Container/Container->make()
#4 D:/Project/cmms/vendor/laravel/framework/src/Illuminate/Pipeline/Pipeline.php(172): Illuminate/Foundation/Application->make()
#5 D:/Project/cmms/vendor/laravel/framework/src/Illuminate/Pipeline/Pipeline.php(119): Illuminate/Pipeline/Pipeline->{closure:{closure:Illuminate/Pipeline/Pipeline::carry():158}:159}()
#6 D:/Project/cmms/vendor/laravel/framework/src/Illuminate/Routing/Router.php(805): Illuminate/Pipeline/Pipeline->then()
#7 D:/Project/cmms/vendor/laravel/framework/src/Illuminate/Routing/Router.php(784): Illuminate/Routing/Router->runRouteWithinStack()
#8 D:/Project/cmms/vendor/laravel/framework/src/Illuminate/Routing/Router.php(748): Illuminate/Routing/Router->runRoute()
#9 D:/Project/cmms/vendor/laravel/framework/src/Illuminate/Routing/Router.php(737): Illuminate/Routing/Router->dispatchToRoute()
#10 D:/Project/cmms/vendor/laravel/framework/src/Illuminate/Foundation/Http/Kernel.php(200): Illuminate/Routing/Router->dispatch()
#11 D:/Project/cmms/vendor/laravel/framework/src/Illuminate/Pipeline/Pipeline.php(144): Illuminate/Foundation/Http/Kernel->{closure:Illuminate/Foundation/Http/Kernel::dispatchToRouter():197}()
#12 D:/Project/cmms/vendor/laravel/framework/src/Illuminate/Pipeline/Pipeline.php(119): Illuminate/Pipeline/Pipeline->{closure:Illuminate/Pipeline/Pipeline::prepareDestination():142}()
#13 D:/Project/cmms/vendor/laravel/framework/src/Illuminate/Foundation/Http/Kernel.php(175): Illuminate/Pipeline/Pipeline->then()
#14 D:/Project/cmms/vendor/laravel/framework/src/Illuminate/Foundation/Http/Kernel.php(144): Illuminate/Foundation/Http/Kernel->sendRequestThroughRouter()
#15 D:/Project/cmms/public/index.php(14): Illuminate/Foundation/Http/Kernel->handle()
#16 D:/Project/cmms/vendor/laravel/framework/src/Illuminate/Foundation/resources/server.php(16): require_once('...')
#17 {main}

[previous exception] [object] (ReflectionException(code: -1): Class \"web\" does not exist at D:/Project/cmms/vendor/laravel/framework/src/Illuminate/Container/Container.php:912)
[stacktrace]
#0 D:/Project/cmms/vendor/laravel/framework/src/Illuminate/Container/Container.php(912): ReflectionClass->__construct()
#1 D:/Project/cmms/vendor/laravel/framework/src/Illuminate/Container/Container.php(795): Illuminate/Container/Container->build()
#2 D:/Project/cmms/vendor/laravel/framework/src/Illuminate/Foundation/Application.php(986): Illuminate/Container/Container->resolve()
#3 D:/Project/cmms/vendor/laravel/framework/src/Illuminate/Container/Container.php(731): Illuminate/Foundation/Application->resolve()
#4 D:/Project/cmms/vendor/laravel/framework/src/Illuminate/Foundation/Application.php(971): Illuminate/Container/Container->make()
#5 D:/Project/cmms/vendor/laravel/framework/src/Illuminate/Pipeline/Pipeline.php(172): Illuminate/Foundation/Application->make()
#6 D:/Project/cmms/vendor/laravel/framework/src/Illuminate/Pipeline/Pipeline.php(119): Illuminate/Pipeline/Pipeline->{closure:{closure:Illuminate/Pipeline/Pipeline::carry():158}:159}()
#7 D:/Project/cmms/vendor/laravel/framework/src/Illuminate/Routing/Router.php(805): Illuminate/Pipeline/Pipeline->then()
#8 D:/Project/cmms/vendor/laravel/framework/src/Illuminate/Routing/Router.php(784): Illuminate/Routing/Router->runRouteWithinStack()
#9 D:/Project/cmms/vendor/laravel/framework/src/Illuminate/Routing/Router.php(748): Illuminate/Routing/Router->runRoute()
#10 D:/Project/cmms/vendor/laravel/framework/src/Illuminate/Routing/Router.php(737): Illuminate/Routing/Router->dispatchToRoute()
#11 D:/Project/cmms/vendor/laravel/framework/src/Illuminate/Foundation/Http/Kernel.php(200): Illuminate/Routing/Router->dispatch()
#12 D:/Project/cmms/vendor/laravel/framework/src/Illuminate/Pipeline/Pipeline.php(144): Illuminate/Foundation/Http/Kernel->{closure:Illuminate/Foundation/Http/Kernel::dispatchToRouter():197}()
#13 D:/Project/cmms/vendor/laravel/framework/src/Illuminate/Pipeline/Pipeline.php(119): Illuminate/Pipeline/Pipeline->{closure:Illuminate/Pipeline/Pipeline::prepareDestination():142}()
#14 D:/Project/cmms/vendor/laravel/framework/src/Illuminate/Foundation/Http/Kernel.php(175): Illuminate/Pipeline/Pipeline->then()
#15 D:/Project/cmms/vendor/laravel/framework/src/Illuminate/Foundation/Http/Kernel.php(144): Illuminate/Foundation/Http/Kernel->sendRequestThroughRouter()
#16 D:/Project/cmms/public/index.php(14): Illuminate/Foundation/Http/Kernel->handle()
#17 D:/Project/cmms/vendor/laravel/framework/src/Illuminate/Foundation/resources/server.php(16): require_once('...')
#18 {main}
"} 
[2026-08-09 01:42:21] local.ERROR: Target class [web] does not exist. {"exception":"[object] (Illuminate\\Contracts\\Container\\BindingResolutionException(code: 0): Target class [web] does not exist. at D:/Project/cmms/vendor/laravel/framework/src/Illuminate/Container/Container.php:914)
[stacktrace]
#0 D:/Project/cmms/vendor/laravel/framework/src/Illuminate/Container/Container.php(795): Illuminate/Container/Container->build()
#1 D:/Project/cmms/vendor/laravel/framework/src/Illuminate/Foundation/Application.php(986): Illuminate/Container/Container->resolve()
#2 D:/Project/cmms/vendor/laravel/framework/src/Illuminate/Container/Container.php(731): Illuminate/Foundation/Application->resolve()
#3 D:/Project/cmms/vendor/laravel/framework/src/Illuminate/Foundation/Application.php(971): Illuminate/Container/Container->make()
#4 D:/Project/cmms/vendor/laravel/framework/src/Illuminate/Foundation/Http/Kernel.php(255): Illuminate/Foundation/Application->make()
#5 D:/Project/cmms/vendor/laravel/framework/src/Illuminate/Foundation/Http/Kernel.php(213): Illuminate/Foundation/Http/Kernel->terminateMiddleware()
#6 D:/Project/cmms/public/index.php(20): Illuminate/Foundation/Http/Kernel->terminate()
#7 D:/Project/cmms/vendor/laravel/framework/src/Illuminate/Foundation/resources/server.php(16): require_once('...')
#8 {main}

[previous exception] [object] (ReflectionException(code: -1): Class \"web\" does not exist at D:/Project/cmms/vendor/laravel/framework/src/Illuminate/Container/Container.php:912)
[stacktrace]
#0 D:/Project/cmms/vendor/laravel/framework/src/Illuminate/Container/Container.php(912): ReflectionClass->__construct()
#1 D:/Project/cmms/vendor/laravel/framework/src/Illuminate/Container/Container.php(795): Illuminate/Container/Container->build()
#2 D:/Project/cmms/vendor/laravel/framework/src/Illuminate/Foundation/Application.php(986): Illuminate/Container/Container->resolve()
#3 D:/Project/cmms/vendor/laravel/framework/src/Illuminate/Container/Container.php(731): Illuminate/Foundation/Application->resolve()
#4 D:/Project/cmms/vendor/laravel/framework/src/Illuminate/Foundation/Application.php(971): Illuminate/Container/Container->make()
#5 D:/Project/cmms/vendor/laravel/framework/src/Illuminate/Foundation/Http/Kernel.php(255): Illuminate/Foundation/Application->make()
#6 D:/Project/cmms/vendor/laravel/framework/src/Illuminate/Foundation/Http/Kernel.php(213): Illuminate/Foundation/Http/Kernel->terminateMiddleware()
#7 D:/Project/cmms/public/index.php(20): Illuminate/Foundation/Http/Kernel->terminate()
#8 D:/Project/cmms/vendor/laravel/framework/src/Illuminate/Foundation/resources/server.php(16): require_once('...')
#9 {main}
"} 
[2026-08-09 01:51:01] local.ERROR: Target class [cache] does not exist. {"exception":"[object] (Illuminate\\Contracts\\Container\\BindingResolutionException(code: 0): Target class [cache] does not exist. at D:/Project/cmms/vendor/laravel/framework/src/Illuminate/Container/Container.php:914)
[stacktrace]
#0 D:/Project/cmms/vendor/laravel/framework/src/Illuminate/Container/Container.php(795): Illuminate/Container/Container->build()
#1 D:/Project/cmms/vendor/laravel/framework/src/Illuminate/Foundation/Application.php(986): Illuminate/Container/Container->resolve()
#2 D:/Project/cmms/vendor/laravel/framework/src/Illuminate/Container/Container.php(731): Illuminate/Foundation/Application->resolve()
#3 D:/Project/cmms/vendor/laravel/framework/src/Illuminate/Foundation/Application.php(971): Illuminate/Container/Container->make()
#4 D:/Project/cmms/vendor/laravel/framework/src/Illuminate/Container/Container.php(1454): Illuminate/Foundation/Application->make()
#5 D:/Project/cmms/vendor/laravel/framework/src/Illuminate/Foundation/Providers/ArtisanServiceProvider.php(273): Illuminate/Container/Container->offsetGet()
#6 D:/Project/cmms/vendor/laravel/framework/src/Illuminate/Container/Container.php(908): Illuminate/Foundation/Providers/ArtisanServiceProvider->{closure:Illuminate/Foundation/Providers/ArtisanServiceProvider::registerCacheClearCommand():272}()
#7 D:/Project/cmms/vendor/laravel/framework/src/Illuminate/Container/Container.php(795): Illuminate/Container/Container->build()
#8 D:/Project/cmms/vendor/laravel/framework/src/Illuminate/Foundation/Application.php(986): Illuminate/Container/Container->resolve()
#9 D:/Project/cmms/vendor/laravel/framework/src/Illuminate/Container/Container.php(742): Illuminate/Foundation/Application->resolve()
#10 D:/Project/cmms/vendor/laravel/framework/src/Illuminate/Console/ContainerCommandLoader.php(53): Illuminate/Container/Container->get()
#11 D:/Project/cmms/vendor/symfony/console/Application.php(626): Illuminate/Console/ContainerCommandLoader->get()
#12 D:/Project/cmms/vendor/symfony/console/Application.php(713): Symfony/Component/Console/Application->has()
#13 D:/Project/cmms/vendor/laravel/framework/src/Illuminate/Console/Command.php(241): Symfony/Component/Console/Application->find()
#14 D:/Project/cmms/vendor/laravel/framework/src/Illuminate/Console/Concerns/CallsCommands.php(67): Illuminate/Console/Command->resolveCommand()
#15 D:/Project/cmms/vendor/laravel/framework/src/Illuminate/Console/Concerns/CallsCommands.php(40): Illuminate/Console/Command->runCommand()
#16 D:/Project/cmms/vendor/laravel/framework/src/Illuminate/Foundation/Console/OptimizeClearCommand.php(37): Illuminate/Console/Command->callSilent()
#17 D:/Project/cmms/vendor/laravel/framework/src/Illuminate/Console/View/Components/Task.php(37): Illuminate/Foundation/Console/OptimizeClearCommand->{closure:Illuminate/Foundation/Console/OptimizeClearCommand::handle():37}()
#18 D:/Project/cmms/vendor/laravel/framework/src/Illuminate/Console/View/Components/Factory.php(58): Illuminate/Console/View/Components/Task->render()
#19 D:/Project/cmms/vendor/laravel/framework/src/Illuminate/Foundation/Console/OptimizeClearCommand.php(41): Illuminate/Console/View/Components/Factory->__call()
#20 D:/Project/cmms/vendor/laravel/framework/src/Illuminate/Collections/Traits/EnumeratesValues.php(240): Illuminate/Foundation/Console/OptimizeClearCommand->{closure:Illuminate/Foundation/Console/OptimizeClearCommand::handle():41}()
#21 D:/Project/cmms/vendor/laravel/framework/src/Illuminate/Foundation/Console/OptimizeClearCommand.php(41): Illuminate/Support/Collection->each()
#22 D:/Project/cmms/vendor/laravel/framework/src/Illuminate/Container/BoundMethod.php(36): Illuminate/Foundation/Console/OptimizeClearCommand->handle()
#23 D:/Project/cmms/vendor/laravel/framework/src/Illuminate/Container/Util.php(41): Illuminate/Container/BoundMethod::{closure:Illuminate/Container/BoundMethod::call():35}()
#24 D:/Project/cmms/vendor/laravel/framework/src/Illuminate/Container/BoundMethod.php(93): Illuminate/Container/Util::unwrapIfClosure()
#25 D:/Project/cmms/vendor/laravel/framework/src/Illuminate/Container/BoundMethod.php(35): Illuminate/Container/BoundMethod::callBoundMethod()
#26 D:/Project/cmms/vendor/laravel/framework/src/Illuminate/Container/Container.php(662): Illuminate/Container/BoundMethod::call()
#27 D:/Project/cmms/vendor/laravel/framework/src/Illuminate/Console/Command.php(211): Illuminate/Container/Container->call()
#28 D:/Project/cmms/vendor/symfony/console/Command/Command.php(326): Illuminate/Console/Command->execute()
#29 D:/Project/cmms/vendor/laravel/framework/src/Illuminate/Console/Command.php(180): Symfony/Component/Console/Command/Command->run()
#30 D:/Project/cmms/vendor/symfony/console/Application.php(1121): Illuminate/Console/Command->run()
#31 D:/Project/cmms/vendor/symfony/console/Application.php(324): Symfony/Component/Console/Application->doRunCommand()
#32 D:/Project/cmms/vendor/symfony/console/Application.php(175): Symfony/Component/Console/Application->doRun()
#33 D:/Project/cmms/vendor/laravel/framework/src/Illuminate/Foundation/Console/Kernel.php(201): Symfony/Component/Console/Application->run()
#34 D:/Project/cmms/artisan(14): Illuminate/Foundation/Console/Kernel->handle()
#35 {main}

[previous exception] [object] (ReflectionException(code: -1): Class \"cache\" does not exist at D:/Project/cmms/vendor/laravel/framework/src/Illuminate/Container/Container.php:912)
[stacktrace]
#0 D:/Project/cmms/vendor/laravel/framework/src/Illuminate/Container/Container.php(912): ReflectionClass->__construct()
#1 D:/Project/cmms/vendor/laravel/framework/src/Illuminate/Container/Container.php(795): Illuminate/Container/Container->build()
#2 D:/Project/cmms/vendor/laravel/framework/src/Illuminate/Foundation/Application.php(986): Illuminate/Container/Container->resolve()
#3 D:/Project/cmms/vendor/laravel/framework/src/Illuminate/Container/Container.php(731): Illuminate/Foundation/Application->resolve()
#4 D:/Project/cmms/vendor/laravel/framework/src/Illuminate/Foundation/Application.php(971): Illuminate/Container/Container->make()
#5 D:/Project/cmms/vendor/laravel/framework/src/Illuminate/Container/Container.php(1454): Illuminate/Foundation/Application->make()
#6 D:/Project/cmms/vendor/laravel/framework/src/Illuminate/Foundation/Providers/ArtisanServiceProvider.php(273): Illuminate/Container/Container->offsetGet()
#7 D:/Project/cmms/vendor/laravel/framework/src/Illuminate/Container/Container.php(908): Illuminate/Foundation/Providers/ArtisanServiceProvider->{closure:Illuminate/Foundation/Providers/ArtisanServiceProvider::registerCacheClearCommand():272}()
#8 D:/Project/cmms/vendor/laravel/framework/src/Illuminate/Container/Container.php(795): Illuminate/Container/Container->build()
#9 D:/Project/cmms/vendor/laravel/framework/src/Illuminate/Foundation/Application.php(986): Illuminate/Container/Container->resolve()
#10 D:/Project/cmms/vendor/laravel/framework/src/Illuminate/Container/Container.php(742): Illuminate/Foundation/Application->resolve()
#11 D:/Project/cmms/vendor/laravel/framework/src/Illuminate/Console/ContainerCommandLoader.php(53): Illuminate/Container/Container->get()
#12 D:/Project/cmms/vendor/symfony/console/Application.php(626): Illuminate/Console/ContainerCommandLoader->get()
#13 D:/Project/cmms/vendor/symfony/console/Application.php(713): Symfony/Component/Console/Application->has()
#14 D:/Project/cmms/vendor/laravel/framework/src/Illuminate/Console/Command.php(241): Symfony/Component/Console/Application->find()
#15 D:/Project/cmms/vendor/laravel/framework/src/Illuminate/Console/Concerns/CallsCommands.php(67): Illuminate/Console/Command->resolveCommand()
#16 D:/Project/cmms/vendor/laravel/framework/src/Illuminate/Console/Concerns/CallsCommands.php(40): Illuminate/Console/Command->runCommand()
#17 D:/Project/cmms/vendor/laravel/framework/src/Illuminate/Foundation/Console/OptimizeClearCommand.php(37): Illuminate/Console/Command->callSilent()
#18 D:/Project/cmms/vendor/laravel/framework/src/Illuminate/Console/View/Components/Task.php(37): Illuminate/Foundation/Console/OptimizeClearCommand->{closure:Illuminate/Foundation/Console/OptimizeClearCommand::handle():37}()
#19 D:/Project/cmms/vendor/laravel/framework/src/Illuminate/Console/View/Components/Factory.php(58): Illuminate/Console/View/Components/Task->render()
#20 D:/Project/cmms/vendor/laravel/framework/src/Illuminate/Foundation/Console/OptimizeClearCommand.php(41): Illuminate/Console/View/Components/Factory->__call()
#21 D:/Project/cmms/vendor/laravel/framework/src/Illuminate/Collections/Traits/EnumeratesValues.php(240): Illuminate/Foundation/Console/OptimizeClearCommand->{closure:Illuminate/Foundation/Console/OptimizeClearCommand::handle():41}()
#22 D:/Project/cmms/vendor/laravel/framework/src/Illuminate/Foundation/Console/OptimizeClearCommand.php(41): Illuminate/Support/Collection->each()
#23 D:/Project/cmms/vendor/laravel/framework/src/Illuminate/Container/BoundMethod.php(36): Illuminate/Foundation/Console/OptimizeClearCommand->handle()
#24 D:/Project/cmms/vendor/laravel/framework/src/Illuminate/Container/Util.php(41): Illuminate/Container/BoundMethod::{closure:Illuminate/Container/BoundMethod::call():35}()
#25 D:/Project/cmms/vendor/laravel/framework/src/Illuminate/Container/BoundMethod.php(93): Illuminate/Container/Util::unwrapIfClosure()
#26 D:/Project/cmms/vendor/laravel/framework/src/Illuminate/Container/BoundMethod.php(35): Illuminate/Container/BoundMethod::callBoundMethod()
#27 D:/Project/cmms/vendor/laravel/framework/src/Illuminate/Container/Container.php(662): Illuminate/Container/BoundMethod::call()
#28 D:/Project/cmms/vendor/laravel/framework/src/Illuminate/Console/Command.php(211): Illuminate/Container/Container->call()
#29 D:/Project/cmms/vendor/symfony/console/Command/Command.php(326): Illuminate/Console/Command->execute()
#30 D:/Project/cmms/vendor/laravel/framework/src/Illuminate/Console/Command.php(180): Symfony/Component/Console/Command/Command->run()
#31 D:/Project/cmms/vendor/symfony/console/Application.php(1121): Illuminate/Console/Command->run()
#32 D:/Project/cmms/vendor/symfony/console/Application.php(324): Symfony/Component/Console/Application->doRunCommand()
#33 D:/Project/cmms/vendor/symfony/console/Application.php(175): Symfony/Component/Console/Application->doRun()
#34 D:/Project/cmms/vendor/laravel/framework/src/Illuminate/Foundation/Console/Kernel.php(201): Symfony/Component/Console/Application->run()
#35 D:/Project/cmms/artisan(14): Illuminate/Foundation/Console/Kernel->handle()
#36 {main}
"} 
[2026-08-09 01:51:27] local.ERROR: Target class [web] does not exist. {"exception":"[object] (Illuminate\\Contracts\\Container\\BindingResolutionException(code: 0): Target class [web] does not exist. at D:/Project/cmms/vendor/laravel/framework/src/Illuminate/Container/Container.php:914)
[stacktrace]
#0 D:/Project/cmms/vendor/laravel/framework/src/Illuminate/Container/Container.php(795): Illuminate/Container/Container->build()
#1 D:/Project/cmms/vendor/laravel/framework/src/Illuminate/Foundation/Application.php(986): Illuminate/Container/Container->resolve()
#2 D:/Project/cmms/vendor/laravel/framework/src/Illuminate/Container/Container.php(731): Illuminate/Foundation/Application->resolve()
#3 D:/Project/cmms/vendor/laravel/framework/src/Illuminate/Foundation/Application.php(971): Illuminate/Container/Container->make()
#4 D:/Project/cmms/vendor/laravel/framework/src/Illuminate/Pipeline/Pipeline.php(172): Illuminate/Foundation/Application->make()
#5 D:/Project/cmms/vendor/laravel/framework/src/Illuminate/Pipeline/Pipeline.php(119): Illuminate/Pipeline/Pipeline->{closure:{closure:Illuminate/Pipeline/Pipeline::carry():158}:159}()
#6 D:/Project/cmms/vendor/laravel/framework/src/Illuminate/Routing/Router.php(805): Illuminate/Pipeline/Pipeline->then()
#7 D:/Project/cmms/vendor/laravel/framework/src/Illuminate/Routing/Router.php(784): Illuminate/Routing/Router->runRouteWithinStack()
#8 D:/Project/cmms/vendor/laravel/framework/src/Illuminate/Routing/Router.php(748): Illuminate/Routing/Router->runRoute()
#9 D:/Project/cmms/vendor/laravel/framework/src/Illuminate/Routing/Router.php(737): Illuminate/Routing/Router->dispatchToRoute()
#10 D:/Project/cmms/vendor/laravel/framework/src/Illuminate/Foundation/Http/Kernel.php(200): Illuminate/Routing/Router->dispatch()
#11 D:/Project/cmms/vendor/laravel/framework/src/Illuminate/Pipeline/Pipeline.php(144): Illuminate/Foundation/Http/Kernel->{closure:Illuminate/Foundation/Http/Kernel::dispatchToRouter():197}()
#12 D:/Project/cmms/vendor/laravel/framework/src/Illuminate/Pipeline/Pipeline.php(119): Illuminate/Pipeline/Pipeline->{closure:Illuminate/Pipeline/Pipeline::prepareDestination():142}()
#13 D:/Project/cmms/vendor/laravel/framework/src/Illuminate/Foundation/Http/Kernel.php(175): Illuminate/Pipeline/Pipeline->then()
#14 D:/Project/cmms/vendor/laravel/framework/src/Illuminate/Foundation/Http/Kernel.php(144): Illuminate/Foundation/Http/Kernel->sendRequestThroughRouter()
#15 D:/Project/cmms/public/index.php(14): Illuminate/Foundation/Http/Kernel->handle()
#16 D:/Project/cmms/vendor/laravel/framework/src/Illuminate/Foundation/resources/server.php(16): require_once('...')
#17 {main}

[previous exception] [object] (ReflectionException(code: -1): Class \"web\" does not exist at D:/Project/cmms/vendor/laravel/framework/src/Illuminate/Container/Container.php:912)
[stacktrace]
#0 D:/Project/cmms/vendor/laravel/framework/src/Illuminate/Container/Container.php(912): ReflectionClass->__construct()
#1 D:/Project/cmms/vendor/laravel/framework/src/Illuminate/Container/Container.php(795): Illuminate/Container/Container->build()
#2 D:/Project/cmms/vendor/laravel/framework/src/Illuminate/Foundation/Application.php(986): Illuminate/Container/Container->resolve()
#3 D:/Project/cmms/vendor/laravel/framework/src/Illuminate/Container/Container.php(731): Illuminate/Foundation/Application->resolve()
#4 D:/Project/cmms/vendor/laravel/framework/src/Illuminate/Foundation/Application.php(971): Illuminate/Container/Container->make()
#5 D:/Project/cmms/vendor/laravel/framework/src/Illuminate/Pipeline/Pipeline.php(172): Illuminate/Foundation/Application->make()
#6 D:/Project/cmms/vendor/laravel/framework/src/Illuminate/Pipeline/Pipeline.php(119): Illuminate/Pipeline/Pipeline->{closure:{closure:Illuminate/Pipeline/Pipeline::carry():158}:159}()
#7 D:/Project/cmms/vendor/laravel/framework/src/Illuminate/Routing/Router.php(805): Illuminate/Pipeline/Pipeline->then()
#8 D:/Project/cmms/vendor/laravel/framework/src/Illuminate/Routing/Router.php(784): Illuminate/Routing/Router->runRouteWithinStack()
#9 D:/Project/cmms/vendor/laravel/framework/src/Illuminate/Routing/Router.php(748): Illuminate/Routing/Router->runRoute()
#10 D:/Project/cmms/vendor/laravel/framework/src/Illuminate/Routing/Router.php(737): Illuminate/Routing/Router->dispatchToRoute()
#11 D:/Project/cmms/vendor/laravel/framework/src/Illuminate/Foundation/Http/Kernel.php(200): Illuminate/Routing/Router->dispatch()
#12 D:/Project/cmms/vendor/laravel/framework/src/Illuminate/Pipeline/Pipeline.php(144): Illuminate/Foundation/Http/Kernel->{closure:Illuminate/Foundation/Http/Kernel::dispatchToRouter():197}()
#13 D:/Project/cmms/vendor/laravel/framework/src/Illuminate/Pipeline/Pipeline.php(119): Illuminate/Pipeline/Pipeline->{closure:Illuminate/Pipeline/Pipeline::prepareDestination():142}()
#14 D:/Project/cmms/vendor/laravel/framework/src/Illuminate/Foundation/Http/Kernel.php(175): Illuminate/Pipeline/Pipeline->then()
#15 D:/Project/cmms/vendor/laravel/framework/src/Illuminate/Foundation/Http/Kernel.php(144): Illuminate/Foundation/Http/Kernel->sendRequestThroughRouter()
#16 D:/Project/cmms/public/index.php(14): Illuminate/Foundation/Http/Kernel->handle()
#17 D:/Project/cmms/vendor/laravel/framework/src/Illuminate/Foundation/resources/server.php(16): require_once('...')
#18 {main}
"} 
[2026-08-09 01:51:28] local.ERROR: Target class [web] does not exist. {"exception":"[object] (Illuminate\\Contracts\\Container\\BindingResolutionException(code: 0): Target class [web] does not exist. at D:/Project/cmms/vendor/laravel/framework/src/Illuminate/Container/Container.php:914)
[stacktrace]
#0 D:/Project/cmms/vendor/laravel/framework/src/Illuminate/Container/Container.php(795): Illuminate/Container/Container->build()
#1 D:/Project/cmms/vendor/laravel/framework/src/Illuminate/Foundation/Application.php(986): Illuminate/Container/Container->resolve()
#2 D:/Project/cmms/vendor/laravel/framework/src/Illuminate/Container/Container.php(731): Illuminate/Foundation/Application->resolve()
#3 D:/Project/cmms/vendor/laravel/framework/src/Illuminate/Foundation/Application.php(971): Illuminate/Container/Container->make()
#4 D:/Project/cmms/vendor/laravel/framework/src/Illuminate/Foundation/Http/Kernel.php(255): Illuminate/Foundation/Application->make()
#5 D:/Project/cmms/vendor/laravel/framework/src/Illuminate/Foundation/Http/Kernel.php(213): Illuminate/Foundation/Http/Kernel->terminateMiddleware()
#6 D:/Project/cmms/public/index.php(20): Illuminate/Foundation/Http/Kernel->terminate()
#7 D:/Project/cmms/vendor/laravel/framework/src/Illuminate/Foundation/resources/server.php(16): require_once('...')
#8 {main}

[previous exception] [object] (ReflectionException(code: -1): Class \"web\" does not exist at D:/Project/cmms/vendor/laravel/framework/src/Illuminate/Container/Container.php:912)
[stacktrace]
#0 D:/Project/cmms/vendor/laravel/framework/src/Illuminate/Container/Container.php(912): ReflectionClass->__construct()
#1 D:/Project/cmms/vendor/laravel/framework/src/Illuminate/Container/Container.php(795): Illuminate/Container/Container->build()
#2 D:/Project/cmms/vendor/laravel/framework/src/Illuminate/Foundation/Application.php(986): Illuminate/Container/Container->resolve()
#3 D:/Project/cmms/vendor/laravel/framework/src/Illuminate/Container/Container.php(731): Illuminate/Foundation/Application->resolve()
#4 D:/Project/cmms/vendor/laravel/framework/src/Illuminate/Foundation/Application.php(971): Illuminate/Container/Container->make()
#5 D:/Project/cmms/vendor/laravel/framework/src/Illuminate/Foundation/Http/Kernel.php(255): Illuminate/Foundation/Application->make()
#6 D:/Project/cmms/vendor/laravel/framework/src/Illuminate/Foundation/Http/Kernel.php(213): Illuminate/Foundation/Http/Kernel->terminateMiddleware()
#7 D:/Project/cmms/public/index.php(20): Illuminate/Foundation/Http/Kernel->terminate()
#8 D:/Project/cmms/vendor/laravel/framework/src/Illuminate/Foundation/resources/server.php(16): require_once('...')
#9 {main}
"} 
[2026-08-09 02:10:40] local.ERROR: SQLSTATE[23000]: Integrity constraint violation: 19 UNIQUE constraint failed: users.username (Connection: sqlite, SQL: insert into "users" ("created_at", "name", "password", "role", "updated_at", "username") values (2026-08-09 02:10:40, Ahmad Supriadi, manager1, manager, 2026-08-09 02:10:40, ahmad), (2026-08-09 02:10:40, Budi Santoso, leader1, leader, 2026-08-09 02:10:40, budi), (2026-08-09 02:10:40, Cahyo Wibowo, op1, operator, 2026-08-09 02:10:40, cahyo)) {"exception":"[object] (Illuminate\\Database\\UniqueConstraintViolationException(code: 23000): SQLSTATE[23000]: Integrity constraint violation: 19 UNIQUE constraint failed: users.username (Connection: sqlite, SQL: insert into \"users\" (\"created_at\", \"name\", \"password\", \"role\", \"updated_at\", \"username\") values (2026-08-09 02:10:40, Ahmad Supriadi, manager1, manager, 2026-08-09 02:10:40, ahmad), (2026-08-09 02:10:40, Budi Santoso, leader1, leader, 2026-08-09 02:10:40, budi), (2026-08-09 02:10:40, Cahyo Wibowo, op1, operator, 2026-08-09 02:10:40, cahyo)) at D:/Project/cmms/vendor/laravel/framework/src/Illuminate/Database/Connection.php:824)
[stacktrace]
#0 D:/Project/cmms/vendor/laravel/framework/src/Illuminate/Database/Connection.php(783): Illuminate/Database/Connection->runQueryCallback()
#1 D:/Project/cmms/vendor/laravel/framework/src/Illuminate/Database/Connection.php(576): Illuminate/Database/Connection->run()
#2 D:/Project/cmms/vendor/laravel/framework/src/Illuminate/Database/Connection.php(540): Illuminate/Database/Connection->statement()
#3 D:/Project/cmms/vendor/laravel/framework/src/Illuminate/Database/Query/Builder.php(3498): Illuminate/Database/Connection->insert()
#4 D:/Project/cmms/database/seeders/DatabaseSeeder.php(12): Illuminate/Database/Query/Builder->insert()
#5 D:/Project/cmms/vendor/laravel/framework/src/Illuminate/Container/BoundMethod.php(36): Database/Seeders/DatabaseSeeder->run()
#6 D:/Project/cmms/vendor/laravel/framework/src/Illuminate/Container/Util.php(41): Illuminate/Container/BoundMethod::{closure:Illuminate/Container/BoundMethod::call():35}()
#7 D:/Project/cmms/vendor/laravel/framework/src/Illuminate/Container/BoundMethod.php(93): Illuminate/Container/Util::unwrapIfClosure()
#8 D:/Project/cmms/vendor/laravel/framework/src/Illuminate/Container/BoundMethod.php(35): Illuminate/Container/BoundMethod::callBoundMethod()
#9 D:/Project/cmms/vendor/laravel/framework/src/Illuminate/Container/Container.php(662): Illuminate/Container/BoundMethod::call()
#10 D:/Project/cmms/vendor/laravel/framework/src/Illuminate/Database/Seeder.php(184): Illuminate/Container/Container->call()
#11 D:/Project/cmms/vendor/laravel/framework/src/Illuminate/Database/Seeder.php(193): Illuminate/Database/Seeder->{closure:Illuminate/Database/Seeder::__invoke():183}()
#12 D:/Project/cmms/vendor/laravel/framework/src/Illuminate/Database/Console/Seeds/SeedCommand.php(70): Illuminate/Database/Seeder->__invoke()
#13 D:/Project/cmms/vendor/laravel/framework/src/Illuminate/Database/Eloquent/Concerns/GuardsAttributes.php(155): Illuminate/Database/Console/Seeds/SeedCommand->{closure:Illuminate/Database/Console/Seeds/SeedCommand::handle():69}()
#14 D:/Project/cmms/vendor/laravel/framework/src/Illuminate/Database/Console/Seeds/SeedCommand.php(69): Illuminate/Database/Eloquent/Model::unguarded()
#15 D:/Project/cmms/vendor/laravel/framework/src/Illuminate/Container/BoundMethod.php(36): Illuminate/Database/Console/Seeds/SeedCommand->handle()
#16 D:/Project/cmms/vendor/laravel/framework/src/Illuminate/Container/Util.php(41): Illuminate/Container/BoundMethod::{closure:Illuminate/Container/BoundMethod::call():35}()
#17 D:/Project/cmms/vendor/laravel/framework/src/Illuminate/Container/BoundMethod.php(93): Illuminate/Container/Util::unwrapIfClosure()
#18 D:/Project/cmms/vendor/laravel/framework/src/Illuminate/Container/BoundMethod.php(35): Illuminate/Container/BoundMethod::callBoundMethod()
#19 D:/Project/cmms/vendor/laravel/framework/src/Illuminate/Container/Container.php(662): Illuminate/Container/BoundMethod::call()
#20 D:/Project/cmms/vendor/laravel/framework/src/Illuminate/Console/Command.php(211): Illuminate/Container/Container->call()
#21 D:/Project/cmms/vendor/symfony/console/Command/Command.php(326): Illuminate/Console/Command->execute()
#22 D:/Project/cmms/vendor/laravel/framework/src/Illuminate/Console/Command.php(180): Symfony/Component/Console/Command/Command->run()
#23 D:/Project/cmms/vendor/laravel/framework/src/Illuminate/Console/Concerns/CallsCommands.php(67): Illuminate/Console/Command->run()
#24 D:/Project/cmms/vendor/laravel/framework/src/Illuminate/Console/Concerns/CallsCommands.php(28): Illuminate/Console/Command->runCommand()
#25 D:/Project/cmms/vendor/laravel/framework/src/Illuminate/Database/Console/Migrations/MigrateCommand.php(99): Illuminate/Console/Command->call()
#26 D:/Project/cmms/vendor/laravel/framework/src/Illuminate/Database/Migrations/Migrator.php(641): Illuminate/Database/Console/Migrations/MigrateCommand->{closure:Illuminate/Database/Console/Migrations/MigrateCommand::handle():83}()
#27 D:/Project/cmms/vendor/laravel/framework/src/Illuminate/Database/Console/Migrations/MigrateCommand.php(83): Illuminate/Database/Migrations/Migrator->usingConnection()
#28 D:/Project/cmms/vendor/laravel/framework/src/Illuminate/Container/BoundMethod.php(36): Illuminate/Database/Console/Migrations/MigrateCommand->handle()
#29 D:/Project/cmms/vendor/laravel/framework/src/Illuminate/Container/Util.php(41): Illuminate/Container/BoundMethod::{closure:Illuminate/Container/BoundMethod::call():35}()
#30 D:/Project/cmms/vendor/laravel/framework/src/Illuminate/Container/BoundMethod.php(93): Illuminate/Container/Util::unwrapIfClosure()
#31 D:/Project/cmms/vendor/laravel/framework/src/Illuminate/Container/BoundMethod.php(35): Illuminate/Container/BoundMethod::callBoundMethod()
#32 D:/Project/cmms/vendor/laravel/framework/src/Illuminate/Container/Container.php(662): Illuminate/Container/BoundMethod::call()
#33 D:/Project/cmms/vendor/laravel/framework/src/Illuminate/Console/Command.php(211): Illuminate/Container/Container->call()
#34 D:/Project/cmms/vendor/symfony/console/Command/Command.php(326): Illuminate/Console/Command->execute()
#35 D:/Project/cmms/vendor/laravel/framework/src/Illuminate/Console/Command.php(180): Symfony/Component/Console/Command/Command->run()
#36 D:/Project/cmms/vendor/symfony/console/Application.php(1121): Illuminate/Console/Command->run()
#37 D:/Project/cmms/vendor/symfony/console/Application.php(324): Symfony/Component/Console/Application->doRunCommand()
#38 D:/Project/cmms/vendor/symfony/console/Application.php(175): Symfony/Component/Console/Application->doRun()
#39 D:/Project/cmms/vendor/laravel/framework/src/Illuminate/Foundation/Console/Kernel.php(201): Symfony/Component/Console/Application->run()
#40 D:/Project/cmms/artisan(14): Illuminate/Foundation/Console/Kernel->handle()
#41 {main}

[previous exception] [object] (PDOException(code: 23000): SQLSTATE[23000]: Integrity constraint violation: 19 UNIQUE constraint failed: users.username at D:/Project/cmms/vendor/laravel/framework/src/Illuminate/Database/Connection.php:587)
[stacktrace]
#0 D:/Project/cmms/vendor/laravel/framework/src/Illuminate/Database/Connection.php(587): PDOStatement->execute()
#1 D:/Project/cmms/vendor/laravel/framework/src/Illuminate/Database/Connection.php(816): Illuminate/Database/Connection->{closure:Illuminate/Database/Connection::statement():576}()
#2 D:/Project/cmms/vendor/laravel/framework/src/Illuminate/Database/Connection.php(783): Illuminate/Database/Connection->runQueryCallback()
#3 D:/Project/cmms/vendor/laravel/framework/src/Illuminate/Database/Connection.php(576): Illuminate/Database/Connection->run()
#4 D:/Project/cmms/vendor/laravel/framework/src/Illuminate/Database/Connection.php(540): Illuminate/Database/Connection->statement()
#5 D:/Project/cmms/vendor/laravel/framework/src/Illuminate/Database/Query/Builder.php(3498): Illuminate/Database/Connection->insert()
#6 D:/Project/cmms/database/seeders/DatabaseSeeder.php(12): Illuminate/Database/Query/Builder->insert()
#7 D:/Project/cmms/vendor/laravel/framework/src/Illuminate/Container/BoundMethod.php(36): Database/Seeders/DatabaseSeeder->run()
#8 D:/Project/cmms/vendor/laravel/framework/src/Illuminate/Container/Util.php(41): Illuminate/Container/BoundMethod::{closure:Illuminate/Container/BoundMethod::call():35}()
#9 D:/Project/cmms/vendor/laravel/framework/src/Illuminate/Container/BoundMethod.php(93): Illuminate/Container/Util::unwrapIfClosure()
#10 D:/Project/cmms/vendor/laravel/framework/src/Illuminate/Container/BoundMethod.php(35): Illuminate/Container/BoundMethod::callBoundMethod()
#11 D:/Project/cmms/vendor/laravel/framework/src/Illuminate/Container/Container.php(662): Illuminate/Container/BoundMethod::call()
#12 D:/Project/cmms/vendor/laravel/framework/src/Illuminate/Database/Seeder.php(184): Illuminate/Container/Container->call()
#13 D:/Project/cmms/vendor/laravel/framework/src/Illuminate/Database/Seeder.php(193): Illuminate/Database/Seeder->{closure:Illuminate/Database/Seeder::__invoke():183}()
#14 D:/Project/cmms/vendor/laravel/framework/src/Illuminate/Database/Console/Seeds/SeedCommand.php(70): Illuminate/Database/Seeder->__invoke()
#15 D:/Project/cmms/vendor/laravel/framework/src/Illuminate/Database/Eloquent/Concerns/GuardsAttributes.php(155): Illuminate/Database/Console/Seeds/SeedCommand->{closure:Illuminate/Database/Console/Seeds/SeedCommand::handle():69}()
#16 D:/Project/cmms/vendor/laravel/framework/src/Illuminate/Database/Console/Seeds/SeedCommand.php(69): Illuminate/Database/Eloquent/Model::unguarded()
#17 D:/Project/cmms/vendor/laravel/framework/src/Illuminate/Container/BoundMethod.php(36): Illuminate/Database/Console/Seeds/SeedCommand->handle()
#18 D:/Project/cmms/vendor/laravel/framework/src/Illuminate/Container/Util.php(41): Illuminate/Container/BoundMethod::{closure:Illuminate/Container/BoundMethod::call():35}()
#19 D:/Project/cmms/vendor/laravel/framework/src/Illuminate/Container/BoundMethod.php(93): Illuminate/Container/Util::unwrapIfClosure()
#20 D:/Project/cmms/vendor/laravel/framework/src/Illuminate/Container/BoundMethod.php(35): Illuminate/Container/BoundMethod::callBoundMethod()
#21 D:/Project/cmms/vendor/laravel/framework/src/Illuminate/Container/Container.php(662): Illuminate/Container/BoundMethod::call()
#22 D:/Project/cmms/vendor/laravel/framework/src/Illuminate/Console/Command.php(211): Illuminate/Container/Container->call()
#23 D:/Project/cmms/vendor/symfony/console/Command/Command.php(326): Illuminate/Console/Command->execute()
#24 D:/Project/cmms/vendor/laravel/framework/src/Illuminate/Console/Command.php(180): Symfony/Component/Console/Command/Command->run()
#25 D:/Project/cmms/vendor/laravel/framework/src/Illuminate/Console/Concerns/CallsCommands.php(67): Illuminate/Console/Command->run()
#26 D:/Project/cmms/vendor/laravel/framework/src/Illuminate/Console/Concerns/CallsCommands.php(28): Illuminate/Console/Command->runCommand()
#27 D:/Project/cmms/vendor/laravel/framework/src/Illuminate/Database/Console/Migrations/MigrateCommand.php(99): Illuminate/Console/Command->call()
#28 D:/Project/cmms/vendor/laravel/framework/src/Illuminate/Database/Migrations/Migrator.php(641): Illuminate/Database/Console/Migrations/MigrateCommand->{closure:Illuminate/Database/Console/Migrations/MigrateCommand::handle():83}()
#29 D:/Project/cmms/vendor/laravel/framework/src/Illuminate/Database/Console/Migrations/MigrateCommand.php(83): Illuminate/Database/Migrations/Migrator->usingConnection()
#30 D:/Project/cmms/vendor/laravel/framework/src/Illuminate/Container/BoundMethod.php(36): Illuminate/Database/Console/Migrations/MigrateCommand->handle()
#31 D:/Project/cmms/vendor/laravel/framework/src/Illuminate/Container/Util.php(41): Illuminate/Container/BoundMethod::{closure:Illuminate/Container/BoundMethod::call():35}()
#32 D:/Project/cmms/vendor/laravel/framework/src/Illuminate/Container/BoundMethod.php(93): Illuminate/Container/Util::unwrapIfClosure()
#33 D:/Project/cmms/vendor/laravel/framework/src/Illuminate/Container/BoundMethod.php(35): Illuminate/Container/BoundMethod::callBoundMethod()
#34 D:/Project/cmms/vendor/laravel/framework/src/Illuminate/Container/Container.php(662): Illuminate/Container/BoundMethod::call()
#35 D:/Project/cmms/vendor/laravel/framework/src/Illuminate/Console/Command.php(211): Illuminate/Container/Container->call()
#36 D:/Project/cmms/vendor/symfony/console/Command/Command.php(326): Illuminate/Console/Command->execute()
#37 D:/Project/cmms/vendor/laravel/framework/src/Illuminate/Console/Command.php(180): Symfony/Component/Console/Command/Command->run()
#38 D:/Project/cmms/vendor/symfony/console/Application.php(1121): Illuminate/Console/Command->run()
#39 D:/Project/cmms/vendor/symfony/console/Application.php(324): Symfony/Component/Console/Application->doRunCommand()
#40 D:/Project/cmms/vendor/symfony/console/Application.php(175): Symfony/Component/Console/Application->doRun()
#41 D:/Project/cmms/vendor/laravel/framework/src/Illuminate/Foundation/Console/Kernel.php(201): Symfony/Component/Console/Application->run()
#42 D:/Project/cmms/artisan(14): Illuminate/Foundation/Console/Kernel->handle()
#43 {main}
"} 
[2026-08-09 02:15:44] local.ERROR: SQLSTATE[23000]: Integrity constraint violation: 19 UNIQUE constraint failed: users.username (Connection: sqlite, SQL: insert into "users" ("created_at", "name", "password", "role", "updated_at", "username") values (2026-08-09 02:15:44, Ahmad Supriadi, manager1, manager, 2026-08-09 02:15:44, ahmad), (2026-08-09 02:15:44, Budi Santoso, leader1, leader, 2026-08-09 02:15:44, budi), (2026-08-09 02:15:44, Cahyo Wibowo, op1, operator, 2026-08-09 02:15:44, cahyo)) {"exception":"[object] (Illuminate\\Database\\UniqueConstraintViolationException(code: 23000): SQLSTATE[23000]: Integrity constraint violation: 19 UNIQUE constraint failed: users.username (Connection: sqlite, SQL: insert into \"users\" (\"created_at\", \"name\", \"password\", \"role\", \"updated_at\", \"username\") values (2026-08-09 02:15:44, Ahmad Supriadi, manager1, manager, 2026-08-09 02:15:44, ahmad), (2026-08-09 02:15:44, Budi Santoso, leader1, leader, 2026-08-09 02:15:44, budi), (2026-08-09 02:15:44, Cahyo Wibowo, op1, operator, 2026-08-09 02:15:44, cahyo)) at D:/Project/cmms/vendor/laravel/framework/src/Illuminate/Database/Connection.php:824)
[stacktrace]
#0 D:/Project/cmms/vendor/laravel/framework/src/Illuminate/Database/Connection.php(783): Illuminate/Database/Connection->runQueryCallback()
#1 D:/Project/cmms/vendor/laravel/framework/src/Illuminate/Database/Connection.php(576): Illuminate/Database/Connection->run()
#2 D:/Project/cmms/vendor/laravel/framework/src/Illuminate/Database/Connection.php(540): Illuminate/Database/Connection->statement()
#3 D:/Project/cmms/vendor/laravel/framework/src/Illuminate/Database/Query/Builder.php(3498): Illuminate/Database/Connection->insert()
#4 D:/Project/cmms/database/seeders/DatabaseSeeder.php(12): Illuminate/Database/Query/Builder->insert()
#5 D:/Project/cmms/vendor/laravel/framework/src/Illuminate/Container/BoundMethod.php(36): Database/Seeders/DatabaseSeeder->run()
#6 D:/Project/cmms/vendor/laravel/framework/src/Illuminate/Container/Util.php(41): Illuminate/Container/BoundMethod::{closure:Illuminate/Container/BoundMethod::call():35}()
#7 D:/Project/cmms/vendor/laravel/framework/src/Illuminate/Container/BoundMethod.php(93): Illuminate/Container/Util::unwrapIfClosure()
#8 D:/Project/cmms/vendor/laravel/framework/src/Illuminate/Container/BoundMethod.php(35): Illuminate/Container/BoundMethod::callBoundMethod()
#9 D:/Project/cmms/vendor/laravel/framework/src/Illuminate/Container/Container.php(662): Illuminate/Container/BoundMethod::call()
#10 D:/Project/cmms/vendor/laravel/framework/src/Illuminate/Database/Seeder.php(184): Illuminate/Container/Container->call()
#11 D:/Project/cmms/vendor/laravel/framework/src/Illuminate/Database/Seeder.php(193): Illuminate/Database/Seeder->{closure:Illuminate/Database/Seeder::__invoke():183}()
#12 D:/Project/cmms/vendor/laravel/framework/src/Illuminate/Database/Console/Seeds/SeedCommand.php(70): Illuminate/Database/Seeder->__invoke()
#13 D:/Project/cmms/vendor/laravel/framework/src/Illuminate/Database/Eloquent/Concerns/GuardsAttributes.php(155): Illuminate/Database/Console/Seeds/SeedCommand->{closure:Illuminate/Database/Console/Seeds/SeedCommand::handle():69}()
#14 D:/Project/cmms/vendor/laravel/framework/src/Illuminate/Database/Console/Seeds/SeedCommand.php(69): Illuminate/Database/Eloquent/Model::unguarded()
#15 D:/Project/cmms/vendor/laravel/framework/src/Illuminate/Container/BoundMethod.php(36): Illuminate/Database/Console/Seeds/SeedCommand->handle()
#16 D:/Project/cmms/vendor/laravel/framework/src/Illuminate/Container/Util.php(41): Illuminate/Container/BoundMethod::{closure:Illuminate/Container/BoundMethod::call():35}()
#17 D:/Project/cmms/vendor/laravel/framework/src/Illuminate/Container/BoundMethod.php(93): Illuminate/Container/Util::unwrapIfClosure()
#18 D:/Project/cmms/vendor/laravel/framework/src/Illuminate/Container/BoundMethod.php(35): Illuminate/Container/BoundMethod::callBoundMethod()
#19 D:/Project/cmms/vendor/laravel/framework/src/Illuminate/Container/Container.php(662): Illuminate/Container/BoundMethod::call()
#20 D:/Project/cmms/vendor/laravel/framework/src/Illuminate/Console/Command.php(211): Illuminate/Container/Container->call()
#21 D:/Project/cmms/vendor/symfony/console/Command/Command.php(326): Illuminate/Console/Command->execute()
#22 D:/Project/cmms/vendor/laravel/framework/src/Illuminate/Console/Command.php(180): Symfony/Component/Console/Command/Command->run()
#23 D:/Project/cmms/vendor/laravel/framework/src/Illuminate/Console/Concerns/CallsCommands.php(67): Illuminate/Console/Command->run()
#24 D:/Project/cmms/vendor/laravel/framework/src/Illuminate/Console/Concerns/CallsCommands.php(28): Illuminate/Console/Command->runCommand()
#25 D:/Project/cmms/vendor/laravel/framework/src/Illuminate/Database/Console/Migrations/MigrateCommand.php(99): Illuminate/Console/Command->call()
#26 D:/Project/cmms/vendor/laravel/framework/src/Illuminate/Database/Migrations/Migrator.php(641): Illuminate/Database/Console/Migrations/MigrateCommand->{closure:Illuminate/Database/Console/Migrations/MigrateCommand::handle():83}()
#27 D:/Project/cmms/vendor/laravel/framework/src/Illuminate/Database/Console/Migrations/MigrateCommand.php(83): Illuminate/Database/Migrations/Migrator->usingConnection()
#28 D:/Project/cmms/vendor/laravel/framework/src/Illuminate/Container/BoundMethod.php(36): Illuminate/Database/Console/Migrations/MigrateCommand->handle()
#29 D:/Project/cmms/vendor/laravel/framework/src/Illuminate/Container/Util.php(41): Illuminate/Container/BoundMethod::{closure:Illuminate/Container/BoundMethod::call():35}()
#30 D:/Project/cmms/vendor/laravel/framework/src/Illuminate/Container/BoundMethod.php(93): Illuminate/Container/Util::unwrapIfClosure()
#31 D:/Project/cmms/vendor/laravel/framework/src/Illuminate/Container/BoundMethod.php(35): Illuminate/Container/BoundMethod::callBoundMethod()
#32 D:/Project/cmms/vendor/laravel/framework/src/Illuminate/Container/Container.php(662): Illuminate/Container/BoundMethod::call()
#33 D:/Project/cmms/vendor/laravel/framework/src/Illuminate/Console/Command.php(211): Illuminate/Container/Container->call()
#34 D:/Project/cmms/vendor/symfony/console/Command/Command.php(326): Illuminate/Console/Command->execute()
#35 D:/Project/cmms/vendor/laravel/framework/src/Illuminate/Console/Command.php(180): Symfony/Component/Console/Command/Command->run()
#36 D:/Project/cmms/vendor/symfony/console/Application.php(1121): Illuminate/Console/Command->run()
#37 D:/Project/cmms/vendor/symfony/console/Application.php(324): Symfony/Component/Console/Application->doRunCommand()
#38 D:/Project/cmms/vendor/symfony/console/Application.php(175): Symfony/Component/Console/Application->doRun()
#39 D:/Project/cmms/vendor/laravel/framework/src/Illuminate/Foundation/Console/Kernel.php(201): Symfony/Component/Console/Application->run()
#40 D:/Project/cmms/artisan(14): Illuminate/Foundation/Console/Kernel->handle()
#41 {main}

[previous exception] [object] (PDOException(code: 23000): SQLSTATE[23000]: Integrity constraint violation: 19 UNIQUE constraint failed: users.username at D:/Project/cmms/vendor/laravel/framework/src/Illuminate/Database/Connection.php:587)
[stacktrace]
#0 D:/Project/cmms/vendor/laravel/framework/src/Illuminate/Database/Connection.php(587): PDOStatement->execute()
#1 D:/Project/cmms/vendor/laravel/framework/src/Illuminate/Database/Connection.php(816): Illuminate/Database/Connection->{closure:Illuminate/Database/Connection::statement():576}()
#2 D:/Project/cmms/vendor/laravel/framework/src/Illuminate/Database/Connection.php(783): Illuminate/Database/Connection->runQueryCallback()
#3 D:/Project/cmms/vendor/laravel/framework/src/Illuminate/Database/Connection.php(576): Illuminate/Database/Connection->run()
#4 D:/Project/cmms/vendor/laravel/framework/src/Illuminate/Database/Connection.php(540): Illuminate/Database/Connection->statement()
#5 D:/Project/cmms/vendor/laravel/framework/src/Illuminate/Database/Query/Builder.php(3498): Illuminate/Database/Connection->insert()
#6 D:/Project/cmms/database/seeders/DatabaseSeeder.php(12): Illuminate/Database/Query/Builder->insert()
#7 D:/Project/cmms/vendor/laravel/framework/src/Illuminate/Container/BoundMethod.php(36): Database/Seeders/DatabaseSeeder->run()
#8 D:/Project/cmms/vendor/laravel/framework/src/Illuminate/Container/Util.php(41): Illuminate/Container/BoundMethod::{closure:Illuminate/Container/BoundMethod::call():35}()
#9 D:/Project/cmms/vendor/laravel/framework/src/Illuminate/Container/BoundMethod.php(93): Illuminate/Container/Util::unwrapIfClosure()
#10 D:/Project/cmms/vendor/laravel/framework/src/Illuminate/Container/BoundMethod.php(35): Illuminate/Container/BoundMethod::callBoundMethod()
#11 D:/Project/cmms/vendor/laravel/framework/src/Illuminate/Container/Container.php(662): Illuminate/Container/BoundMethod::call()
#12 D:/Project/cmms/vendor/laravel/framework/src/Illuminate/Database/Seeder.php(184): Illuminate/Container/Container->call()
#13 D:/Project/cmms/vendor/laravel/framework/src/Illuminate/Database/Seeder.php(193): Illuminate/Database/Seeder->{closure:Illuminate/Database/Seeder::__invoke():183}()
#14 D:/Project/cmms/vendor/laravel/framework/src/Illuminate/Database/Console/Seeds/SeedCommand.php(70): Illuminate/Database/Seeder->__invoke()
#15 D:/Project/cmms/vendor/laravel/framework/src/Illuminate/Database/Eloquent/Concerns/GuardsAttributes.php(155): Illuminate/Database/Console/Seeds/SeedCommand->{closure:Illuminate/Database/Console/Seeds/SeedCommand::handle():69}()
#16 D:/Project/cmms/vendor/laravel/framework/src/Illuminate/Database/Console/Seeds/SeedCommand.php(69): Illuminate/Database/Eloquent/Model::unguarded()
#17 D:/Project/cmms/vendor/laravel/framework/src/Illuminate/Container/BoundMethod.php(36): Illuminate/Database/Console/Seeds/SeedCommand->handle()
#18 D:/Project/cmms/vendor/laravel/framework/src/Illuminate/Container/Util.php(41): Illuminate/Container/BoundMethod::{closure:Illuminate/Container/BoundMethod::call():35}()
#19 D:/Project/cmms/vendor/laravel/framework/src/Illuminate/Container/BoundMethod.php(93): Illuminate/Container/Util::unwrapIfClosure()
#20 D:/Project/cmms/vendor/laravel/framework/src/Illuminate/Container/BoundMethod.php(35): Illuminate/Container/BoundMethod::callBoundMethod()
#21 D:/Project/cmms/vendor/laravel/framework/src/Illuminate/Container/Container.php(662): Illuminate/Container/BoundMethod::call()
#22 D:/Project/cmms/vendor/laravel/framework/src/Illuminate/Console/Command.php(211): Illuminate/Container/Container->call()
#23 D:/Project/cmms/vendor/symfony/console/Command/Command.php(326): Illuminate/Console/Command->execute()
#24 D:/Project/cmms/vendor/laravel/framework/src/Illuminate/Console/Command.php(180): Symfony/Component/Console/Command/Command->run()
#25 D:/Project/cmms/vendor/laravel/framework/src/Illuminate/Console/Concerns/CallsCommands.php(67): Illuminate/Console/Command->run()
#26 D:/Project/cmms/vendor/laravel/framework/src/Illuminate/Console/Concerns/CallsCommands.php(28): Illuminate/Console/Command->runCommand()
#27 D:/Project/cmms/vendor/laravel/framework/src/Illuminate/Database/Console/Migrations/MigrateCommand.php(99): Illuminate/Console/Command->call()
#28 D:/Project/cmms/vendor/laravel/framework/src/Illuminate/Database/Migrations/Migrator.php(641): Illuminate/Database/Console/Migrations/MigrateCommand->{closure:Illuminate/Database/Console/Migrations/MigrateCommand::handle():83}()
#29 D:/Project/cmms/vendor/laravel/framework/src/Illuminate/Database/Console/Migrations/MigrateCommand.php(83): Illuminate/Database/Migrations/Migrator->usingConnection()
#30 D:/Project/cmms/vendor/laravel/framework/src/Illuminate/Container/BoundMethod.php(36): Illuminate/Database/Console/Migrations/MigrateCommand->handle()
#31 D:/Project/cmms/vendor/laravel/framework/src/Illuminate/Container/Util.php(41): Illuminate/Container/BoundMethod::{closure:Illuminate/Container/BoundMethod::call():35}()
#32 D:/Project/cmms/vendor/laravel/framework/src/Illuminate/Container/BoundMethod.php(93): Illuminate/Container/Util::unwrapIfClosure()
#33 D:/Project/cmms/vendor/laravel/framework/src/Illuminate/Container/BoundMethod.php(35): Illuminate/Container/BoundMethod::callBoundMethod()
#34 D:/Project/cmms/vendor/laravel/framework/src/Illuminate/Container/Container.php(662): Illuminate/Container/BoundMethod::call()
#35 D:/Project/cmms/vendor/laravel/framework/src/Illuminate/Console/Command.php(211): Illuminate/Container/Container->call()
#36 D:/Project/cmms/vendor/symfony/console/Command/Command.php(326): Illuminate/Console/Command->execute()
#37 D:/Project/cmms/vendor/laravel/framework/src/Illuminate/Console/Command.php(180): Symfony/Component/Console/Command/Command->run()
#38 D:/Project/cmms/vendor/symfony/console/Application.php(1121): Illuminate/Console/Command->run()
#39 D:/Project/cmms/vendor/symfony/console/Application.php(324): Symfony/Component/Console/Application->doRunCommand()
#40 D:/Project/cmms/vendor/symfony/console/Application.php(175): Symfony/Component/Console/Application->doRun()
#41 D:/Project/cmms/vendor/laravel/framework/src/Illuminate/Foundation/Console/Kernel.php(201): Symfony/Component/Console/Application->run()
#42 D:/Project/cmms/artisan(14): Illuminate/Foundation/Console/Kernel->handle()
#43 {main}
"} 
[2026-08-09 02:29:33] local.ERROR: Command "tinker" is not defined. {"exception":"[object] (Symfony\\Component\\Console\\Exception\\CommandNotFoundException(code: 0): Command \"tinker\" is not defined. at D:/Project/cmms/vendor/symfony/console/Application.php:745)
[stacktrace]
#0 D:/Project/cmms/vendor/symfony/console/Application.php(266): Symfony/Component/Console/Application->find()
#1 D:/Project/cmms/vendor/symfony/console/Application.php(175): Symfony/Component/Console/Application->doRun()
#2 D:/Project/cmms/vendor/laravel/framework/src/Illuminate/Foundation/Console/Kernel.php(201): Symfony/Component/Console/Application->run()
#3 D:/Project/cmms/artisan(14): Illuminate/Foundation/Console/Kernel->handle()
#4 {main}
"} 
[2026-08-09 02:37:21] local.ERROR: filemtime(): stat failed for D:\Project\cmms\.env {"exception":"[object] (ErrorException(code: 0): filemtime(): stat failed for D:\\Project\\cmms\\.env at D:/Project/cmms/vendor/laravel/framework/src/Illuminate/Foundation/Console/ServeCommand.php:102)
[stacktrace]
#0 D:/Project/cmms/vendor/laravel/framework/src/Illuminate/Foundation/Bootstrap/HandleExceptions.php(255): Illuminate/Foundation/Bootstrap/HandleExceptions->handleError()
#1 [internal function]: Illuminate/Foundation/Bootstrap/HandleExceptions->{closure:Illuminate/Foundation/Bootstrap/HandleExceptions::forwardsTo():254}()
#2 D:/Project/cmms/vendor/laravel/framework/src/Illuminate/Foundation/Console/ServeCommand.php(102): filemtime()
#3 D:/Project/cmms/vendor/laravel/framework/src/Illuminate/Container/BoundMethod.php(36): Illuminate/Foundation/Console/ServeCommand->handle()
#4 D:/Project/cmms/vendor/laravel/framework/src/Illuminate/Container/Util.php(41): Illuminate/Container/BoundMethod::{closure:Illuminate/Container/BoundMethod::call():35}()
#5 D:/Project/cmms/vendor/laravel/framework/src/Illuminate/Container/BoundMethod.php(93): Illuminate/Container/Util::unwrapIfClosure()
#6 D:/Project/cmms/vendor/laravel/framework/src/Illuminate/Container/BoundMethod.php(35): Illuminate/Container/BoundMethod::callBoundMethod()
#7 D:/Project/cmms/vendor/laravel/framework/src/Illuminate/Container/Container.php(662): Illuminate/Container/BoundMethod::call()
#8 D:/Project/cmms/vendor/laravel/framework/src/Illuminate/Console/Command.php(211): Illuminate/Container/Container->call()
#9 D:/Project/cmms/vendor/symfony/console/Command/Command.php(326): Illuminate/Console/Command->execute()
#10 D:/Project/cmms/vendor/laravel/framework/src/Illuminate/Console/Command.php(180): Symfony/Component/Console/Command/Command->run()
#11 D:/Project/cmms/vendor/symfony/console/Application.php(1121): Illuminate/Console/Command->run()
#12 D:/Project/cmms/vendor/symfony/console/Application.php(324): Symfony/Component/Console/Application->doRunCommand()
#13 D:/Project/cmms/vendor/symfony/console/Application.php(175): Symfony/Component/Console/Application->doRun()
#14 D:/Project/cmms/vendor/laravel/framework/src/Illuminate/Foundation/Console/Kernel.php(201): Symfony/Component/Console/Application->run()
#15 D:/Project/cmms/artisan(14): Illuminate/Foundation/Console/Kernel->handle()
#16 {main}
"} 
[2026-08-09 02:40:19] local.ERROR: No application encryption key has been specified. {"exception":"[object] (Illuminate\\Encryption\\MissingAppKeyException(code: 0): No application encryption key has been specified. at D:/Project/cmms/vendor/laravel/framework/src/Illuminate/Encryption/EncryptionServiceProvider.php:79)
[stacktrace]
#0 D:/Project/cmms/vendor/laravel/framework/src/Illuminate/Support/helpers.php(320): Illuminate/Encryption/EncryptionServiceProvider->{closure:Illuminate/Encryption/EncryptionServiceProvider::key():77}()
#1 D:/Project/cmms/vendor/laravel/framework/src/Illuminate/Encryption/EncryptionServiceProvider.php(77): tap()
#2 D:/Project/cmms/vendor/laravel/framework/src/Illuminate/Encryption/EncryptionServiceProvider.php(60): Illuminate/Encryption/EncryptionServiceProvider->key()
#3 D:/Project/cmms/vendor/laravel/framework/src/Illuminate/Encryption/EncryptionServiceProvider.php(32): Illuminate/Encryption/EncryptionServiceProvider->parseKey()
#4 D:/Project/cmms/vendor/laravel/framework/src/Illuminate/Container/Container.php(908): Illuminate/Encryption/EncryptionServiceProvider->{closure:Illuminate/Encryption/EncryptionServiceProvider::registerEncrypter():29}()
#5 D:/Project/cmms/vendor/laravel/framework/src/Illuminate/Container/Container.php(795): Illuminate/Container/Container->build()
#6 D:/Project/cmms/vendor/laravel/framework/src/Illuminate/Foundation/Application.php(986): Illuminate/Container/Container->resolve()
#7 D:/Project/cmms/vendor/laravel/framework/src/Illuminate/Container/Container.php(731): Illuminate/Foundation/Application->resolve()
#8 D:/Project/cmms/vendor/laravel/framework/src/Illuminate/Foundation/Application.php(971): Illuminate/Container/Container->make()
#9 D:/Project/cmms/vendor/laravel/framework/src/Illuminate/Container/Container.php(1066): Illuminate/Foundation/Application->make()
#10 D:/Project/cmms/vendor/laravel/framework/src/Illuminate/Container/Container.php(982): Illuminate/Container/Container->resolveClass()
#11 D:/Project/cmms/vendor/laravel/framework/src/Illuminate/Container/Container.php(943): Illuminate/Container/Container->resolveDependencies()
#12 D:/Project/cmms/vendor/laravel/framework/src/Illuminate/Container/Container.php(795): Illuminate/Container/Container->build()
#13 D:/Project/cmms/vendor/laravel/framework/src/Illuminate/Foundation/Application.php(986): Illuminate/Container/Container->resolve()
#14 D:/Project/cmms/vendor/laravel/framework/src/Illuminate/Container/Container.php(731): Illuminate/Foundation/Application->resolve()
#15 D:/Project/cmms/vendor/laravel/framework/src/Illuminate/Foundation/Application.php(971): Illuminate/Container/Container->make()
#16 D:/Project/cmms/vendor/laravel/framework/src/Illuminate/Pipeline/Pipeline.php(172): Illuminate/Foundation/Application->make()
#17 D:/Project/cmms/vendor/laravel/framework/src/Illuminate/Pipeline/Pipeline.php(119): Illuminate/Pipeline/Pipeline->{closure:{closure:Illuminate/Pipeline/Pipeline::carry():158}:159}()
#18 D:/Project/cmms/vendor/laravel/framework/src/Illuminate/Routing/Router.php(805): Illuminate/Pipeline/Pipeline->then()
#19 D:/Project/cmms/vendor/laravel/framework/src/Illuminate/Routing/Router.php(784): Illuminate/Routing/Router->runRouteWithinStack()
#20 D:/Project/cmms/vendor/laravel/framework/src/Illuminate/Routing/Router.php(748): Illuminate/Routing/Router->runRoute()
#21 D:/Project/cmms/vendor/laravel/framework/src/Illuminate/Routing/Router.php(737): Illuminate/Routing/Router->dispatchToRoute()
#22 D:/Project/cmms/vendor/laravel/framework/src/Illuminate/Foundation/Http/Kernel.php(200): Illuminate/Routing/Router->dispatch()
#23 D:/Project/cmms/vendor/laravel/framework/src/Illuminate/Pipeline/Pipeline.php(144): Illuminate/Foundation/Http/Kernel->{closure:Illuminate/Foundation/Http/Kernel::dispatchToRouter():197}()
#24 D:/Project/cmms/vendor/laravel/framework/src/Illuminate/Http/Middleware/TrustProxies.php(39): Illuminate/Pipeline/Pipeline->{closure:Illuminate/Pipeline/Pipeline::prepareDestination():142}()
#25 D:/Project/cmms/vendor/laravel/framework/src/Illuminate/Pipeline/Pipeline.php(183): Illuminate/Http/Middleware/TrustProxies->handle()
#26 D:/Project/cmms/vendor/laravel/framework/src/Illuminate/Foundation/Http/Middleware/TransformsRequest.php(21): Illuminate/Pipeline/Pipeline->{closure:{closure:Illuminate/Pipeline/Pipeline::carry():158}:159}()
#27 D:/Project/cmms/vendor/laravel/framework/src/Illuminate/Foundation/Http/Middleware/ConvertEmptyStringsToNull.php(31): Illuminate/Foundation/Http/Middleware/TransformsRequest->handle()
#28 D:/Project/cmms/vendor/laravel/framework/src/Illuminate/Pipeline/Pipeline.php(183): Illuminate/Foundation/Http/Middleware/ConvertEmptyStringsToNull->handle()
#29 D:/Project/cmms/vendor/laravel/framework/src/Illuminate/Foundation/Http/Middleware/TransformsRequest.php(21): Illuminate/Pipeline/Pipeline->{closure:{closure:Illuminate/Pipeline/Pipeline::carry():158}:159}()
#30 D:/Project/cmms/vendor/laravel/framework/src/Illuminate/Foundation/Http/Middleware/TrimStrings.php(40): Illuminate/Foundation/Http/Middleware/TransformsRequest->handle()
#31 D:/Project/cmms/vendor/laravel/framework/src/Illuminate/Pipeline/Pipeline.php(183): Illuminate/Foundation/Http/Middleware/TrimStrings->handle()
#32 D:/Project/cmms/vendor/laravel/framework/src/Illuminate/Foundation/Http/Middleware/ValidatePostSize.php(27): Illuminate/Pipeline/Pipeline->{closure:{closure:Illuminate/Pipeline/Pipeline::carry():158}:159}()
#33 D:/Project/cmms/vendor/laravel/framework/src/Illuminate/Pipeline/Pipeline.php(183): Illuminate/Foundation/Http/Middleware/ValidatePostSize->handle()
#34 D:/Project/cmms/vendor/laravel/framework/src/Illuminate/Foundation/Http/Middleware/PreventRequestsDuringMaintenance.php(99): Illuminate/Pipeline/Pipeline->{closure:{closure:Illuminate/Pipeline/Pipeline::carry():158}:159}()
#35 D:/Project/cmms/vendor/laravel/framework/src/Illuminate/Pipeline/Pipeline.php(183): Illuminate/Foundation/Http/Middleware/PreventRequestsDuringMaintenance->handle()
#36 D:/Project/cmms/vendor/laravel/framework/src/Illuminate/Pipeline/Pipeline.php(119): Illuminate/Pipeline/Pipeline->{closure:{closure:Illuminate/Pipeline/Pipeline::carry():158}:159}()
#37 D:/Project/cmms/vendor/laravel/framework/src/Illuminate/Foundation/Http/Kernel.php(175): Illuminate/Pipeline/Pipeline->then()
#38 D:/Project/cmms/vendor/laravel/framework/src/Illuminate/Foundation/Http/Kernel.php(144): Illuminate/Foundation/Http/Kernel->sendRequestThroughRouter()
#39 D:/Project/cmms/public/index.php(14): Illuminate/Foundation/Http/Kernel->handle()
#40 D:/Project/cmms/vendor/laravel/framework/src/Illuminate/Foundation/resources/server.php(16): require_once('...')
#41 {main}
"} 
[2026-08-09 02:40:20] local.ERROR: No application encryption key has been specified. {"exception":"[object] (Illuminate\\Encryption\\MissingAppKeyException(code: 0): No application encryption key has been specified. at D:/Project/cmms/vendor/laravel/framework/src/Illuminate/Encryption/EncryptionServiceProvider.php:79)
[stacktrace]
#0 D:/Project/cmms/vendor/laravel/framework/src/Illuminate/Support/helpers.php(320): Illuminate/Encryption/EncryptionServiceProvider->{closure:Illuminate/Encryption/EncryptionServiceProvider::key():77}()
#1 D:/Project/cmms/vendor/laravel/framework/src/Illuminate/Encryption/EncryptionServiceProvider.php(77): tap()
#2 D:/Project/cmms/vendor/laravel/framework/src/Illuminate/Encryption/EncryptionServiceProvider.php(60): Illuminate/Encryption/EncryptionServiceProvider->key()
#3 D:/Project/cmms/vendor/laravel/framework/src/Illuminate/Encryption/EncryptionServiceProvider.php(32): Illuminate/Encryption/EncryptionServiceProvider->parseKey()
#4 D:/Project/cmms/vendor/laravel/framework/src/Illuminate/Container/Container.php(908): Illuminate/Encryption/EncryptionServiceProvider->{closure:Illuminate/Encryption/EncryptionServiceProvider::registerEncrypter():29}()
#5 D:/Project/cmms/vendor/laravel/framework/src/Illuminate/Container/Container.php(795): Illuminate/Container/Container->build()
#6 D:/Project/cmms/vendor/laravel/framework/src/Illuminate/Foundation/Application.php(986): Illuminate/Container/Container->resolve()
#7 D:/Project/cmms/vendor/laravel/framework/src/Illuminate/Container/Container.php(731): Illuminate/Foundation/Application->resolve()
#8 D:/Project/cmms/vendor/laravel/framework/src/Illuminate/Foundation/Application.php(971): Illuminate/Container/Container->make()
#9 D:/Project/cmms/vendor/laravel/framework/src/Illuminate/Container/Container.php(1066): Illuminate/Foundation/Application->make()
#10 D:/Project/cmms/vendor/laravel/framework/src/Illuminate/Container/Container.php(982): Illuminate/Container/Container->resolveClass()
#11 D:/Project/cmms/vendor/laravel/framework/src/Illuminate/Container/Container.php(943): Illuminate/Container/Container->resolveDependencies()
#12 D:/Project/cmms/vendor/laravel/framework/src/Illuminate/Container/Container.php(795): Illuminate/Container/Container->build()
#13 D:/Project/cmms/vendor/laravel/framework/src/Illuminate/Foundation/Application.php(986): Illuminate/Container/Container->resolve()
#14 D:/Project/cmms/vendor/laravel/framework/src/Illuminate/Container/Container.php(731): Illuminate/Foundation/Application->resolve()
#15 D:/Project/cmms/vendor/laravel/framework/src/Illuminate/Foundation/Application.php(971): Illuminate/Container/Container->make()
#16 D:/Project/cmms/vendor/laravel/framework/src/Illuminate/Foundation/Http/Kernel.php(255): Illuminate/Foundation/Application->make()
#17 D:/Project/cmms/vendor/laravel/framework/src/Illuminate/Foundation/Http/Kernel.php(213): Illuminate/Foundation/Http/Kernel->terminateMiddleware()
#18 D:/Project/cmms/public/index.php(20): Illuminate/Foundation/Http/Kernel->terminate()
#19 D:/Project/cmms/vendor/laravel/framework/src/Illuminate/Foundation/resources/server.php(16): require_once('...')
#20 {main}
"} 
[2026-08-09 02:42:59] local.ERROR: could not find driver (Connection: mysql, SQL: select table_name as `name`, (data_length + index_length) as `size`, table_comment as `comment`, engine as `engine`, table_collation as `collation` from information_schema.tables where table_schema = 'cmms' and table_type in ('BASE TABLE', 'SYSTEM VERSIONED') order by table_name) {"exception":"[object] (Illuminate\\Database\\QueryException(code: 0): could not find driver (Connection: mysql, SQL: select table_name as `name`, (data_length + index_length) as `size`, table_comment as `comment`, engine as `engine`, table_collation as `collation` from information_schema.tables where table_schema = 'cmms' and table_type in ('BASE TABLE', 'SYSTEM VERSIONED') order by table_name) at D:/Project/cmms/vendor/laravel/framework/src/Illuminate/Database/Connection.php:829)
[stacktrace]
#0 D:/Project/cmms/vendor/laravel/framework/src/Illuminate/Database/Connection.php(783): Illuminate/Database/Connection->runQueryCallback()
#1 D:/Project/cmms/vendor/laravel/framework/src/Illuminate/Database/Connection.php(414): Illuminate/Database/Connection->run()
#2 D:/Project/cmms/vendor/laravel/framework/src/Illuminate/Database/Connection.php(401): Illuminate/Database/Connection->select()
#3 D:/Project/cmms/vendor/laravel/framework/src/Illuminate/Database/Schema/MySqlBuilder.php(41): Illuminate/Database/Connection->selectFromWriteConnection()
#4 D:/Project/cmms/vendor/laravel/framework/src/Illuminate/Database/Schema/Builder.php(165): Illuminate/Database/Schema/MySqlBuilder->getTables()
#5 D:/Project/cmms/vendor/laravel/framework/src/Illuminate/Database/Migrations/DatabaseMigrationRepository.php(184): Illuminate/Database/Schema/Builder->hasTable()
#6 D:/Project/cmms/vendor/laravel/framework/src/Illuminate/Database/Migrations/Migrator.php(727): Illuminate/Database/Migrations/DatabaseMigrationRepository->repositoryExists()
#7 D:/Project/cmms/vendor/laravel/framework/src/Illuminate/Database/Console/Migrations/StatusCommand.php(53): Illuminate/Database/Migrations/Migrator->repositoryExists()
#8 D:/Project/cmms/vendor/laravel/framework/src/Illuminate/Database/Migrations/Migrator.php(641): Illuminate/Database/Console/Migrations/StatusCommand->{closure:Illuminate/Database/Console/Migrations/StatusCommand::handle():52}()
#9 D:/Project/cmms/vendor/laravel/framework/src/Illuminate/Database/Console/Migrations/StatusCommand.php(52): Illuminate/Database/Migrations/Migrator->usingConnection()
#10 D:/Project/cmms/vendor/laravel/framework/src/Illuminate/Container/BoundMethod.php(36): Illuminate/Database/Console/Migrations/StatusCommand->handle()
#11 D:/Project/cmms/vendor/laravel/framework/src/Illuminate/Container/Util.php(41): Illuminate/Container/BoundMethod::{closure:Illuminate/Container/BoundMethod::call():35}()
#12 D:/Project/cmms/vendor/laravel/framework/src/Illuminate/Container/BoundMethod.php(93): Illuminate/Container/Util::unwrapIfClosure()
#13 D:/Project/cmms/vendor/laravel/framework/src/Illuminate/Container/BoundMethod.php(35): Illuminate/Container/BoundMethod::callBoundMethod()
#14 D:/Project/cmms/vendor/laravel/framework/src/Illuminate/Container/Container.php(662): Illuminate/Container/BoundMethod::call()
#15 D:/Project/cmms/vendor/laravel/framework/src/Illuminate/Console/Command.php(211): Illuminate/Container/Container->call()
#16 D:/Project/cmms/vendor/symfony/console/Command/Command.php(326): Illuminate/Console/Command->execute()
#17 D:/Project/cmms/vendor/laravel/framework/src/Illuminate/Console/Command.php(180): Symfony/Component/Console/Command/Command->run()
#18 D:/Project/cmms/vendor/symfony/console/Application.php(1121): Illuminate/Console/Command->run()
#19 D:/Project/cmms/vendor/symfony/console/Application.php(324): Symfony/Component/Console/Application->doRunCommand()
#20 D:/Project/cmms/vendor/symfony/console/Application.php(175): Symfony/Component/Console/Application->doRun()
#21 D:/Project/cmms/vendor/laravel/framework/src/Illuminate/Foundation/Console/Kernel.php(201): Symfony/Component/Console/Application->run()
#22 D:/Project/cmms/artisan(14): Illuminate/Foundation/Console/Kernel->handle()
#23 {main}

[previous exception] [object] (PDOException(code: 0): could not find driver at D:/Project/cmms/vendor/laravel/framework/src/Illuminate/Database/Connectors/Connector.php:65)
[stacktrace]
#0 D:/Project/cmms/vendor/laravel/framework/src/Illuminate/Database/Connectors/Connector.php(65): PDO->__construct()
#1 D:/Project/cmms/vendor/laravel/framework/src/Illuminate/Database/Connectors/Connector.php(44): Illuminate/Database/Connectors/Connector->createPdoConnection()
#2 D:/Project/cmms/vendor/laravel/framework/src/Illuminate/Database/Connectors/MySqlConnector.php(24): Illuminate/Database/Connectors/Connector->createConnection()
#3 D:/Project/cmms/vendor/laravel/framework/src/Illuminate/Database/Connectors/ConnectionFactory.php(184): Illuminate/Database/Connectors/MySqlConnector->connect()
#4 [internal function]: Illuminate/Database/Connectors/ConnectionFactory->{closure:Illuminate/Database/Connectors/ConnectionFactory::createPdoResolverWithHosts():179}()
#5 D:/Project/cmms/vendor/laravel/framework/src/Illuminate/Database/Connection.php(1339): call_user_func()
#6 D:/Project/cmms/vendor/laravel/framework/src/Illuminate/Database/Connection.php(528): Illuminate/Database/Connection->getPdo()
#7 D:/Project/cmms/vendor/laravel/framework/src/Illuminate/Database/Connection.php(423): Illuminate/Database/Connection->getPdoForSelect()
#8 D:/Project/cmms/vendor/laravel/framework/src/Illuminate/Database/Connection.php(816): Illuminate/Database/Connection->{closure:Illuminate/Database/Connection::select():414}()
#9 D:/Project/cmms/vendor/laravel/framework/src/Illuminate/Database/Connection.php(783): Illuminate/Database/Connection->runQueryCallback()
#10 D:/Project/cmms/vendor/laravel/framework/src/Illuminate/Database/Connection.php(414): Illuminate/Database/Connection->run()
#11 D:/Project/cmms/vendor/laravel/framework/src/Illuminate/Database/Connection.php(401): Illuminate/Database/Connection->select()
#12 D:/Project/cmms/vendor/laravel/framework/src/Illuminate/Database/Schema/MySqlBuilder.php(41): Illuminate/Database/Connection->selectFromWriteConnection()
#13 D:/Project/cmms/vendor/laravel/framework/src/Illuminate/Database/Schema/Builder.php(165): Illuminate/Database/Schema/MySqlBuilder->getTables()
#14 D:/Project/cmms/vendor/laravel/framework/src/Illuminate/Database/Migrations/DatabaseMigrationRepository.php(184): Illuminate/Database/Schema/Builder->hasTable()
#15 D:/Project/cmms/vendor/laravel/framework/src/Illuminate/Database/Migrations/Migrator.php(727): Illuminate/Database/Migrations/DatabaseMigrationRepository->repositoryExists()
#16 D:/Project/cmms/vendor/laravel/framework/src/Illuminate/Database/Console/Migrations/StatusCommand.php(53): Illuminate/Database/Migrations/Migrator->repositoryExists()
#17 D:/Project/cmms/vendor/laravel/framework/src/Illuminate/Database/Migrations/Migrator.php(641): Illuminate/Database/Console/Migrations/StatusCommand->{closure:Illuminate/Database/Console/Migrations/StatusCommand::handle():52}()
#18 D:/Project/cmms/vendor/laravel/framework/src/Illuminate/Database/Console/Migrations/StatusCommand.php(52): Illuminate/Database/Migrations/Migrator->usingConnection()
#19 D:/Project/cmms/vendor/laravel/framework/src/Illuminate/Container/BoundMethod.php(36): Illuminate/Database/Console/Migrations/StatusCommand->handle()
#20 D:/Project/cmms/vendor/laravel/framework/src/Illuminate/Container/Util.php(41): Illuminate/Container/BoundMethod::{closure:Illuminate/Container/BoundMethod::call():35}()
#21 D:/Project/cmms/vendor/laravel/framework/src/Illuminate/Container/BoundMethod.php(93): Illuminate/Container/Util::unwrapIfClosure()
#22 D:/Project/cmms/vendor/laravel/framework/src/Illuminate/Container/BoundMethod.php(35): Illuminate/Container/BoundMethod::callBoundMethod()
#23 D:/Project/cmms/vendor/laravel/framework/src/Illuminate/Container/Container.php(662): Illuminate/Container/BoundMethod::call()
#24 D:/Project/cmms/vendor/laravel/framework/src/Illuminate/Console/Command.php(211): Illuminate/Container/Container->call()
#25 D:/Project/cmms/vendor/symfony/console/Command/Command.php(326): Illuminate/Console/Command->execute()
#26 D:/Project/cmms/vendor/laravel/framework/src/Illuminate/Console/Command.php(180): Symfony/Component/Console/Command/Command->run()
#27 D:/Project/cmms/vendor/symfony/console/Application.php(1121): Illuminate/Console/Command->run()
#28 D:/Project/cmms/vendor/symfony/console/Application.php(324): Symfony/Component/Console/Application->doRunCommand()
#29 D:/Project/cmms/vendor/symfony/console/Application.php(175): Symfony/Component/Console/Application->doRun()
#30 D:/Project/cmms/vendor/laravel/framework/src/Illuminate/Foundation/Console/Kernel.php(201): Symfony/Component/Console/Application->run()
#31 D:/Project/cmms/artisan(14): Illuminate/Foundation/Console/Kernel->handle()
#32 {main}
"} 
[2026-08-09 03:28:07] local.ERROR: SQLSTATE[42S02]: Base table or view not found: 1146 Table 'cmms.activity_logs' doesn't exist (Connection: mysql, SQL: insert into `activity_logs` (`user_id`, `username`, `action`, `details`, `created_at`, `updated_at`) values (?, system, logout, Keluar dari aplikasi, 2026-08-09 03:28:07, 2026-08-09 03:28:07)) {"exception":"[object] (Illuminate\\Database\\QueryException(code: 42S02): SQLSTATE[42S02]: Base table or view not found: 1146 Table 'cmms.activity_logs' doesn't exist (Connection: mysql, SQL: insert into `activity_logs` (`user_id`, `username`, `action`, `details`, `created_at`, `updated_at`) values (?, system, logout, Keluar dari aplikasi, 2026-08-09 03:28:07, 2026-08-09 03:28:07)) at D:/Project/cmms/vendor/laravel/framework/src/Illuminate/Database/Connection.php:829)
[stacktrace]
#0 D:/Project/cmms/vendor/laravel/framework/src/Illuminate/Database/Connection.php(783): Illuminate/Database/Connection->runQueryCallback('insert into `ac...', Array, Object(Closure))
#1 D:/Project/cmms/vendor/laravel/framework/src/Illuminate/Database/MySqlConnection.php(34): Illuminate/Database/Connection->run('insert into `ac...', Array, Object(Closure))
#2 D:/Project/cmms/vendor/laravel/framework/src/Illuminate/Database/Query/Builder.php(3498): Illuminate/Database/MySqlConnection->insert('insert into `ac...', Array)
#3 D:/Project/cmms/app/Http/Controllers/CMMSController.php(539): Illuminate/Database/Query/Builder->insert(Array)
#4 D:/Project/cmms/app/Http/Controllers/CMMSController.php(67): App/Http/Controllers/CMMSController->logActivity(Object(Illuminate/Http/Request), 'logout', 'Keluar dari apl...')
#5 D:/Project/cmms/vendor/laravel/framework/src/Illuminate/Routing/Controller.php(54): App/Http/Controllers/CMMSController->logout(Object(Illuminate/Http/Request))
#6 D:/Project/cmms/vendor/laravel/framework/src/Illuminate/Routing/ControllerDispatcher.php(43): Illuminate/Routing/Controller->callAction('logout', Array)
#7 D:/Project/cmms/vendor/laravel/framework/src/Illuminate/Routing/Route.php(259): Illuminate/Routing/ControllerDispatcher->dispatch(Object(Illuminate/Routing/Route), Object(App/Http/Controllers/CMMSController), 'logout')
#8 D:/Project/cmms/vendor/laravel/framework/src/Illuminate/Routing/Route.php(205): Illuminate/Routing/Route->runController()
#9 D:/Project/cmms/vendor/laravel/framework/src/Illuminate/Routing/Router.php(806): Illuminate/Routing/Route->run()
#10 D:/Project/cmms/vendor/laravel/framework/src/Illuminate/Pipeline/Pipeline.php(144): Illuminate/Routing/Router->Illuminate/Routing/{closure}(Object(Illuminate/Http/Request))
#11 D:/Project/cmms/vendor/laravel/framework/src/Illuminate/Routing/Middleware/SubstituteBindings.php(50): Illuminate/Pipeline/Pipeline->Illuminate/Pipeline/{closure}(Object(Illuminate/Http/Request))
#12 D:/Project/cmms/vendor/laravel/framework/src/Illuminate/Pipeline/Pipeline.php(183): Illuminate/Routing/Middleware/SubstituteBindings->handle(Object(Illuminate/Http/Request), Object(Closure))
#13 D:/Project/cmms/vendor/laravel/framework/src/Illuminate/Foundation/Http/Middleware/VerifyCsrfToken.php(78): Illuminate/Pipeline/Pipeline->Illuminate/Pipeline/{closure}(Object(Illuminate/Http/Request))
#14 D:/Project/cmms/vendor/laravel/framework/src/Illuminate/Pipeline/Pipeline.php(183): Illuminate/Foundation/Http/Middleware/VerifyCsrfToken->handle(Object(Illuminate/Http/Request), Object(Closure))
#15 D:/Project/cmms/vendor/laravel/framework/src/Illuminate/View/Middleware/ShareErrorsFromSession.php(49): Illuminate/Pipeline/Pipeline->Illuminate/Pipeline/{closure}(Object(Illuminate/Http/Request))
#16 D:/Project/cmms/vendor/laravel/framework/src/Illuminate/Pipeline/Pipeline.php(183): Illuminate/View/Middleware/ShareErrorsFromSession->handle(Object(Illuminate/Http/Request), Object(Closure))
#17 D:/Project/cmms/vendor/laravel/framework/src/Illuminate/Session/Middleware/StartSession.php(121): Illuminate/Pipeline/Pipeline->Illuminate/Pipeline/{closure}(Object(Illuminate/Http/Request))
#18 D:/Project/cmms/vendor/laravel/framework/src/Illuminate/Session/Middleware/StartSession.php(64): Illuminate/Session/Middleware/StartSession->handleStatefulRequest(Object(Illuminate/Http/Request), Object(Illuminate/Session/Store), Object(Closure))
#19 D:/Project/cmms/vendor/laravel/framework/src/Illuminate/Pipeline/Pipeline.php(183): Illuminate/Session/Middleware/StartSession->handle(Object(Illuminate/Http/Request), Object(Closure))
#20 D:/Project/cmms/vendor/laravel/framework/src/Illuminate/Cookie/Middleware/AddQueuedCookiesToResponse.php(37): Illuminate/Pipeline/Pipeline->Illuminate/Pipeline/{closure}(Object(Illuminate/Http/Request))
#21 D:/Project/cmms/vendor/laravel/framework/src/Illuminate/Pipeline/Pipeline.php(183): Illuminate/Cookie/Middleware/AddQueuedCookiesToResponse->handle(Object(Illuminate/Http/Request), Object(Closure))
#22 D:/Project/cmms/vendor/laravel/framework/src/Illuminate/Cookie/Middleware/EncryptCookies.php(67): Illuminate/Pipeline/Pipeline->Illuminate/Pipeline/{closure}(Object(Illuminate/Http/Request))
#23 D:/Project/cmms/vendor/laravel/framework/src/Illuminate/Pipeline/Pipeline.php(183): Illuminate/Cookie/Middleware/EncryptCookies->handle(Object(Illuminate/Http/Request), Object(Closure))
#24 D:/Project/cmms/vendor/laravel/framework/src/Illuminate/Pipeline/Pipeline.php(119): Illuminate/Pipeline/Pipeline->Illuminate/Pipeline/{closure}(Object(Illuminate/Http/Request))
#25 D:/Project/cmms/vendor/laravel/framework/src/Illuminate/Routing/Router.php(805): Illuminate/Pipeline/Pipeline->then(Object(Closure))
#26 D:/Project/cmms/vendor/laravel/framework/src/Illuminate/Routing/Router.php(784): Illuminate/Routing/Router->runRouteWithinStack(Object(Illuminate/Routing/Route), Object(Illuminate/Http/Request))
#27 D:/Project/cmms/vendor/laravel/framework/src/Illuminate/Routing/Router.php(748): Illuminate/Routing/Router->runRoute(Object(Illuminate/Http/Request), Object(Illuminate/Routing/Route))
#28 D:/Project/cmms/vendor/laravel/framework/src/Illuminate/Routing/Router.php(737): Illuminate/Routing/Router->dispatchToRoute(Object(Illuminate/Http/Request))
#29 D:/Project/cmms/vendor/laravel/framework/src/Illuminate/Foundation/Http/Kernel.php(200): Illuminate/Routing/Router->dispatch(Object(Illuminate/Http/Request))
#30 D:/Project/cmms/vendor/laravel/framework/src/Illuminate/Pipeline/Pipeline.php(144): Illuminate/Foundation/Http/Kernel->Illuminate/Foundation/Http/{closure}(Object(Illuminate/Http/Request))
#31 D:/Project/cmms/vendor/laravel/framework/src/Illuminate/Http/Middleware/TrustProxies.php(39): Illuminate/Pipeline/Pipeline->Illuminate/Pipeline/{closure}(Object(Illuminate/Http/Request))
#32 D:/Project/cmms/vendor/laravel/framework/src/Illuminate/Pipeline/Pipeline.php(183): Illuminate/Http/Middleware/TrustProxies->handle(Object(Illuminate/Http/Request), Object(Closure))
#33 D:/Project/cmms/vendor/laravel/framework/src/Illuminate/Foundation/Http/Middleware/TransformsRequest.php(21): Illuminate/Pipeline/Pipeline->Illuminate/Pipeline/{closure}(Object(Illuminate/Http/Request))
#34 D:/Project/cmms/vendor/laravel/framework/src/Illuminate/Foundation/Http/Middleware/ConvertEmptyStringsToNull.php(31): Illuminate/Foundation/Http/Middleware/TransformsRequest->handle(Object(Illuminate/Http/Request), Object(Closure))
#35 D:/Project/cmms/vendor/laravel/framework/src/Illuminate/Pipeline/Pipeline.php(183): Illuminate/Foundation/Http/Middleware/ConvertEmptyStringsToNull->handle(Object(Illuminate/Http/Request), Object(Closure))
#36 D:/Project/cmms/vendor/laravel/framework/src/Illuminate/Foundation/Http/Middleware/TransformsRequest.php(21): Illuminate/Pipeline/Pipeline->Illuminate/Pipeline/{closure}(Object(Illuminate/Http/Request))
#37 D:/Project/cmms/vendor/laravel/framework/src/Illuminate/Foundation/Http/Middleware/TrimStrings.php(40): Illuminate/Foundation/Http/Middleware/TransformsRequest->handle(Object(Illuminate/Http/Request), Object(Closure))
#38 D:/Project/cmms/vendor/laravel/framework/src/Illuminate/Pipeline/Pipeline.php(183): Illuminate/Foundation/Http/Middleware/TrimStrings->handle(Object(Illuminate/Http/Request), Object(Closure))
#39 D:/Project/cmms/vendor/laravel/framework/src/Illuminate/Foundation/Http/Middleware/ValidatePostSize.php(27): Illuminate/Pipeline/Pipeline->Illuminate/Pipeline/{closure}(Object(Illuminate/Http/Request))
#40 D:/Project/cmms/vendor/laravel/framework/src/Illuminate/Pipeline/Pipeline.php(183): Illuminate/Foundation/Http/Middleware/ValidatePostSize->handle(Object(Illuminate/Http/Request), Object(Closure))
#41 D:/Project/cmms/vendor/laravel/framework/src/Illuminate/Foundation/Http/Middleware/PreventRequestsDuringMaintenance.php(99): Illuminate/Pipeline/Pipeline->Illuminate/Pipeline/{closure}(Object(Illuminate/Http/Request))
#42 D:/Project/cmms/vendor/laravel/framework/src/Illuminate/Pipeline/Pipeline.php(183): Illuminate/Foundation/Http/Middleware/PreventRequestsDuringMaintenance->handle(Object(Illuminate/Http/Request), Object(Closure))
#43 D:/Project/cmms/vendor/laravel/framework/src/Illuminate/Pipeline/Pipeline.php(119): Illuminate/Pipeline/Pipeline->Illuminate/Pipeline/{closure}(Object(Illuminate/Http/Request))
#44 D:/Project/cmms/vendor/laravel/framework/src/Illuminate/Foundation/Http/Kernel.php(175): Illuminate/Pipeline/Pipeline->then(Object(Closure))
#45 D:/Project/cmms/vendor/laravel/framework/src/Illuminate/Foundation/Http/Kernel.php(144): Illuminate/Foundation/Http/Kernel->sendRequestThroughRouter(Object(Illuminate/Http/Request))
#46 D:/Project/cmms/public/index.php(14): Illuminate/Foundation/Http/Kernel->handle(Object(Illuminate/Http/Request))
#47 D:/Project/cmms/vendor/laravel/framework/src/Illuminate/Foundation/resources/server.php(16): require_once('D://Project//cmms...')
#48 {main}

[previous exception] [object] (PDOException(code: 42S02): SQLSTATE[42S02]: Base table or view not found: 1146 Table 'cmms.activity_logs' doesn't exist at D:/Project/cmms/vendor/laravel/framework/src/Illuminate/Database/MySqlConnection.php:39)
[stacktrace]
#0 D:/Project/cmms/vendor/laravel/framework/src/Illuminate/Database/MySqlConnection.php(39): PDO->prepare('insert into `ac...')
#1 D:/Project/cmms/vendor/laravel/framework/src/Illuminate/Database/Connection.php(816): Illuminate/Database/MySqlConnection->Illuminate/Database/{closure}('insert into `ac...', Array)
#2 D:/Project/cmms/vendor/laravel/framework/src/Illuminate/Database/Connection.php(783): Illuminate/Database/Connection->runQueryCallback('insert into `ac...', Array, Object(Closure))
#3 D:/Project/cmms/vendor/laravel/framework/src/Illuminate/Database/MySqlConnection.php(34): Illuminate/Database/Connection->run('insert into `ac...', Array, Object(Closure))
#4 D:/Project/cmms/vendor/laravel/framework/src/Illuminate/Database/Query/Builder.php(3498): Illuminate/Database/MySqlConnection->insert('insert into `ac...', Array)
#5 D:/Project/cmms/app/Http/Controllers/CMMSController.php(539): Illuminate/Database/Query/Builder->insert(Array)
#6 D:/Project/cmms/app/Http/Controllers/CMMSController.php(67): App/Http/Controllers/CMMSController->logActivity(Object(Illuminate/Http/Request), 'logout', 'Keluar dari apl...')
#7 D:/Project/cmms/vendor/laravel/framework/src/Illuminate/Routing/Controller.php(54): App/Http/Controllers/CMMSController->logout(Object(Illuminate/Http/Request))
#8 D:/Project/cmms/vendor/laravel/framework/src/Illuminate/Routing/ControllerDispatcher.php(43): Illuminate/Routing/Controller->callAction('logout', Array)
#9 D:/Project/cmms/vendor/laravel/framework/src/Illuminate/Routing/Route.php(259): Illuminate/Routing/ControllerDispatcher->dispatch(Object(Illuminate/Routing/Route), Object(App/Http/Controllers/CMMSController), 'logout')
#10 D:/Project/cmms/vendor/laravel/framework/src/Illuminate/Routing/Route.php(205): Illuminate/Routing/Route->runController()
#11 D:/Project/cmms/vendor/laravel/framework/src/Illuminate/Routing/Router.php(806): Illuminate/Routing/Route->run()
#12 D:/Project/cmms/vendor/laravel/framework/src/Illuminate/Pipeline/Pipeline.php(144): Illuminate/Routing/Router->Illuminate/Routing/{closure}(Object(Illuminate/Http/Request))
#13 D:/Project/cmms/vendor/laravel/framework/src/Illuminate/Routing/Middleware/SubstituteBindings.php(50): Illuminate/Pipeline/Pipeline->Illuminate/Pipeline/{closure}(Object(Illuminate/Http/Request))
#14 D:/Project/cmms/vendor/laravel/framework/src/Illuminate/Pipeline/Pipeline.php(183): Illuminate/Routing/Middleware/SubstituteBindings->handle(Object(Illuminate/Http/Request), Object(Closure))
#15 D:/Project/cmms/vendor/laravel/framework/src/Illuminate/Foundation/Http/Middleware/VerifyCsrfToken.php(78): Illuminate/Pipeline/Pipeline->Illuminate/Pipeline/{closure}(Object(Illuminate/Http/Request))
#16 D:/Project/cmms/vendor/laravel/framework/src/Illuminate/Pipeline/Pipeline.php(183): Illuminate/Foundation/Http/Middleware/VerifyCsrfToken->handle(Object(Illuminate/Http/Request), Object(Closure))
#17 D:/Project/cmms/vendor/laravel/framework/src/Illuminate/View/Middleware/ShareErrorsFromSession.php(49): Illuminate/Pipeline/Pipeline->Illuminate/Pipeline/{closure}(Object(Illuminate/Http/Request))
#18 D:/Project/cmms/vendor/laravel/framework/src/Illuminate/Pipeline/Pipeline.php(183): Illuminate/View/Middleware/ShareErrorsFromSession->handle(Object(Illuminate/Http/Request), Object(Closure))
#19 D:/Project/cmms/vendor/laravel/framework/src/Illuminate/Session/Middleware/StartSession.php(121): Illuminate/Pipeline/Pipeline->Illuminate/Pipeline/{closure}(Object(Illuminate/Http/Request))
#20 D:/Project/cmms/vendor/laravel/framework/src/Illuminate/Session/Middleware/StartSession.php(64): Illuminate/Session/Middleware/StartSession->handleStatefulRequest(Object(Illuminate/Http/Request), Object(Illuminate/Session/Store), Object(Closure))
#21 D:/Project/cmms/vendor/laravel/framework/src/Illuminate/Pipeline/Pipeline.php(183): Illuminate/Session/Middleware/StartSession->handle(Object(Illuminate/Http/Request), Object(Closure))
#22 D:/Project/cmms/vendor/laravel/framework/src/Illuminate/Cookie/Middleware/AddQueuedCookiesToResponse.php(37): Illuminate/Pipeline/Pipeline->Illuminate/Pipeline/{closure}(Object(Illuminate/Http/Request))
#23 D:/Project/cmms/vendor/laravel/framework/src/Illuminate/Pipeline/Pipeline.php(183): Illuminate/Cookie/Middleware/AddQueuedCookiesToResponse->handle(Object(Illuminate/Http/Request), Object(Closure))
#24 D:/Project/cmms/vendor/laravel/framework/src/Illuminate/Cookie/Middleware/EncryptCookies.php(67): Illuminate/Pipeline/Pipeline->Illuminate/Pipeline/{closure}(Object(Illuminate/Http/Request))
#25 D:/Project/cmms/vendor/laravel/framework/src/Illuminate/Pipeline/Pipeline.php(183): Illuminate/Cookie/Middleware/EncryptCookies->handle(Object(Illuminate/Http/Request), Object(Closure))
#26 D:/Project/cmms/vendor/laravel/framework/src/Illuminate/Pipeline/Pipeline.php(119): Illuminate/Pipeline/Pipeline->Illuminate/Pipeline/{closure}(Object(Illuminate/Http/Request))
#27 D:/Project/cmms/vendor/laravel/framework/src/Illuminate/Routing/Router.php(805): Illuminate/Pipeline/Pipeline->then(Object(Closure))
#28 D:/Project/cmms/vendor/laravel/framework/src/Illuminate/Routing/Router.php(784): Illuminate/Routing/Router->runRouteWithinStack(Object(Illuminate/Routing/Route), Object(Illuminate/Http/Request))
#29 D:/Project/cmms/vendor/laravel/framework/src/Illuminate/Routing/Router.php(748): Illuminate/Routing/Router->runRoute(Object(Illuminate/Http/Request), Object(Illuminate/Routing/Route))
#30 D:/Project/cmms/vendor/laravel/framework/src/Illuminate/Routing/Router.php(737): Illuminate/Routing/Router->dispatchToRoute(Object(Illuminate/Http/Request))
#31 D:/Project/cmms/vendor/laravel/framework/src/Illuminate/Foundation/Http/Kernel.php(200): Illuminate/Routing/Router->dispatch(Object(Illuminate/Http/Request))
#32 D:/Project/cmms/vendor/laravel/framework/src/Illuminate/Pipeline/Pipeline.php(144): Illuminate/Foundation/Http/Kernel->Illuminate/Foundation/Http/{closure}(Object(Illuminate/Http/Request))
#33 D:/Project/cmms/vendor/laravel/framework/src/Illuminate/Http/Middleware/TrustProxies.php(39): Illuminate/Pipeline/Pipeline->Illuminate/Pipeline/{closure}(Object(Illuminate/Http/Request))
#34 D:/Project/cmms/vendor/laravel/framework/src/Illuminate/Pipeline/Pipeline.php(183): Illuminate/Http/Middleware/TrustProxies->handle(Object(Illuminate/Http/Request), Object(Closure))
#35 D:/Project/cmms/vendor/laravel/framework/src/Illuminate/Foundation/Http/Middleware/TransformsRequest.php(21): Illuminate/Pipeline/Pipeline->Illuminate/Pipeline/{closure}(Object(Illuminate/Http/Request))
#36 D:/Project/cmms/vendor/laravel/framework/src/Illuminate/Foundation/Http/Middleware/ConvertEmptyStringsToNull.php(31): Illuminate/Foundation/Http/Middleware/TransformsRequest->handle(Object(Illuminate/Http/Request), Object(Closure))
#37 D:/Project/cmms/vendor/laravel/framework/src/Illuminate/Pipeline/Pipeline.php(183): Illuminate/Foundation/Http/Middleware/ConvertEmptyStringsToNull->handle(Object(Illuminate/Http/Request), Object(Closure))
#38 D:/Project/cmms/vendor/laravel/framework/src/Illuminate/Foundation/Http/Middleware/TransformsRequest.php(21): Illuminate/Pipeline/Pipeline->Illuminate/Pipeline/{closure}(Object(Illuminate/Http/Request))
#39 D:/Project/cmms/vendor/laravel/framework/src/Illuminate/Foundation/Http/Middleware/TrimStrings.php(40): Illuminate/Foundation/Http/Middleware/TransformsRequest->handle(Object(Illuminate/Http/Request), Object(Closure))
#40 D:/Project/cmms/vendor/laravel/framework/src/Illuminate/Pipeline/Pipeline.php(183): Illuminate/Foundation/Http/Middleware/TrimStrings->handle(Object(Illuminate/Http/Request), Object(Closure))
#41 D:/Project/cmms/vendor/laravel/framework/src/Illuminate/Foundation/Http/Middleware/ValidatePostSize.php(27): Illuminate/Pipeline/Pipeline->Illuminate/Pipeline/{closure}(Object(Illuminate/Http/Request))
#42 D:/Project/cmms/vendor/laravel/framework/src/Illuminate/Pipeline/Pipeline.php(183): Illuminate/Foundation/Http/Middleware/ValidatePostSize->handle(Object(Illuminate/Http/Request), Object(Closure))
#43 D:/Project/cmms/vendor/laravel/framework/src/Illuminate/Foundation/Http/Middleware/PreventRequestsDuringMaintenance.php(99): Illuminate/Pipeline/Pipeline->Illuminate/Pipeline/{closure}(Object(Illuminate/Http/Request))
#44 D:/Project/cmms/vendor/laravel/framework/src/Illuminate/Pipeline/Pipeline.php(183): Illuminate/Foundation/Http/Middleware/PreventRequestsDuringMaintenance->handle(Object(Illuminate/Http/Request), Object(Closure))
#45 D:/Project/cmms/vendor/laravel/framework/src/Illuminate/Pipeline/Pipeline.php(119): Illuminate/Pipeline/Pipeline->Illuminate/Pipeline/{closure}(Object(Illuminate/Http/Request))
#46 D:/Project/cmms/vendor/laravel/framework/src/Illuminate/Foundation/Http/Kernel.php(175): Illuminate/Pipeline/Pipeline->then(Object(Closure))
#47 D:/Project/cmms/vendor/laravel/framework/src/Illuminate/Foundation/Http/Kernel.php(144): Illuminate/Foundation/Http/Kernel->sendRequestThroughRouter(Object(Illuminate/Http/Request))
#48 D:/Project/cmms/public/index.php(14): Illuminate/Foundation/Http/Kernel->handle(Object(Illuminate/Http/Request))
#49 D:/Project/cmms/vendor/laravel/framework/src/Illuminate/Foundation/resources/server.php(16): require_once('D://Project//cmms...')
#50 {main}
"} 
[2026-08-09 03:28:18] local.ERROR: SQLSTATE[42S02]: Base table or view not found: 1146 Table 'cmms.activity_logs' doesn't exist (Connection: mysql, SQL: insert into `activity_logs` (`user_id`, `username`, `action`, `details`, `created_at`, `updated_at`) values (1, ahmad, login, Login sebagai manager, 2026-08-09 03:28:18, 2026-08-09 03:28:18)) {"exception":"[object] (Illuminate\\Database\\QueryException(code: 42S02): SQLSTATE[42S02]: Base table or view not found: 1146 Table 'cmms.activity_logs' doesn't exist (Connection: mysql, SQL: insert into `activity_logs` (`user_id`, `username`, `action`, `details`, `created_at`, `updated_at`) values (1, ahmad, login, Login sebagai manager, 2026-08-09 03:28:18, 2026-08-09 03:28:18)) at D:/Project/cmms/vendor/laravel/framework/src/Illuminate/Database/Connection.php:829)
[stacktrace]
#0 D:/Project/cmms/vendor/laravel/framework/src/Illuminate/Database/Connection.php(783): Illuminate/Database/Connection->runQueryCallback('insert into `ac...', Array, Object(Closure))
#1 D:/Project/cmms/vendor/laravel/framework/src/Illuminate/Database/MySqlConnection.php(34): Illuminate/Database/Connection->run('insert into `ac...', Array, Object(Closure))
#2 D:/Project/cmms/vendor/laravel/framework/src/Illuminate/Database/Query/Builder.php(3498): Illuminate/Database/MySqlConnection->insert('insert into `ac...', Array)
#3 D:/Project/cmms/app/Http/Controllers/CMMSController.php(539): Illuminate/Database/Query/Builder->insert(Array)
#4 D:/Project/cmms/app/Http/Controllers/CMMSController.php(60): App/Http/Controllers/CMMSController->logActivity(Object(Illuminate/Http/Request), 'login', 'Login sebagai m...')
#5 D:/Project/cmms/vendor/laravel/framework/src/Illuminate/Routing/Controller.php(54): App/Http/Controllers/CMMSController->login(Object(Illuminate/Http/Request))
#6 D:/Project/cmms/vendor/laravel/framework/src/Illuminate/Routing/ControllerDispatcher.php(43): Illuminate/Routing/Controller->callAction('login', Array)
#7 D:/Project/cmms/vendor/laravel/framework/src/Illuminate/Routing/Route.php(259): Illuminate/Routing/ControllerDispatcher->dispatch(Object(Illuminate/Routing/Route), Object(App/Http/Controllers/CMMSController), 'login')
#8 D:/Project/cmms/vendor/laravel/framework/src/Illuminate/Routing/Route.php(205): Illuminate/Routing/Route->runController()
#9 D:/Project/cmms/vendor/laravel/framework/src/Illuminate/Routing/Router.php(806): Illuminate/Routing/Route->run()
#10 D:/Project/cmms/vendor/laravel/framework/src/Illuminate/Pipeline/Pipeline.php(144): Illuminate/Routing/Router->Illuminate/Routing/{closure}(Object(Illuminate/Http/Request))
#11 D:/Project/cmms/vendor/laravel/framework/src/Illuminate/Routing/Middleware/SubstituteBindings.php(50): Illuminate/Pipeline/Pipeline->Illuminate/Pipeline/{closure}(Object(Illuminate/Http/Request))
#12 D:/Project/cmms/vendor/laravel/framework/src/Illuminate/Pipeline/Pipeline.php(183): Illuminate/Routing/Middleware/SubstituteBindings->handle(Object(Illuminate/Http/Request), Object(Closure))
#13 D:/Project/cmms/vendor/laravel/framework/src/Illuminate/Foundation/Http/Middleware/VerifyCsrfToken.php(78): Illuminate/Pipeline/Pipeline->Illuminate/Pipeline/{closure}(Object(Illuminate/Http/Request))
#14 D:/Project/cmms/vendor/laravel/framework/src/Illuminate/Pipeline/Pipeline.php(183): Illuminate/Foundation/Http/Middleware/VerifyCsrfToken->handle(Object(Illuminate/Http/Request), Object(Closure))
#15 D:/Project/cmms/vendor/laravel/framework/src/Illuminate/View/Middleware/ShareErrorsFromSession.php(49): Illuminate/Pipeline/Pipeline->Illuminate/Pipeline/{closure}(Object(Illuminate/Http/Request))
#16 D:/Project/cmms/vendor/laravel/framework/src/Illuminate/Pipeline/Pipeline.php(183): Illuminate/View/Middleware/ShareErrorsFromSession->handle(Object(Illuminate/Http/Request), Object(Closure))
#17 D:/Project/cmms/vendor/laravel/framework/src/Illuminate/Session/Middleware/StartSession.php(121): Illuminate/Pipeline/Pipeline->Illuminate/Pipeline/{closure}(Object(Illuminate/Http/Request))
#18 D:/Project/cmms/vendor/laravel/framework/src/Illuminate/Session/Middleware/StartSession.php(64): Illuminate/Session/Middleware/StartSession->handleStatefulRequest(Object(Illuminate/Http/Request), Object(Illuminate/Session/Store), Object(Closure))
#19 D:/Project/cmms/vendor/laravel/framework/src/Illuminate/Pipeline/Pipeline.php(183): Illuminate/Session/Middleware/StartSession->handle(Object(Illuminate/Http/Request), Object(Closure))
#20 D:/Project/cmms/vendor/laravel/framework/src/Illuminate/Cookie/Middleware/AddQueuedCookiesToResponse.php(37): Illuminate/Pipeline/Pipeline->Illuminate/Pipeline/{closure}(Object(Illuminate/Http/Request))
#21 D:/Project/cmms/vendor/laravel/framework/src/Illuminate/Pipeline/Pipeline.php(183): Illuminate/Cookie/Middleware/AddQueuedCookiesToResponse->handle(Object(Illuminate/Http/Request), Object(Closure))
#22 D:/Project/cmms/vendor/laravel/framework/src/Illuminate/Cookie/Middleware/EncryptCookies.php(67): Illuminate/Pipeline/Pipeline->Illuminate/Pipeline/{closure}(Object(Illuminate/Http/Request))
#23 D:/Project/cmms/vendor/laravel/framework/src/Illuminate/Pipeline/Pipeline.php(183): Illuminate/Cookie/Middleware/EncryptCookies->handle(Object(Illuminate/Http/Request), Object(Closure))
#24 D:/Project/cmms/vendor/laravel/framework/src/Illuminate/Pipeline/Pipeline.php(119): Illuminate/Pipeline/Pipeline->Illuminate/Pipeline/{closure}(Object(Illuminate/Http/Request))
#25 D:/Project/cmms/vendor/laravel/framework/src/Illuminate/Routing/Router.php(805): Illuminate/Pipeline/Pipeline->then(Object(Closure))
#26 D:/Project/cmms/vendor/laravel/framework/src/Illuminate/Routing/Router.php(784): Illuminate/Routing/Router->runRouteWithinStack(Object(Illuminate/Routing/Route), Object(Illuminate/Http/Request))
#27 D:/Project/cmms/vendor/laravel/framework/src/Illuminate/Routing/Router.php(748): Illuminate/Routing/Router->runRoute(Object(Illuminate/Http/Request), Object(Illuminate/Routing/Route))
#28 D:/Project/cmms/vendor/laravel/framework/src/Illuminate/Routing/Router.php(737): Illuminate/Routing/Router->dispatchToRoute(Object(Illuminate/Http/Request))
#29 D:/Project/cmms/vendor/laravel/framework/src/Illuminate/Foundation/Http/Kernel.php(200): Illuminate/Routing/Router->dispatch(Object(Illuminate/Http/Request))
#30 D:/Project/cmms/vendor/laravel/framework/src/Illuminate/Pipeline/Pipeline.php(144): Illuminate/Foundation/Http/Kernel->Illuminate/Foundation/Http/{closure}(Object(Illuminate/Http/Request))
#31 D:/Project/cmms/vendor/laravel/framework/src/Illuminate/Http/Middleware/TrustProxies.php(39): Illuminate/Pipeline/Pipeline->Illuminate/Pipeline/{closure}(Object(Illuminate/Http/Request))
#32 D:/Project/cmms/vendor/laravel/framework/src/Illuminate/Pipeline/Pipeline.php(183): Illuminate/Http/Middleware/TrustProxies->handle(Object(Illuminate/Http/Request), Object(Closure))
#33 D:/Project/cmms/vendor/laravel/framework/src/Illuminate/Foundation/Http/Middleware/TransformsRequest.php(21): Illuminate/Pipeline/Pipeline->Illuminate/Pipeline/{closure}(Object(Illuminate/Http/Request))
#34 D:/Project/cmms/vendor/laravel/framework/src/Illuminate/Foundation/Http/Middleware/ConvertEmptyStringsToNull.php(31): Illuminate/Foundation/Http/Middleware/TransformsRequest->handle(Object(Illuminate/Http/Request), Object(Closure))
#35 D:/Project/cmms/vendor/laravel/framework/src/Illuminate/Pipeline/Pipeline.php(183): Illuminate/Foundation/Http/Middleware/ConvertEmptyStringsToNull->handle(Object(Illuminate/Http/Request), Object(Closure))
#36 D:/Project/cmms/vendor/laravel/framework/src/Illuminate/Foundation/Http/Middleware/TransformsRequest.php(21): Illuminate/Pipeline/Pipeline->Illuminate/Pipeline/{closure}(Object(Illuminate/Http/Request))
#37 D:/Project/cmms/vendor/laravel/framework/src/Illuminate/Foundation/Http/Middleware/TrimStrings.php(40): Illuminate/Foundation/Http/Middleware/TransformsRequest->handle(Object(Illuminate/Http/Request), Object(Closure))
#38 D:/Project/cmms/vendor/laravel/framework/src/Illuminate/Pipeline/Pipeline.php(183): Illuminate/Foundation/Http/Middleware/TrimStrings->handle(Object(Illuminate/Http/Request), Object(Closure))
#39 D:/Project/cmms/vendor/laravel/framework/src/Illuminate/Foundation/Http/Middleware/ValidatePostSize.php(27): Illuminate/Pipeline/Pipeline->Illuminate/Pipeline/{closure}(Object(Illuminate/Http/Request))
#40 D:/Project/cmms/vendor/laravel/framework/src/Illuminate/Pipeline/Pipeline.php(183): Illuminate/Foundation/Http/Middleware/ValidatePostSize->handle(Object(Illuminate/Http/Request), Object(Closure))
#41 D:/Project/cmms/vendor/laravel/framework/src/Illuminate/Foundation/Http/Middleware/PreventRequestsDuringMaintenance.php(99): Illuminate/Pipeline/Pipeline->Illuminate/Pipeline/{closure}(Object(Illuminate/Http/Request))
#42 D:/Project/cmms/vendor/laravel/framework/src/Illuminate/Pipeline/Pipeline.php(183): Illuminate/Foundation/Http/Middleware/PreventRequestsDuringMaintenance->handle(Object(Illuminate/Http/Request), Object(Closure))
#43 D:/Project/cmms/vendor/laravel/framework/src/Illuminate/Pipeline/Pipeline.php(119): Illuminate/Pipeline/Pipeline->Illuminate/Pipeline/{closure}(Object(Illuminate/Http/Request))
#44 D:/Project/cmms/vendor/laravel/framework/src/Illuminate/Foundation/Http/Kernel.php(175): Illuminate/Pipeline/Pipeline->then(Object(Closure))
#45 D:/Project/cmms/vendor/laravel/framework/src/Illuminate/Foundation/Http/Kernel.php(144): Illuminate/Foundation/Http/Kernel->sendRequestThroughRouter(Object(Illuminate/Http/Request))
#46 D:/Project/cmms/public/index.php(14): Illuminate/Foundation/Http/Kernel->handle(Object(Illuminate/Http/Request))
#47 D:/Project/cmms/vendor/laravel/framework/src/Illuminate/Foundation/resources/server.php(16): require_once('D://Project//cmms...')
#48 {main}

[previous exception] [object] (PDOException(code: 42S02): SQLSTATE[42S02]: Base table or view not found: 1146 Table 'cmms.activity_logs' doesn't exist at D:/Project/cmms/vendor/laravel/framework/src/Illuminate/Database/MySqlConnection.php:39)
[stacktrace]
#0 D:/Project/cmms/vendor/laravel/framework/src/Illuminate/Database/MySqlConnection.php(39): PDO->prepare('insert into `ac...')
#1 D:/Project/cmms/vendor/laravel/framework/src/Illuminate/Database/Connection.php(816): Illuminate/Database/MySqlConnection->Illuminate/Database/{closure}('insert into `ac...', Array)
#2 D:/Project/cmms/vendor/laravel/framework/src/Illuminate/Database/Connection.php(783): Illuminate/Database/Connection->runQueryCallback('insert into `ac...', Array, Object(Closure))
#3 D:/Project/cmms/vendor/laravel/framework/src/Illuminate/Database/MySqlConnection.php(34): Illuminate/Database/Connection->run('insert into `ac...', Array, Object(Closure))
#4 D:/Project/cmms/vendor/laravel/framework/src/Illuminate/Database/Query/Builder.php(3498): Illuminate/Database/MySqlConnection->insert('insert into `ac...', Array)
#5 D:/Project/cmms/app/Http/Controllers/CMMSController.php(539): Illuminate/Database/Query/Builder->insert(Array)
#6 D:/Project/cmms/app/Http/Controllers/CMMSController.php(60): App/Http/Controllers/CMMSController->logActivity(Object(Illuminate/Http/Request), 'login', 'Login sebagai m...')
#7 D:/Project/cmms/vendor/laravel/framework/src/Illuminate/Routing/Controller.php(54): App/Http/Controllers/CMMSController->login(Object(Illuminate/Http/Request))
#8 D:/Project/cmms/vendor/laravel/framework/src/Illuminate/Routing/ControllerDispatcher.php(43): Illuminate/Routing/Controller->callAction('login', Array)
#9 D:/Project/cmms/vendor/laravel/framework/src/Illuminate/Routing/Route.php(259): Illuminate/Routing/ControllerDispatcher->dispatch(Object(Illuminate/Routing/Route), Object(App/Http/Controllers/CMMSController), 'login')
#10 D:/Project/cmms/vendor/laravel/framework/src/Illuminate/Routing/Route.php(205): Illuminate/Routing/Route->runController()
#11 D:/Project/cmms/vendor/laravel/framework/src/Illuminate/Routing/Router.php(806): Illuminate/Routing/Route->run()
#12 D:/Project/cmms/vendor/laravel/framework/src/Illuminate/Pipeline/Pipeline.php(144): Illuminate/Routing/Router->Illuminate/Routing/{closure}(Object(Illuminate/Http/Request))
#13 D:/Project/cmms/vendor/laravel/framework/src/Illuminate/Routing/Middleware/SubstituteBindings.php(50): Illuminate/Pipeline/Pipeline->Illuminate/Pipeline/{closure}(Object(Illuminate/Http/Request))
#14 D:/Project/cmms/vendor/laravel/framework/src/Illuminate/Pipeline/Pipeline.php(183): Illuminate/Routing/Middleware/SubstituteBindings->handle(Object(Illuminate/Http/Request), Object(Closure))
#15 D:/Project/cmms/vendor/laravel/framework/src/Illuminate/Foundation/Http/Middleware/VerifyCsrfToken.php(78): Illuminate/Pipeline/Pipeline->Illuminate/Pipeline/{closure}(Object(Illuminate/Http/Request))
#16 D:/Project/cmms/vendor/laravel/framework/src/Illuminate/Pipeline/Pipeline.php(183): Illuminate/Foundation/Http/Middleware/VerifyCsrfToken->handle(Object(Illuminate/Http/Request), Object(Closure))
#17 D:/Project/cmms/vendor/laravel/framework/src/Illuminate/View/Middleware/ShareErrorsFromSession.php(49): Illuminate/Pipeline/Pipeline->Illuminate/Pipeline/{closure}(Object(Illuminate/Http/Request))
#18 D:/Project/cmms/vendor/laravel/framework/src/Illuminate/Pipeline/Pipeline.php(183): Illuminate/View/Middleware/ShareErrorsFromSession->handle(Object(Illuminate/Http/Request), Object(Closure))
#19 D:/Project/cmms/vendor/laravel/framework/src/Illuminate/Session/Middleware/StartSession.php(121): Illuminate/Pipeline/Pipeline->Illuminate/Pipeline/{closure}(Object(Illuminate/Http/Request))
#20 D:/Project/cmms/vendor/laravel/framework/src/Illuminate/Session/Middleware/StartSession.php(64): Illuminate/Session/Middleware/StartSession->handleStatefulRequest(Object(Illuminate/Http/Request), Object(Illuminate/Session/Store), Object(Closure))
#21 D:/Project/cmms/vendor/laravel/framework/src/Illuminate/Pipeline/Pipeline.php(183): Illuminate/Session/Middleware/StartSession->handle(Object(Illuminate/Http/Request), Object(Closure))
#22 D:/Project/cmms/vendor/laravel/framework/src/Illuminate/Cookie/Middleware/AddQueuedCookiesToResponse.php(37): Illuminate/Pipeline/Pipeline->Illuminate/Pipeline/{closure}(Object(Illuminate/Http/Request))
#23 D:/Project/cmms/vendor/laravel/framework/src/Illuminate/Pipeline/Pipeline.php(183): Illuminate/Cookie/Middleware/AddQueuedCookiesToResponse->handle(Object(Illuminate/Http/Request), Object(Closure))
#24 D:/Project/cmms/vendor/laravel/framework/src/Illuminate/Cookie/Middleware/EncryptCookies.php(67): Illuminate/Pipeline/Pipeline->Illuminate/Pipeline/{closure}(Object(Illuminate/Http/Request))
#25 D:/Project/cmms/vendor/laravel/framework/src/Illuminate/Pipeline/Pipeline.php(183): Illuminate/Cookie/Middleware/EncryptCookies->handle(Object(Illuminate/Http/Request), Object(Closure))
#26 D:/Project/cmms/vendor/laravel/framework/src/Illuminate/Pipeline/Pipeline.php(119): Illuminate/Pipeline/Pipeline->Illuminate/Pipeline/{closure}(Object(Illuminate/Http/Request))
#27 D:/Project/cmms/vendor/laravel/framework/src/Illuminate/Routing/Router.php(805): Illuminate/Pipeline/Pipeline->then(Object(Closure))
#28 D:/Project/cmms/vendor/laravel/framework/src/Illuminate/Routing/Router.php(784): Illuminate/Routing/Router->runRouteWithinStack(Object(Illuminate/Routing/Route), Object(Illuminate/Http/Request))
#29 D:/Project/cmms/vendor/laravel/framework/src/Illuminate/Routing/Router.php(748): Illuminate/Routing/Router->runRoute(Object(Illuminate/Http/Request), Object(Illuminate/Routing/Route))
#30 D:/Project/cmms/vendor/laravel/framework/src/Illuminate/Routing/Router.php(737): Illuminate/Routing/Router->dispatchToRoute(Object(Illuminate/Http/Request))
#31 D:/Project/cmms/vendor/laravel/framework/src/Illuminate/Foundation/Http/Kernel.php(200): Illuminate/Routing/Router->dispatch(Object(Illuminate/Http/Request))
#32 D:/Project/cmms/vendor/laravel/framework/src/Illuminate/Pipeline/Pipeline.php(144): Illuminate/Foundation/Http/Kernel->Illuminate/Foundation/Http/{closure}(Object(Illuminate/Http/Request))
#33 D:/Project/cmms/vendor/laravel/framework/src/Illuminate/Http/Middleware/TrustProxies.php(39): Illuminate/Pipeline/Pipeline->Illuminate/Pipeline/{closure}(Object(Illuminate/Http/Request))
#34 D:/Project/cmms/vendor/laravel/framework/src/Illuminate/Pipeline/Pipeline.php(183): Illuminate/Http/Middleware/TrustProxies->handle(Object(Illuminate/Http/Request), Object(Closure))
#35 D:/Project/cmms/vendor/laravel/framework/src/Illuminate/Foundation/Http/Middleware/TransformsRequest.php(21): Illuminate/Pipeline/Pipeline->Illuminate/Pipeline/{closure}(Object(Illuminate/Http/Request))
#36 D:/Project/cmms/vendor/laravel/framework/src/Illuminate/Foundation/Http/Middleware/ConvertEmptyStringsToNull.php(31): Illuminate/Foundation/Http/Middleware/TransformsRequest->handle(Object(Illuminate/Http/Request), Object(Closure))
#37 D:/Project/cmms/vendor/laravel/framework/src/Illuminate/Pipeline/Pipeline.php(183): Illuminate/Foundation/Http/Middleware/ConvertEmptyStringsToNull->handle(Object(Illuminate/Http/Request), Object(Closure))
#38 D:/Project/cmms/vendor/laravel/framework/src/Illuminate/Foundation/Http/Middleware/TransformsRequest.php(21): Illuminate/Pipeline/Pipeline->Illuminate/Pipeline/{closure}(Object(Illuminate/Http/Request))
#39 D:/Project/cmms/vendor/laravel/framework/src/Illuminate/Foundation/Http/Middleware/TrimStrings.php(40): Illuminate/Foundation/Http/Middleware/TransformsRequest->handle(Object(Illuminate/Http/Request), Object(Closure))
#40 D:/Project/cmms/vendor/laravel/framework/src/Illuminate/Pipeline/Pipeline.php(183): Illuminate/Foundation/Http/Middleware/TrimStrings->handle(Object(Illuminate/Http/Request), Object(Closure))
#41 D:/Project/cmms/vendor/laravel/framework/src/Illuminate/Foundation/Http/Middleware/ValidatePostSize.php(27): Illuminate/Pipeline/Pipeline->Illuminate/Pipeline/{closure}(Object(Illuminate/Http/Request))
#42 D:/Project/cmms/vendor/laravel/framework/src/Illuminate/Pipeline/Pipeline.php(183): Illuminate/Foundation/Http/Middleware/ValidatePostSize->handle(Object(Illuminate/Http/Request), Object(Closure))
#43 D:/Project/cmms/vendor/laravel/framework/src/Illuminate/Foundation/Http/Middleware/PreventRequestsDuringMaintenance.php(99): Illuminate/Pipeline/Pipeline->Illuminate/Pipeline/{closure}(Object(Illuminate/Http/Request))
#44 D:/Project/cmms/vendor/laravel/framework/src/Illuminate/Pipeline/Pipeline.php(183): Illuminate/Foundation/Http/Middleware/PreventRequestsDuringMaintenance->handle(Object(Illuminate/Http/Request), Object(Closure))
#45 D:/Project/cmms/vendor/laravel/framework/src/Illuminate/Pipeline/Pipeline.php(119): Illuminate/Pipeline/Pipeline->Illuminate/Pipeline/{closure}(Object(Illuminate/Http/Request))
#46 D:/Project/cmms/vendor/laravel/framework/src/Illuminate/Foundation/Http/Kernel.php(175): Illuminate/Pipeline/Pipeline->then(Object(Closure))
#47 D:/Project/cmms/vendor/laravel/framework/src/Illuminate/Foundation/Http/Kernel.php(144): Illuminate/Foundation/Http/Kernel->sendRequestThroughRouter(Object(Illuminate/Http/Request))
#48 D:/Project/cmms/public/index.php(14): Illuminate/Foundation/Http/Kernel->handle(Object(Illuminate/Http/Request))
#49 D:/Project/cmms/vendor/laravel/framework/src/Illuminate/Foundation/resources/server.php(16): require_once('D://Project//cmms...')
#50 {main}
"} 
[2026-08-09 03:28:23] local.ERROR: SQLSTATE[42S02]: Base table or view not found: 1146 Table 'cmms.activity_logs' doesn't exist (Connection: mysql, SQL: insert into `activity_logs` (`user_id`, `username`, `action`, `details`, `created_at`, `updated_at`) values (1, ahmad, login, Login sebagai manager, 2026-08-09 03:28:23, 2026-08-09 03:28:23)) {"exception":"[object] (Illuminate\\Database\\QueryException(code: 42S02): SQLSTATE[42S02]: Base table or view not found: 1146 Table 'cmms.activity_logs' doesn't exist (Connection: mysql, SQL: insert into `activity_logs` (`user_id`, `username`, `action`, `details`, `created_at`, `updated_at`) values (1, ahmad, login, Login sebagai manager, 2026-08-09 03:28:23, 2026-08-09 03:28:23)) at D:/Project/cmms/vendor/laravel/framework/src/Illuminate/Database/Connection.php:829)
[stacktrace]
#0 D:/Project/cmms/vendor/laravel/framework/src/Illuminate/Database/Connection.php(783): Illuminate/Database/Connection->runQueryCallback('insert into `ac...', Array, Object(Closure))
#1 D:/Project/cmms/vendor/laravel/framework/src/Illuminate/Database/MySqlConnection.php(34): Illuminate/Database/Connection->run('insert into `ac...', Array, Object(Closure))
#2 D:/Project/cmms/vendor/laravel/framework/src/Illuminate/Database/Query/Builder.php(3498): Illuminate/Database/MySqlConnection->insert('insert into `ac...', Array)
#3 D:/Project/cmms/app/Http/Controllers/CMMSController.php(539): Illuminate/Database/Query/Builder->insert(Array)
#4 D:/Project/cmms/app/Http/Controllers/CMMSController.php(60): App/Http/Controllers/CMMSController->logActivity(Object(Illuminate/Http/Request), 'login', 'Login sebagai m...')
#5 D:/Project/cmms/vendor/laravel/framework/src/Illuminate/Routing/Controller.php(54): App/Http/Controllers/CMMSController->login(Object(Illuminate/Http/Request))
#6 D:/Project/cmms/vendor/laravel/framework/src/Illuminate/Routing/ControllerDispatcher.php(43): Illuminate/Routing/Controller->callAction('login', Array)
#7 D:/Project/cmms/vendor/laravel/framework/src/Illuminate/Routing/Route.php(259): Illuminate/Routing/ControllerDispatcher->dispatch(Object(Illuminate/Routing/Route), Object(App/Http/Controllers/CMMSController), 'login')
#8 D:/Project/cmms/vendor/laravel/framework/src/Illuminate/Routing/Route.php(205): Illuminate/Routing/Route->runController()
#9 D:/Project/cmms/vendor/laravel/framework/src/Illuminate/Routing/Router.php(806): Illuminate/Routing/Route->run()
#10 D:/Project/cmms/vendor/laravel/framework/src/Illuminate/Pipeline/Pipeline.php(144): Illuminate/Routing/Router->Illuminate/Routing/{closure}(Object(Illuminate/Http/Request))
#11 D:/Project/cmms/vendor/laravel/framework/src/Illuminate/Routing/Middleware/SubstituteBindings.php(50): Illuminate/Pipeline/Pipeline->Illuminate/Pipeline/{closure}(Object(Illuminate/Http/Request))
#12 D:/Project/cmms/vendor/laravel/framework/src/Illuminate/Pipeline/Pipeline.php(183): Illuminate/Routing/Middleware/SubstituteBindings->handle(Object(Illuminate/Http/Request), Object(Closure))
#13 D:/Project/cmms/vendor/laravel/framework/src/Illuminate/Foundation/Http/Middleware/VerifyCsrfToken.php(78): Illuminate/Pipeline/Pipeline->Illuminate/Pipeline/{closure}(Object(Illuminate/Http/Request))
#14 D:/Project/cmms/vendor/laravel/framework/src/Illuminate/Pipeline/Pipeline.php(183): Illuminate/Foundation/Http/Middleware/VerifyCsrfToken->handle(Object(Illuminate/Http/Request), Object(Closure))
#15 D:/Project/cmms/vendor/laravel/framework/src/Illuminate/View/Middleware/ShareErrorsFromSession.php(49): Illuminate/Pipeline/Pipeline->Illuminate/Pipeline/{closure}(Object(Illuminate/Http/Request))
#16 D:/Project/cmms/vendor/laravel/framework/src/Illuminate/Pipeline/Pipeline.php(183): Illuminate/View/Middleware/ShareErrorsFromSession->handle(Object(Illuminate/Http/Request), Object(Closure))
#17 D:/Project/cmms/vendor/laravel/framework/src/Illuminate/Session/Middleware/StartSession.php(121): Illuminate/Pipeline/Pipeline->Illuminate/Pipeline/{closure}(Object(Illuminate/Http/Request))
#18 D:/Project/cmms/vendor/laravel/framework/src/Illuminate/Session/Middleware/StartSession.php(64): Illuminate/Session/Middleware/StartSession->handleStatefulRequest(Object(Illuminate/Http/Request), Object(Illuminate/Session/Store), Object(Closure))
#19 D:/Project/cmms/vendor/laravel/framework/src/Illuminate/Pipeline/Pipeline.php(183): Illuminate/Session/Middleware/StartSession->handle(Object(Illuminate/Http/Request), Object(Closure))
#20 D:/Project/cmms/vendor/laravel/framework/src/Illuminate/Cookie/Middleware/AddQueuedCookiesToResponse.php(37): Illuminate/Pipeline/Pipeline->Illuminate/Pipeline/{closure}(Object(Illuminate/Http/Request))
#21 D:/Project/cmms/vendor/laravel/framework/src/Illuminate/Pipeline/Pipeline.php(183): Illuminate/Cookie/Middleware/AddQueuedCookiesToResponse->handle(Object(Illuminate/Http/Request), Object(Closure))
#22 D:/Project/cmms/vendor/laravel/framework/src/Illuminate/Cookie/Middleware/EncryptCookies.php(67): Illuminate/Pipeline/Pipeline->Illuminate/Pipeline/{closure}(Object(Illuminate/Http/Request))
#23 D:/Project/cmms/vendor/laravel/framework/src/Illuminate/Pipeline/Pipeline.php(183): Illuminate/Cookie/Middleware/EncryptCookies->handle(Object(Illuminate/Http/Request), Object(Closure))
#24 D:/Project/cmms/vendor/laravel/framework/src/Illuminate/Pipeline/Pipeline.php(119): Illuminate/Pipeline/Pipeline->Illuminate/Pipeline/{closure}(Object(Illuminate/Http/Request))
#25 D:/Project/cmms/vendor/laravel/framework/src/Illuminate/Routing/Router.php(805): Illuminate/Pipeline/Pipeline->then(Object(Closure))
#26 D:/Project/cmms/vendor/laravel/framework/src/Illuminate/Routing/Router.php(784): Illuminate/Routing/Router->runRouteWithinStack(Object(Illuminate/Routing/Route), Object(Illuminate/Http/Request))
#27 D:/Project/cmms/vendor/laravel/framework/src/Illuminate/Routing/Router.php(748): Illuminate/Routing/Router->runRoute(Object(Illuminate/Http/Request), Object(Illuminate/Routing/Route))
#28 D:/Project/cmms/vendor/laravel/framework/src/Illuminate/Routing/Router.php(737): Illuminate/Routing/Router->dispatchToRoute(Object(Illuminate/Http/Request))
#29 D:/Project/cmms/vendor/laravel/framework/src/Illuminate/Foundation/Http/Kernel.php(200): Illuminate/Routing/Router->dispatch(Object(Illuminate/Http/Request))
#30 D:/Project/cmms/vendor/laravel/framework/src/Illuminate/Pipeline/Pipeline.php(144): Illuminate/Foundation/Http/Kernel->Illuminate/Foundation/Http/{closure}(Object(Illuminate/Http/Request))
#31 D:/Project/cmms/vendor/laravel/framework/src/Illuminate/Http/Middleware/TrustProxies.php(39): Illuminate/Pipeline/Pipeline->Illuminate/Pipeline/{closure}(Object(Illuminate/Http/Request))
#32 D:/Project/cmms/vendor/laravel/framework/src/Illuminate/Pipeline/Pipeline.php(183): Illuminate/Http/Middleware/TrustProxies->handle(Object(Illuminate/Http/Request), Object(Closure))
#33 D:/Project/cmms/vendor/laravel/framework/src/Illuminate/Foundation/Http/Middleware/TransformsRequest.php(21): Illuminate/Pipeline/Pipeline->Illuminate/Pipeline/{closure}(Object(Illuminate/Http/Request))
#34 D:/Project/cmms/vendor/laravel/framework/src/Illuminate/Foundation/Http/Middleware/ConvertEmptyStringsToNull.php(31): Illuminate/Foundation/Http/Middleware/TransformsRequest->handle(Object(Illuminate/Http/Request), Object(Closure))
#35 D:/Project/cmms/vendor/laravel/framework/src/Illuminate/Pipeline/Pipeline.php(183): Illuminate/Foundation/Http/Middleware/ConvertEmptyStringsToNull->handle(Object(Illuminate/Http/Request), Object(Closure))
#36 D:/Project/cmms/vendor/laravel/framework/src/Illuminate/Foundation/Http/Middleware/TransformsRequest.php(21): Illuminate/Pipeline/Pipeline->Illuminate/Pipeline/{closure}(Object(Illuminate/Http/Request))
#37 D:/Project/cmms/vendor/laravel/framework/src/Illuminate/Foundation/Http/Middleware/TrimStrings.php(40): Illuminate/Foundation/Http/Middleware/TransformsRequest->handle(Object(Illuminate/Http/Request), Object(Closure))
#38 D:/Project/cmms/vendor/laravel/framework/src/Illuminate/Pipeline/Pipeline.php(183): Illuminate/Foundation/Http/Middleware/TrimStrings->handle(Object(Illuminate/Http/Request), Object(Closure))
#39 D:/Project/cmms/vendor/laravel/framework/src/Illuminate/Foundation/Http/Middleware/ValidatePostSize.php(27): Illuminate/Pipeline/Pipeline->Illuminate/Pipeline/{closure}(Object(Illuminate/Http/Request))
#40 D:/Project/cmms/vendor/laravel/framework/src/Illuminate/Pipeline/Pipeline.php(183): Illuminate/Foundation/Http/Middleware/ValidatePostSize->handle(Object(Illuminate/Http/Request), Object(Closure))
#41 D:/Project/cmms/vendor/laravel/framework/src/Illuminate/Foundation/Http/Middleware/PreventRequestsDuringMaintenance.php(99): Illuminate/Pipeline/Pipeline->Illuminate/Pipeline/{closure}(Object(Illuminate/Http/Request))
#42 D:/Project/cmms/vendor/laravel/framework/src/Illuminate/Pipeline/Pipeline.php(183): Illuminate/Foundation/Http/Middleware/PreventRequestsDuringMaintenance->handle(Object(Illuminate/Http/Request), Object(Closure))
#43 D:/Project/cmms/vendor/laravel/framework/src/Illuminate/Pipeline/Pipeline.php(119): Illuminate/Pipeline/Pipeline->Illuminate/Pipeline/{closure}(Object(Illuminate/Http/Request))
#44 D:/Project/cmms/vendor/laravel/framework/src/Illuminate/Foundation/Http/Kernel.php(175): Illuminate/Pipeline/Pipeline->then(Object(Closure))
#45 D:/Project/cmms/vendor/laravel/framework/src/Illuminate/Foundation/Http/Kernel.php(144): Illuminate/Foundation/Http/Kernel->sendRequestThroughRouter(Object(Illuminate/Http/Request))
#46 D:/Project/cmms/public/index.php(14): Illuminate/Foundation/Http/Kernel->handle(Object(Illuminate/Http/Request))
#47 D:/Project/cmms/vendor/laravel/framework/src/Illuminate/Foundation/resources/server.php(16): require_once('D://Project//cmms...')
#48 {main}

[previous exception] [object] (PDOException(code: 42S02): SQLSTATE[42S02]: Base table or view not found: 1146 Table 'cmms.activity_logs' doesn't exist at D:/Project/cmms/vendor/laravel/framework/src/Illuminate/Database/MySqlConnection.php:39)
[stacktrace]
#0 D:/Project/cmms/vendor/laravel/framework/src/Illuminate/Database/MySqlConnection.php(39): PDO->prepare('insert into `ac...')
#1 D:/Project/cmms/vendor/laravel/framework/src/Illuminate/Database/Connection.php(816): Illuminate/Database/MySqlConnection->Illuminate/Database/{closure}('insert into `ac...', Array)
#2 D:/Project/cmms/vendor/laravel/framework/src/Illuminate/Database/Connection.php(783): Illuminate/Database/Connection->runQueryCallback('insert into `ac...', Array, Object(Closure))
#3 D:/Project/cmms/vendor/laravel/framework/src/Illuminate/Database/MySqlConnection.php(34): Illuminate/Database/Connection->run('insert into `ac...', Array, Object(Closure))
#4 D:/Project/cmms/vendor/laravel/framework/src/Illuminate/Database/Query/Builder.php(3498): Illuminate/Database/MySqlConnection->insert('insert into `ac...', Array)
#5 D:/Project/cmms/app/Http/Controllers/CMMSController.php(539): Illuminate/Database/Query/Builder->insert(Array)
#6 D:/Project/cmms/app/Http/Controllers/CMMSController.php(60): App/Http/Controllers/CMMSController->logActivity(Object(Illuminate/Http/Request), 'login', 'Login sebagai m...')
#7 D:/Project/cmms/vendor/laravel/framework/src/Illuminate/Routing/Controller.php(54): App/Http/Controllers/CMMSController->login(Object(Illuminate/Http/Request))
#8 D:/Project/cmms/vendor/laravel/framework/src/Illuminate/Routing/ControllerDispatcher.php(43): Illuminate/Routing/Controller->callAction('login', Array)
#9 D:/Project/cmms/vendor/laravel/framework/src/Illuminate/Routing/Route.php(259): Illuminate/Routing/ControllerDispatcher->dispatch(Object(Illuminate/Routing/Route), Object(App/Http/Controllers/CMMSController), 'login')
#10 D:/Project/cmms/vendor/laravel/framework/src/Illuminate/Routing/Route.php(205): Illuminate/Routing/Route->runController()
#11 D:/Project/cmms/vendor/laravel/framework/src/Illuminate/Routing/Router.php(806): Illuminate/Routing/Route->run()
#12 D:/Project/cmms/vendor/laravel/framework/src/Illuminate/Pipeline/Pipeline.php(144): Illuminate/Routing/Router->Illuminate/Routing/{closure}(Object(Illuminate/Http/Request))
#13 D:/Project/cmms/vendor/laravel/framework/src/Illuminate/Routing/Middleware/SubstituteBindings.php(50): Illuminate/Pipeline/Pipeline->Illuminate/Pipeline/{closure}(Object(Illuminate/Http/Request))
#14 D:/Project/cmms/vendor/laravel/framework/src/Illuminate/Pipeline/Pipeline.php(183): Illuminate/Routing/Middleware/SubstituteBindings->handle(Object(Illuminate/Http/Request), Object(Closure))
#15 D:/Project/cmms/vendor/laravel/framework/src/Illuminate/Foundation/Http/Middleware/VerifyCsrfToken.php(78): Illuminate/Pipeline/Pipeline->Illuminate/Pipeline/{closure}(Object(Illuminate/Http/Request))
#16 D:/Project/cmms/vendor/laravel/framework/src/Illuminate/Pipeline/Pipeline.php(183): Illuminate/Foundation/Http/Middleware/VerifyCsrfToken->handle(Object(Illuminate/Http/Request), Object(Closure))
#17 D:/Project/cmms/vendor/laravel/framework/src/Illuminate/View/Middleware/ShareErrorsFromSession.php(49): Illuminate/Pipeline/Pipeline->Illuminate/Pipeline/{closure}(Object(Illuminate/Http/Request))
#18 D:/Project/cmms/vendor/laravel/framework/src/Illuminate/Pipeline/Pipeline.php(183): Illuminate/View/Middleware/ShareErrorsFromSession->handle(Object(Illuminate/Http/Request), Object(Closure))
#19 D:/Project/cmms/vendor/laravel/framework/src/Illuminate/Session/Middleware/StartSession.php(121): Illuminate/Pipeline/Pipeline->Illuminate/Pipeline/{closure}(Object(Illuminate/Http/Request))
#20 D:/Project/cmms/vendor/laravel/framework/src/Illuminate/Session/Middleware/StartSession.php(64): Illuminate/Session/Middleware/StartSession->handleStatefulRequest(Object(Illuminate/Http/Request), Object(Illuminate/Session/Store), Object(Closure))
#21 D:/Project/cmms/vendor/laravel/framework/src/Illuminate/Pipeline/Pipeline.php(183): Illuminate/Session/Middleware/StartSession->handle(Object(Illuminate/Http/Request), Object(Closure))
#22 D:/Project/cmms/vendor/laravel/framework/src/Illuminate/Cookie/Middleware/AddQueuedCookiesToResponse.php(37): Illuminate/Pipeline/Pipeline->Illuminate/Pipeline/{closure}(Object(Illuminate/Http/Request))
#23 D:/Project/cmms/vendor/laravel/framework/src/Illuminate/Pipeline/Pipeline.php(183): Illuminate/Cookie/Middleware/AddQueuedCookiesToResponse->handle(Object(Illuminate/Http/Request), Object(Closure))
#24 D:/Project/cmms/vendor/laravel/framework/src/Illuminate/Cookie/Middleware/EncryptCookies.php(67): Illuminate/Pipeline/Pipeline->Illuminate/Pipeline/{closure}(Object(Illuminate/Http/Request))
#25 D:/Project/cmms/vendor/laravel/framework/src/Illuminate/Pipeline/Pipeline.php(183): Illuminate/Cookie/Middleware/EncryptCookies->handle(Object(Illuminate/Http/Request), Object(Closure))
#26 D:/Project/cmms/vendor/laravel/framework/src/Illuminate/Pipeline/Pipeline.php(119): Illuminate/Pipeline/Pipeline->Illuminate/Pipeline/{closure}(Object(Illuminate/Http/Request))
#27 D:/Project/cmms/vendor/laravel/framework/src/Illuminate/Routing/Router.php(805): Illuminate/Pipeline/Pipeline->then(Object(Closure))
#28 D:/Project/cmms/vendor/laravel/framework/src/Illuminate/Routing/Router.php(784): Illuminate/Routing/Router->runRouteWithinStack(Object(Illuminate/Routing/Route), Object(Illuminate/Http/Request))
#29 D:/Project/cmms/vendor/laravel/framework/src/Illuminate/Routing/Router.php(748): Illuminate/Routing/Router->runRoute(Object(Illuminate/Http/Request), Object(Illuminate/Routing/Route))
#30 D:/Project/cmms/vendor/laravel/framework/src/Illuminate/Routing/Router.php(737): Illuminate/Routing/Router->dispatchToRoute(Object(Illuminate/Http/Request))
#31 D:/Project/cmms/vendor/laravel/framework/src/Illuminate/Foundation/Http/Kernel.php(200): Illuminate/Routing/Router->dispatch(Object(Illuminate/Http/Request))
#32 D:/Project/cmms/vendor/laravel/framework/src/Illuminate/Pipeline/Pipeline.php(144): Illuminate/Foundation/Http/Kernel->Illuminate/Foundation/Http/{closure}(Object(Illuminate/Http/Request))
#33 D:/Project/cmms/vendor/laravel/framework/src/Illuminate/Http/Middleware/TrustProxies.php(39): Illuminate/Pipeline/Pipeline->Illuminate/Pipeline/{closure}(Object(Illuminate/Http/Request))
#34 D:/Project/cmms/vendor/laravel/framework/src/Illuminate/Pipeline/Pipeline.php(183): Illuminate/Http/Middleware/TrustProxies->handle(Object(Illuminate/Http/Request), Object(Closure))
#35 D:/Project/cmms/vendor/laravel/framework/src/Illuminate/Foundation/Http/Middleware/TransformsRequest.php(21): Illuminate/Pipeline/Pipeline->Illuminate/Pipeline/{closure}(Object(Illuminate/Http/Request))
#36 D:/Project/cmms/vendor/laravel/framework/src/Illuminate/Foundation/Http/Middleware/ConvertEmptyStringsToNull.php(31): Illuminate/Foundation/Http/Middleware/TransformsRequest->handle(Object(Illuminate/Http/Request), Object(Closure))
#37 D:/Project/cmms/vendor/laravel/framework/src/Illuminate/Pipeline/Pipeline.php(183): Illuminate/Foundation/Http/Middleware/ConvertEmptyStringsToNull->handle(Object(Illuminate/Http/Request), Object(Closure))
#38 D:/Project/cmms/vendor/laravel/framework/src/Illuminate/Foundation/Http/Middleware/TransformsRequest.php(21): Illuminate/Pipeline/Pipeline->Illuminate/Pipeline/{closure}(Object(Illuminate/Http/Request))
#39 D:/Project/cmms/vendor/laravel/framework/src/Illuminate/Foundation/Http/Middleware/TrimStrings.php(40): Illuminate/Foundation/Http/Middleware/TransformsRequest->handle(Object(Illuminate/Http/Request), Object(Closure))
#40 D:/Project/cmms/vendor/laravel/framework/src/Illuminate/Pipeline/Pipeline.php(183): Illuminate/Foundation/Http/Middleware/TrimStrings->handle(Object(Illuminate/Http/Request), Object(Closure))
#41 D:/Project/cmms/vendor/laravel/framework/src/Illuminate/Foundation/Http/Middleware/ValidatePostSize.php(27): Illuminate/Pipeline/Pipeline->Illuminate/Pipeline/{closure}(Object(Illuminate/Http/Request))
#42 D:/Project/cmms/vendor/laravel/framework/src/Illuminate/Pipeline/Pipeline.php(183): Illuminate/Foundation/Http/Middleware/ValidatePostSize->handle(Object(Illuminate/Http/Request), Object(Closure))
#43 D:/Project/cmms/vendor/laravel/framework/src/Illuminate/Foundation/Http/Middleware/PreventRequestsDuringMaintenance.php(99): Illuminate/Pipeline/Pipeline->Illuminate/Pipeline/{closure}(Object(Illuminate/Http/Request))
#44 D:/Project/cmms/vendor/laravel/framework/src/Illuminate/Pipeline/Pipeline.php(183): Illuminate/Foundation/Http/Middleware/PreventRequestsDuringMaintenance->handle(Object(Illuminate/Http/Request), Object(Closure))
#45 D:/Project/cmms/vendor/laravel/framework/src/Illuminate/Pipeline/Pipeline.php(119): Illuminate/Pipeline/Pipeline->Illuminate/Pipeline/{closure}(Object(Illuminate/Http/Request))
#46 D:/Project/cmms/vendor/laravel/framework/src/Illuminate/Foundation/Http/Kernel.php(175): Illuminate/Pipeline/Pipeline->then(Object(Closure))
#47 D:/Project/cmms/vendor/laravel/framework/src/Illuminate/Foundation/Http/Kernel.php(144): Illuminate/Foundation/Http/Kernel->sendRequestThroughRouter(Object(Illuminate/Http/Request))
#48 D:/Project/cmms/public/index.php(14): Illuminate/Foundation/Http/Kernel->handle(Object(Illuminate/Http/Request))
#49 D:/Project/cmms/vendor/laravel/framework/src/Illuminate/Foundation/resources/server.php(16): require_once('D://Project//cmms...')
#50 {main}
"} 
[2026-08-09 03:28:34] local.ERROR: SQLSTATE[42S02]: Base table or view not found: 1146 Table 'cmms.activity_logs' doesn't exist (Connection: mysql, SQL: insert into `activity_logs` (`user_id`, `username`, `action`, `details`, `created_at`, `updated_at`) values (1, ahmad, login, Login sebagai manager, 2026-08-09 03:28:34, 2026-08-09 03:28:34)) {"exception":"[object] (Illuminate\\Database\\QueryException(code: 42S02): SQLSTATE[42S02]: Base table or view not found: 1146 Table 'cmms.activity_logs' doesn't exist (Connection: mysql, SQL: insert into `activity_logs` (`user_id`, `username`, `action`, `details`, `created_at`, `updated_at`) values (1, ahmad, login, Login sebagai manager, 2026-08-09 03:28:34, 2026-08-09 03:28:34)) at D:/Project/cmms/vendor/laravel/framework/src/Illuminate/Database/Connection.php:829)
[stacktrace]
#0 D:/Project/cmms/vendor/laravel/framework/src/Illuminate/Database/Connection.php(783): Illuminate/Database/Connection->runQueryCallback('insert into `ac...', Array, Object(Closure))
#1 D:/Project/cmms/vendor/laravel/framework/src/Illuminate/Database/MySqlConnection.php(34): Illuminate/Database/Connection->run('insert into `ac...', Array, Object(Closure))
#2 D:/Project/cmms/vendor/laravel/framework/src/Illuminate/Database/Query/Builder.php(3498): Illuminate/Database/MySqlConnection->insert('insert into `ac...', Array)
#3 D:/Project/cmms/app/Http/Controllers/CMMSController.php(539): Illuminate/Database/Query/Builder->insert(Array)
#4 D:/Project/cmms/app/Http/Controllers/CMMSController.php(60): App/Http/Controllers/CMMSController->logActivity(Object(Illuminate/Http/Request), 'login', 'Login sebagai m...')
#5 D:/Project/cmms/vendor/laravel/framework/src/Illuminate/Routing/Controller.php(54): App/Http/Controllers/CMMSController->login(Object(Illuminate/Http/Request))
#6 D:/Project/cmms/vendor/laravel/framework/src/Illuminate/Routing/ControllerDispatcher.php(43): Illuminate/Routing/Controller->callAction('login', Array)
#7 D:/Project/cmms/vendor/laravel/framework/src/Illuminate/Routing/Route.php(259): Illuminate/Routing/ControllerDispatcher->dispatch(Object(Illuminate/Routing/Route), Object(App/Http/Controllers/CMMSController), 'login')
#8 D:/Project/cmms/vendor/laravel/framework/src/Illuminate/Routing/Route.php(205): Illuminate/Routing/Route->runController()
#9 D:/Project/cmms/vendor/laravel/framework/src/Illuminate/Routing/Router.php(806): Illuminate/Routing/Route->run()
#10 D:/Project/cmms/vendor/laravel/framework/src/Illuminate/Pipeline/Pipeline.php(144): Illuminate/Routing/Router->Illuminate/Routing/{closure}(Object(Illuminate/Http/Request))
#11 D:/Project/cmms/vendor/laravel/framework/src/Illuminate/Routing/Middleware/SubstituteBindings.php(50): Illuminate/Pipeline/Pipeline->Illuminate/Pipeline/{closure}(Object(Illuminate/Http/Request))
#12 D:/Project/cmms/vendor/laravel/framework/src/Illuminate/Pipeline/Pipeline.php(183): Illuminate/Routing/Middleware/SubstituteBindings->handle(Object(Illuminate/Http/Request), Object(Closure))
#13 D:/Project/cmms/vendor/laravel/framework/src/Illuminate/Foundation/Http/Middleware/VerifyCsrfToken.php(78): Illuminate/Pipeline/Pipeline->Illuminate/Pipeline/{closure}(Object(Illuminate/Http/Request))
#14 D:/Project/cmms/vendor/laravel/framework/src/Illuminate/Pipeline/Pipeline.php(183): Illuminate/Foundation/Http/Middleware/VerifyCsrfToken->handle(Object(Illuminate/Http/Request), Object(Closure))
#15 D:/Project/cmms/vendor/laravel/framework/src/Illuminate/View/Middleware/ShareErrorsFromSession.php(49): Illuminate/Pipeline/Pipeline->Illuminate/Pipeline/{closure}(Object(Illuminate/Http/Request))
#16 D:/Project/cmms/vendor/laravel/framework/src/Illuminate/Pipeline/Pipeline.php(183): Illuminate/View/Middleware/ShareErrorsFromSession->handle(Object(Illuminate/Http/Request), Object(Closure))
#17 D:/Project/cmms/vendor/laravel/framework/src/Illuminate/Session/Middleware/StartSession.php(121): Illuminate/Pipeline/Pipeline->Illuminate/Pipeline/{closure}(Object(Illuminate/Http/Request))
#18 D:/Project/cmms/vendor/laravel/framework/src/Illuminate/Session/Middleware/StartSession.php(64): Illuminate/Session/Middleware/StartSession->handleStatefulRequest(Object(Illuminate/Http/Request), Object(Illuminate/Session/Store), Object(Closure))
#19 D:/Project/cmms/vendor/laravel/framework/src/Illuminate/Pipeline/Pipeline.php(183): Illuminate/Session/Middleware/StartSession->handle(Object(Illuminate/Http/Request), Object(Closure))
#20 D:/Project/cmms/vendor/laravel/framework/src/Illuminate/Cookie/Middleware/AddQueuedCookiesToResponse.php(37): Illuminate/Pipeline/Pipeline->Illuminate/Pipeline/{closure}(Object(Illuminate/Http/Request))
#21 D:/Project/cmms/vendor/laravel/framework/src/Illuminate/Pipeline/Pipeline.php(183): Illuminate/Cookie/Middleware/AddQueuedCookiesToResponse->handle(Object(Illuminate/Http/Request), Object(Closure))
#22 D:/Project/cmms/vendor/laravel/framework/src/Illuminate/Cookie/Middleware/EncryptCookies.php(67): Illuminate/Pipeline/Pipeline->Illuminate/Pipeline/{closure}(Object(Illuminate/Http/Request))
#23 D:/Project/cmms/vendor/laravel/framework/src/Illuminate/Pipeline/Pipeline.php(183): Illuminate/Cookie/Middleware/EncryptCookies->handle(Object(Illuminate/Http/Request), Object(Closure))
#24 D:/Project/cmms/vendor/laravel/framework/src/Illuminate/Pipeline/Pipeline.php(119): Illuminate/Pipeline/Pipeline->Illuminate/Pipeline/{closure}(Object(Illuminate/Http/Request))
#25 D:/Project/cmms/vendor/laravel/framework/src/Illuminate/Routing/Router.php(805): Illuminate/Pipeline/Pipeline->then(Object(Closure))
#26 D:/Project/cmms/vendor/laravel/framework/src/Illuminate/Routing/Router.php(784): Illuminate/Routing/Router->runRouteWithinStack(Object(Illuminate/Routing/Route), Object(Illuminate/Http/Request))
#27 D:/Project/cmms/vendor/laravel/framework/src/Illuminate/Routing/Router.php(748): Illuminate/Routing/Router->runRoute(Object(Illuminate/Http/Request), Object(Illuminate/Routing/Route))
#28 D:/Project/cmms/vendor/laravel/framework/src/Illuminate/Routing/Router.php(737): Illuminate/Routing/Router->dispatchToRoute(Object(Illuminate/Http/Request))
#29 D:/Project/cmms/vendor/laravel/framework/src/Illuminate/Foundation/Http/Kernel.php(200): Illuminate/Routing/Router->dispatch(Object(Illuminate/Http/Request))
#30 D:/Project/cmms/vendor/laravel/framework/src/Illuminate/Pipeline/Pipeline.php(144): Illuminate/Foundation/Http/Kernel->Illuminate/Foundation/Http/{closure}(Object(Illuminate/Http/Request))
#31 D:/Project/cmms/vendor/laravel/framework/src/Illuminate/Http/Middleware/TrustProxies.php(39): Illuminate/Pipeline/Pipeline->Illuminate/Pipeline/{closure}(Object(Illuminate/Http/Request))
#32 D:/Project/cmms/vendor/laravel/framework/src/Illuminate/Pipeline/Pipeline.php(183): Illuminate/Http/Middleware/TrustProxies->handle(Object(Illuminate/Http/Request), Object(Closure))
#33 D:/Project/cmms/vendor/laravel/framework/src/Illuminate/Foundation/Http/Middleware/TransformsRequest.php(21): Illuminate/Pipeline/Pipeline->Illuminate/Pipeline/{closure}(Object(Illuminate/Http/Request))
#34 D:/Project/cmms/vendor/laravel/framework/src/Illuminate/Foundation/Http/Middleware/ConvertEmptyStringsToNull.php(31): Illuminate/Foundation/Http/Middleware/TransformsRequest->handle(Object(Illuminate/Http/Request), Object(Closure))
#35 D:/Project/cmms/vendor/laravel/framework/src/Illuminate/Pipeline/Pipeline.php(183): Illuminate/Foundation/Http/Middleware/ConvertEmptyStringsToNull->handle(Object(Illuminate/Http/Request), Object(Closure))
#36 D:/Project/cmms/vendor/laravel/framework/src/Illuminate/Foundation/Http/Middleware/TransformsRequest.php(21): Illuminate/Pipeline/Pipeline->Illuminate/Pipeline/{closure}(Object(Illuminate/Http/Request))
#37 D:/Project/cmms/vendor/laravel/framework/src/Illuminate/Foundation/Http/Middleware/TrimStrings.php(40): Illuminate/Foundation/Http/Middleware/TransformsRequest->handle(Object(Illuminate/Http/Request), Object(Closure))
#38 D:/Project/cmms/vendor/laravel/framework/src/Illuminate/Pipeline/Pipeline.php(183): Illuminate/Foundation/Http/Middleware/TrimStrings->handle(Object(Illuminate/Http/Request), Object(Closure))
#39 D:/Project/cmms/vendor/laravel/framework/src/Illuminate/Foundation/Http/Middleware/ValidatePostSize.php(27): Illuminate/Pipeline/Pipeline->Illuminate/Pipeline/{closure}(Object(Illuminate/Http/Request))
#40 D:/Project/cmms/vendor/laravel/framework/src/Illuminate/Pipeline/Pipeline.php(183): Illuminate/Foundation/Http/Middleware/ValidatePostSize->handle(Object(Illuminate/Http/Request), Object(Closure))
#41 D:/Project/cmms/vendor/laravel/framework/src/Illuminate/Foundation/Http/Middleware/PreventRequestsDuringMaintenance.php(99): Illuminate/Pipeline/Pipeline->Illuminate/Pipeline/{closure}(Object(Illuminate/Http/Request))
#42 D:/Project/cmms/vendor/laravel/framework/src/Illuminate/Pipeline/Pipeline.php(183): Illuminate/Foundation/Http/Middleware/PreventRequestsDuringMaintenance->handle(Object(Illuminate/Http/Request), Object(Closure))
#43 D:/Project/cmms/vendor/laravel/framework/src/Illuminate/Pipeline/Pipeline.php(119): Illuminate/Pipeline/Pipeline->Illuminate/Pipeline/{closure}(Object(Illuminate/Http/Request))
#44 D:/Project/cmms/vendor/laravel/framework/src/Illuminate/Foundation/Http/Kernel.php(175): Illuminate/Pipeline/Pipeline->then(Object(Closure))
#45 D:/Project/cmms/vendor/laravel/framework/src/Illuminate/Foundation/Http/Kernel.php(144): Illuminate/Foundation/Http/Kernel->sendRequestThroughRouter(Object(Illuminate/Http/Request))
#46 D:/Project/cmms/public/index.php(14): Illuminate/Foundation/Http/Kernel->handle(Object(Illuminate/Http/Request))
#47 D:/Project/cmms/vendor/laravel/framework/src/Illuminate/Foundation/resources/server.php(16): require_once('D://Project//cmms...')
#48 {main}

[previous exception] [object] (PDOException(code: 42S02): SQLSTATE[42S02]: Base table or view not found: 1146 Table 'cmms.activity_logs' doesn't exist at D:/Project/cmms/vendor/laravel/framework/src/Illuminate/Database/MySqlConnection.php:39)
[stacktrace]
#0 D:/Project/cmms/vendor/laravel/framework/src/Illuminate/Database/MySqlConnection.php(39): PDO->prepare('insert into `ac...')
#1 D:/Project/cmms/vendor/laravel/framework/src/Illuminate/Database/Connection.php(816): Illuminate/Database/MySqlConnection->Illuminate/Database/{closure}('insert into `ac...', Array)
#2 D:/Project/cmms/vendor/laravel/framework/src/Illuminate/Database/Connection.php(783): Illuminate/Database/Connection->runQueryCallback('insert into `ac...', Array, Object(Closure))
#3 D:/Project/cmms/vendor/laravel/framework/src/Illuminate/Database/MySqlConnection.php(34): Illuminate/Database/Connection->run('insert into `ac...', Array, Object(Closure))
#4 D:/Project/cmms/vendor/laravel/framework/src/Illuminate/Database/Query/Builder.php(3498): Illuminate/Database/MySqlConnection->insert('insert into `ac...', Array)
#5 D:/Project/cmms/app/Http/Controllers/CMMSController.php(539): Illuminate/Database/Query/Builder->insert(Array)
#6 D:/Project/cmms/app/Http/Controllers/CMMSController.php(60): App/Http/Controllers/CMMSController->logActivity(Object(Illuminate/Http/Request), 'login', 'Login sebagai m...')
#7 D:/Project/cmms/vendor/laravel/framework/src/Illuminate/Routing/Controller.php(54): App/Http/Controllers/CMMSController->login(Object(Illuminate/Http/Request))
#8 D:/Project/cmms/vendor/laravel/framework/src/Illuminate/Routing/ControllerDispatcher.php(43): Illuminate/Routing/Controller->callAction('login', Array)
#9 D:/Project/cmms/vendor/laravel/framework/src/Illuminate/Routing/Route.php(259): Illuminate/Routing/ControllerDispatcher->dispatch(Object(Illuminate/Routing/Route), Object(App/Http/Controllers/CMMSController), 'login')
#10 D:/Project/cmms/vendor/laravel/framework/src/Illuminate/Routing/Route.php(205): Illuminate/Routing/Route->runController()
#11 D:/Project/cmms/vendor/laravel/framework/src/Illuminate/Routing/Router.php(806): Illuminate/Routing/Route->run()
#12 D:/Project/cmms/vendor/laravel/framework/src/Illuminate/Pipeline/Pipeline.php(144): Illuminate/Routing/Router->Illuminate/Routing/{closure}(Object(Illuminate/Http/Request))
#13 D:/Project/cmms/vendor/laravel/framework/src/Illuminate/Routing/Middleware/SubstituteBindings.php(50): Illuminate/Pipeline/Pipeline->Illuminate/Pipeline/{closure}(Object(Illuminate/Http/Request))
#14 D:/Project/cmms/vendor/laravel/framework/src/Illuminate/Pipeline/Pipeline.php(183): Illuminate/Routing/Middleware/SubstituteBindings->handle(Object(Illuminate/Http/Request), Object(Closure))
#15 D:/Project/cmms/vendor/laravel/framework/src/Illuminate/Foundation/Http/Middleware/VerifyCsrfToken.php(78): Illuminate/Pipeline/Pipeline->Illuminate/Pipeline/{closure}(Object(Illuminate/Http/Request))
#16 D:/Project/cmms/vendor/laravel/framework/src/Illuminate/Pipeline/Pipeline.php(183): Illuminate/Foundation/Http/Middleware/VerifyCsrfToken->handle(Object(Illuminate/Http/Request), Object(Closure))
#17 D:/Project/cmms/vendor/laravel/framework/src/Illuminate/View/Middleware/ShareErrorsFromSession.php(49): Illuminate/Pipeline/Pipeline->Illuminate/Pipeline/{closure}(Object(Illuminate/Http/Request))
#18 D:/Project/cmms/vendor/laravel/framework/src/Illuminate/Pipeline/Pipeline.php(183): Illuminate/View/Middleware/ShareErrorsFromSession->handle(Object(Illuminate/Http/Request), Object(Closure))
#19 D:/Project/cmms/vendor/laravel/framework/src/Illuminate/Session/Middleware/StartSession.php(121): Illuminate/Pipeline/Pipeline->Illuminate/Pipeline/{closure}(Object(Illuminate/Http/Request))
#20 D:/Project/cmms/vendor/laravel/framework/src/Illuminate/Session/Middleware/StartSession.php(64): Illuminate/Session/Middleware/StartSession->handleStatefulRequest(Object(Illuminate/Http/Request), Object(Illuminate/Session/Store), Object(Closure))
#21 D:/Project/cmms/vendor/laravel/framework/src/Illuminate/Pipeline/Pipeline.php(183): Illuminate/Session/Middleware/StartSession->handle(Object(Illuminate/Http/Request), Object(Closure))
#22 D:/Project/cmms/vendor/laravel/framework/src/Illuminate/Cookie/Middleware/AddQueuedCookiesToResponse.php(37): Illuminate/Pipeline/Pipeline->Illuminate/Pipeline/{closure}(Object(Illuminate/Http/Request))
#23 D:/Project/cmms/vendor/laravel/framework/src/Illuminate/Pipeline/Pipeline.php(183): Illuminate/Cookie/Middleware/AddQueuedCookiesToResponse->handle(Object(Illuminate/Http/Request), Object(Closure))
#24 D:/Project/cmms/vendor/laravel/framework/src/Illuminate/Cookie/Middleware/EncryptCookies.php(67): Illuminate/Pipeline/Pipeline->Illuminate/Pipeline/{closure}(Object(Illuminate/Http/Request))
#25 D:/Project/cmms/vendor/laravel/framework/src/Illuminate/Pipeline/Pipeline.php(183): Illuminate/Cookie/Middleware/EncryptCookies->handle(Object(Illuminate/Http/Request), Object(Closure))
#26 D:/Project/cmms/vendor/laravel/framework/src/Illuminate/Pipeline/Pipeline.php(119): Illuminate/Pipeline/Pipeline->Illuminate/Pipeline/{closure}(Object(Illuminate/Http/Request))
#27 D:/Project/cmms/vendor/laravel/framework/src/Illuminate/Routing/Router.php(805): Illuminate/Pipeline/Pipeline->then(Object(Closure))
#28 D:/Project/cmms/vendor/laravel/framework/src/Illuminate/Routing/Router.php(784): Illuminate/Routing/Router->runRouteWithinStack(Object(Illuminate/Routing/Route), Object(Illuminate/Http/Request))
#29 D:/Project/cmms/vendor/laravel/framework/src/Illuminate/Routing/Router.php(748): Illuminate/Routing/Router->runRoute(Object(Illuminate/Http/Request), Object(Illuminate/Routing/Route))
#30 D:/Project/cmms/vendor/laravel/framework/src/Illuminate/Routing/Router.php(737): Illuminate/Routing/Router->dispatchToRoute(Object(Illuminate/Http/Request))
#31 D:/Project/cmms/vendor/laravel/framework/src/Illuminate/Foundation/Http/Kernel.php(200): Illuminate/Routing/Router->dispatch(Object(Illuminate/Http/Request))
#32 D:/Project/cmms/vendor/laravel/framework/src/Illuminate/Pipeline/Pipeline.php(144): Illuminate/Foundation/Http/Kernel->Illuminate/Foundation/Http/{closure}(Object(Illuminate/Http/Request))
#33 D:/Project/cmms/vendor/laravel/framework/src/Illuminate/Http/Middleware/TrustProxies.php(39): Illuminate/Pipeline/Pipeline->Illuminate/Pipeline/{closure}(Object(Illuminate/Http/Request))
#34 D:/Project/cmms/vendor/laravel/framework/src/Illuminate/Pipeline/Pipeline.php(183): Illuminate/Http/Middleware/TrustProxies->handle(Object(Illuminate/Http/Request), Object(Closure))
#35 D:/Project/cmms/vendor/laravel/framework/src/Illuminate/Foundation/Http/Middleware/TransformsRequest.php(21): Illuminate/Pipeline/Pipeline->Illuminate/Pipeline/{closure}(Object(Illuminate/Http/Request))
#36 D:/Project/cmms/vendor/laravel/framework/src/Illuminate/Foundation/Http/Middleware/ConvertEmptyStringsToNull.php(31): Illuminate/Foundation/Http/Middleware/TransformsRequest->handle(Object(Illuminate/Http/Request), Object(Closure))
#37 D:/Project/cmms/vendor/laravel/framework/src/Illuminate/Pipeline/Pipeline.php(183): Illuminate/Foundation/Http/Middleware/ConvertEmptyStringsToNull->handle(Object(Illuminate/Http/Request), Object(Closure))
#38 D:/Project/cmms/vendor/laravel/framework/src/Illuminate/Foundation/Http/Middleware/TransformsRequest.php(21): Illuminate/Pipeline/Pipeline->Illuminate/Pipeline/{closure}(Object(Illuminate/Http/Request))
#39 D:/Project/cmms/vendor/laravel/framework/src/Illuminate/Foundation/Http/Middleware/TrimStrings.php(40): Illuminate/Foundation/Http/Middleware/TransformsRequest->handle(Object(Illuminate/Http/Request), Object(Closure))
#40 D:/Project/cmms/vendor/laravel/framework/src/Illuminate/Pipeline/Pipeline.php(183): Illuminate/Foundation/Http/Middleware/TrimStrings->handle(Object(Illuminate/Http/Request), Object(Closure))
#41 D:/Project/cmms/vendor/laravel/framework/src/Illuminate/Foundation/Http/Middleware/ValidatePostSize.php(27): Illuminate/Pipeline/Pipeline->Illuminate/Pipeline/{closure}(Object(Illuminate/Http/Request))
#42 D:/Project/cmms/vendor/laravel/framework/src/Illuminate/Pipeline/Pipeline.php(183): Illuminate/Foundation/Http/Middleware/ValidatePostSize->handle(Object(Illuminate/Http/Request), Object(Closure))
#43 D:/Project/cmms/vendor/laravel/framework/src/Illuminate/Foundation/Http/Middleware/PreventRequestsDuringMaintenance.php(99): Illuminate/Pipeline/Pipeline->Illuminate/Pipeline/{closure}(Object(Illuminate/Http/Request))
#44 D:/Project/cmms/vendor/laravel/framework/src/Illuminate/Pipeline/Pipeline.php(183): Illuminate/Foundation/Http/Middleware/PreventRequestsDuringMaintenance->handle(Object(Illuminate/Http/Request), Object(Closure))
#45 D:/Project/cmms/vendor/laravel/framework/src/Illuminate/Pipeline/Pipeline.php(119): Illuminate/Pipeline/Pipeline->Illuminate/Pipeline/{closure}(Object(Illuminate/Http/Request))
#46 D:/Project/cmms/vendor/laravel/framework/src/Illuminate/Foundation/Http/Kernel.php(175): Illuminate/Pipeline/Pipeline->then(Object(Closure))
#47 D:/Project/cmms/vendor/laravel/framework/src/Illuminate/Foundation/Http/Kernel.php(144): Illuminate/Foundation/Http/Kernel->sendRequestThroughRouter(Object(Illuminate/Http/Request))
#48 D:/Project/cmms/public/index.php(14): Illuminate/Foundation/Http/Kernel->handle(Object(Illuminate/Http/Request))
#49 D:/Project/cmms/vendor/laravel/framework/src/Illuminate/Foundation/resources/server.php(16): require_once('D://Project//cmms...')
#50 {main}
"} 
[2026-08-09 03:28:45] local.ERROR: SQLSTATE[42S02]: Base table or view not found: 1146 Table 'cmms.activity_logs' doesn't exist (Connection: mysql, SQL: insert into `activity_logs` (`user_id`, `username`, `action`, `details`, `created_at`, `updated_at`) values (2, budi, login, Login sebagai leader, 2026-08-09 03:28:45, 2026-08-09 03:28:45)) {"exception":"[object] (Illuminate\\Database\\QueryException(code: 42S02): SQLSTATE[42S02]: Base table or view not found: 1146 Table 'cmms.activity_logs' doesn't exist (Connection: mysql, SQL: insert into `activity_logs` (`user_id`, `username`, `action`, `details`, `created_at`, `updated_at`) values (2, budi, login, Login sebagai leader, 2026-08-09 03:28:45, 2026-08-09 03:28:45)) at D:/Project/cmms/vendor/laravel/framework/src/Illuminate/Database/Connection.php:829)
[stacktrace]
#0 D:/Project/cmms/vendor/laravel/framework/src/Illuminate/Database/Connection.php(783): Illuminate/Database/Connection->runQueryCallback('insert into `ac...', Array, Object(Closure))
#1 D:/Project/cmms/vendor/laravel/framework/src/Illuminate/Database/MySqlConnection.php(34): Illuminate/Database/Connection->run('insert into `ac...', Array, Object(Closure))
#2 D:/Project/cmms/vendor/laravel/framework/src/Illuminate/Database/Query/Builder.php(3498): Illuminate/Database/MySqlConnection->insert('insert into `ac...', Array)
#3 D:/Project/cmms/app/Http/Controllers/CMMSController.php(539): Illuminate/Database/Query/Builder->insert(Array)
#4 D:/Project/cmms/app/Http/Controllers/CMMSController.php(60): App/Http/Controllers/CMMSController->logActivity(Object(Illuminate/Http/Request), 'login', 'Login sebagai l...')
#5 D:/Project/cmms/vendor/laravel/framework/src/Illuminate/Routing/Controller.php(54): App/Http/Controllers/CMMSController->login(Object(Illuminate/Http/Request))
#6 D:/Project/cmms/vendor/laravel/framework/src/Illuminate/Routing/ControllerDispatcher.php(43): Illuminate/Routing/Controller->callAction('login', Array)
#7 D:/Project/cmms/vendor/laravel/framework/src/Illuminate/Routing/Route.php(259): Illuminate/Routing/ControllerDispatcher->dispatch(Object(Illuminate/Routing/Route), Object(App/Http/Controllers/CMMSController), 'login')
#8 D:/Project/cmms/vendor/laravel/framework/src/Illuminate/Routing/Route.php(205): Illuminate/Routing/Route->runController()
#9 D:/Project/cmms/vendor/laravel/framework/src/Illuminate/Routing/Router.php(806): Illuminate/Routing/Route->run()
#10 D:/Project/cmms/vendor/laravel/framework/src/Illuminate/Pipeline/Pipeline.php(144): Illuminate/Routing/Router->Illuminate/Routing/{closure}(Object(Illuminate/Http/Request))
#11 D:/Project/cmms/vendor/laravel/framework/src/Illuminate/Routing/Middleware/SubstituteBindings.php(50): Illuminate/Pipeline/Pipeline->Illuminate/Pipeline/{closure}(Object(Illuminate/Http/Request))
#12 D:/Project/cmms/vendor/laravel/framework/src/Illuminate/Pipeline/Pipeline.php(183): Illuminate/Routing/Middleware/SubstituteBindings->handle(Object(Illuminate/Http/Request), Object(Closure))
#13 D:/Project/cmms/vendor/laravel/framework/src/Illuminate/Foundation/Http/Middleware/VerifyCsrfToken.php(78): Illuminate/Pipeline/Pipeline->Illuminate/Pipeline/{closure}(Object(Illuminate/Http/Request))
#14 D:/Project/cmms/vendor/laravel/framework/src/Illuminate/Pipeline/Pipeline.php(183): Illuminate/Foundation/Http/Middleware/VerifyCsrfToken->handle(Object(Illuminate/Http/Request), Object(Closure))
#15 D:/Project/cmms/vendor/laravel/framework/src/Illuminate/View/Middleware/ShareErrorsFromSession.php(49): Illuminate/Pipeline/Pipeline->Illuminate/Pipeline/{closure}(Object(Illuminate/Http/Request))
#16 D:/Project/cmms/vendor/laravel/framework/src/Illuminate/Pipeline/Pipeline.php(183): Illuminate/View/Middleware/ShareErrorsFromSession->handle(Object(Illuminate/Http/Request), Object(Closure))
#17 D:/Project/cmms/vendor/laravel/framework/src/Illuminate/Session/Middleware/StartSession.php(121): Illuminate/Pipeline/Pipeline->Illuminate/Pipeline/{closure}(Object(Illuminate/Http/Request))
#18 D:/Project/cmms/vendor/laravel/framework/src/Illuminate/Session/Middleware/StartSession.php(64): Illuminate/Session/Middleware/StartSession->handleStatefulRequest(Object(Illuminate/Http/Request), Object(Illuminate/Session/Store), Object(Closure))
#19 D:/Project/cmms/vendor/laravel/framework/src/Illuminate/Pipeline/Pipeline.php(183): Illuminate/Session/Middleware/StartSession->handle(Object(Illuminate/Http/Request), Object(Closure))
#20 D:/Project/cmms/vendor/laravel/framework/src/Illuminate/Cookie/Middleware/AddQueuedCookiesToResponse.php(37): Illuminate/Pipeline/Pipeline->Illuminate/Pipeline/{closure}(Object(Illuminate/Http/Request))
#21 D:/Project/cmms/vendor/laravel/framework/src/Illuminate/Pipeline/Pipeline.php(183): Illuminate/Cookie/Middleware/AddQueuedCookiesToResponse->handle(Object(Illuminate/Http/Request), Object(Closure))
#22 D:/Project/cmms/vendor/laravel/framework/src/Illuminate/Cookie/Middleware/EncryptCookies.php(67): Illuminate/Pipeline/Pipeline->Illuminate/Pipeline/{closure}(Object(Illuminate/Http/Request))
#23 D:/Project/cmms/vendor/laravel/framework/src/Illuminate/Pipeline/Pipeline.php(183): Illuminate/Cookie/Middleware/EncryptCookies->handle(Object(Illuminate/Http/Request), Object(Closure))
#24 D:/Project/cmms/vendor/laravel/framework/src/Illuminate/Pipeline/Pipeline.php(119): Illuminate/Pipeline/Pipeline->Illuminate/Pipeline/{closure}(Object(Illuminate/Http/Request))
#25 D:/Project/cmms/vendor/laravel/framework/src/Illuminate/Routing/Router.php(805): Illuminate/Pipeline/Pipeline->then(Object(Closure))
#26 D:/Project/cmms/vendor/laravel/framework/src/Illuminate/Routing/Router.php(784): Illuminate/Routing/Router->runRouteWithinStack(Object(Illuminate/Routing/Route), Object(Illuminate/Http/Request))
#27 D:/Project/cmms/vendor/laravel/framework/src/Illuminate/Routing/Router.php(748): Illuminate/Routing/Router->runRoute(Object(Illuminate/Http/Request), Object(Illuminate/Routing/Route))
#28 D:/Project/cmms/vendor/laravel/framework/src/Illuminate/Routing/Router.php(737): Illuminate/Routing/Router->dispatchToRoute(Object(Illuminate/Http/Request))
#29 D:/Project/cmms/vendor/laravel/framework/src/Illuminate/Foundation/Http/Kernel.php(200): Illuminate/Routing/Router->dispatch(Object(Illuminate/Http/Request))
#30 D:/Project/cmms/vendor/laravel/framework/src/Illuminate/Pipeline/Pipeline.php(144): Illuminate/Foundation/Http/Kernel->Illuminate/Foundation/Http/{closure}(Object(Illuminate/Http/Request))
#31 D:/Project/cmms/vendor/laravel/framework/src/Illuminate/Http/Middleware/TrustProxies.php(39): Illuminate/Pipeline/Pipeline->Illuminate/Pipeline/{closure}(Object(Illuminate/Http/Request))
#32 D:/Project/cmms/vendor/laravel/framework/src/Illuminate/Pipeline/Pipeline.php(183): Illuminate/Http/Middleware/TrustProxies->handle(Object(Illuminate/Http/Request), Object(Closure))
#33 D:/Project/cmms/vendor/laravel/framework/src/Illuminate/Foundation/Http/Middleware/TransformsRequest.php(21): Illuminate/Pipeline/Pipeline->Illuminate/Pipeline/{closure}(Object(Illuminate/Http/Request))
#34 D:/Project/cmms/vendor/laravel/framework/src/Illuminate/Foundation/Http/Middleware/ConvertEmptyStringsToNull.php(31): Illuminate/Foundation/Http/Middleware/TransformsRequest->handle(Object(Illuminate/Http/Request), Object(Closure))
#35 D:/Project/cmms/vendor/laravel/framework/src/Illuminate/Pipeline/Pipeline.php(183): Illuminate/Foundation/Http/Middleware/ConvertEmptyStringsToNull->handle(Object(Illuminate/Http/Request), Object(Closure))
#36 D:/Project/cmms/vendor/laravel/framework/src/Illuminate/Foundation/Http/Middleware/TransformsRequest.php(21): Illuminate/Pipeline/Pipeline->Illuminate/Pipeline/{closure}(Object(Illuminate/Http/Request))
#37 D:/Project/cmms/vendor/laravel/framework/src/Illuminate/Foundation/Http/Middleware/TrimStrings.php(40): Illuminate/Foundation/Http/Middleware/TransformsRequest->handle(Object(Illuminate/Http/Request), Object(Closure))
#38 D:/Project/cmms/vendor/laravel/framework/src/Illuminate/Pipeline/Pipeline.php(183): Illuminate/Foundation/Http/Middleware/TrimStrings->handle(Object(Illuminate/Http/Request), Object(Closure))
#39 D:/Project/cmms/vendor/laravel/framework/src/Illuminate/Foundation/Http/Middleware/ValidatePostSize.php(27): Illuminate/Pipeline/Pipeline->Illuminate/Pipeline/{closure}(Object(Illuminate/Http/Request))
#40 D:/Project/cmms/vendor/laravel/framework/src/Illuminate/Pipeline/Pipeline.php(183): Illuminate/Foundation/Http/Middleware/ValidatePostSize->handle(Object(Illuminate/Http/Request), Object(Closure))
#41 D:/Project/cmms/vendor/laravel/framework/src/Illuminate/Foundation/Http/Middleware/PreventRequestsDuringMaintenance.php(99): Illuminate/Pipeline/Pipeline->Illuminate/Pipeline/{closure}(Object(Illuminate/Http/Request))
#42 D:/Project/cmms/vendor/laravel/framework/src/Illuminate/Pipeline/Pipeline.php(183): Illuminate/Foundation/Http/Middleware/PreventRequestsDuringMaintenance->handle(Object(Illuminate/Http/Request), Object(Closure))
#43 D:/Project/cmms/vendor/laravel/framework/src/Illuminate/Pipeline/Pipeline.php(119): Illuminate/Pipeline/Pipeline->Illuminate/Pipeline/{closure}(Object(Illuminate/Http/Request))
#44 D:/Project/cmms/vendor/laravel/framework/src/Illuminate/Foundation/Http/Kernel.php(175): Illuminate/Pipeline/Pipeline->then(Object(Closure))
#45 D:/Project/cmms/vendor/laravel/framework/src/Illuminate/Foundation/Http/Kernel.php(144): Illuminate/Foundation/Http/Kernel->sendRequestThroughRouter(Object(Illuminate/Http/Request))
#46 D:/Project/cmms/public/index.php(14): Illuminate/Foundation/Http/Kernel->handle(Object(Illuminate/Http/Request))
#47 D:/Project/cmms/vendor/laravel/framework/src/Illuminate/Foundation/resources/server.php(16): require_once('D://Project//cmms...')
#48 {main}

[previous exception] [object] (PDOException(code: 42S02): SQLSTATE[42S02]: Base table or view not found: 1146 Table 'cmms.activity_logs' doesn't exist at D:/Project/cmms/vendor/laravel/framework/src/Illuminate/Database/MySqlConnection.php:39)
[stacktrace]
#0 D:/Project/cmms/vendor/laravel/framework/src/Illuminate/Database/MySqlConnection.php(39): PDO->prepare('insert into `ac...')
#1 D:/Project/cmms/vendor/laravel/framework/src/Illuminate/Database/Connection.php(816): Illuminate/Database/MySqlConnection->Illuminate/Database/{closure}('insert into `ac...', Array)
#2 D:/Project/cmms/vendor/laravel/framework/src/Illuminate/Database/Connection.php(783): Illuminate/Database/Connection->runQueryCallback('insert into `ac...', Array, Object(Closure))
#3 D:/Project/cmms/vendor/laravel/framework/src/Illuminate/Database/MySqlConnection.php(34): Illuminate/Database/Connection->run('insert into `ac...', Array, Object(Closure))
#4 D:/Project/cmms/vendor/laravel/framework/src/Illuminate/Database/Query/Builder.php(3498): Illuminate/Database/MySqlConnection->insert('insert into `ac...', Array)
#5 D:/Project/cmms/app/Http/Controllers/CMMSController.php(539): Illuminate/Database/Query/Builder->insert(Array)
#6 D:/Project/cmms/app/Http/Controllers/CMMSController.php(60): App/Http/Controllers/CMMSController->logActivity(Object(Illuminate/Http/Request), 'login', 'Login sebagai l...')
#7 D:/Project/cmms/vendor/laravel/framework/src/Illuminate/Routing/Controller.php(54): App/Http/Controllers/CMMSController->login(Object(Illuminate/Http/Request))
#8 D:/Project/cmms/vendor/laravel/framework/src/Illuminate/Routing/ControllerDispatcher.php(43): Illuminate/Routing/Controller->callAction('login', Array)
#9 D:/Project/cmms/vendor/laravel/framework/src/Illuminate/Routing/Route.php(259): Illuminate/Routing/ControllerDispatcher->dispatch(Object(Illuminate/Routing/Route), Object(App/Http/Controllers/CMMSController), 'login')
#10 D:/Project/cmms/vendor/laravel/framework/src/Illuminate/Routing/Route.php(205): Illuminate/Routing/Route->runController()
#11 D:/Project/cmms/vendor/laravel/framework/src/Illuminate/Routing/Router.php(806): Illuminate/Routing/Route->run()
#12 D:/Project/cmms/vendor/laravel/framework/src/Illuminate/Pipeline/Pipeline.php(144): Illuminate/Routing/Router->Illuminate/Routing/{closure}(Object(Illuminate/Http/Request))
#13 D:/Project/cmms/vendor/laravel/framework/src/Illuminate/Routing/Middleware/SubstituteBindings.php(50): Illuminate/Pipeline/Pipeline->Illuminate/Pipeline/{closure}(Object(Illuminate/Http/Request))
#14 D:/Project/cmms/vendor/laravel/framework/src/Illuminate/Pipeline/Pipeline.php(183): Illuminate/Routing/Middleware/SubstituteBindings->handle(Object(Illuminate/Http/Request), Object(Closure))
#15 D:/Project/cmms/vendor/laravel/framework/src/Illuminate/Foundation/Http/Middleware/VerifyCsrfToken.php(78): Illuminate/Pipeline/Pipeline->Illuminate/Pipeline/{closure}(Object(Illuminate/Http/Request))
#16 D:/Project/cmms/vendor/laravel/framework/src/Illuminate/Pipeline/Pipeline.php(183): Illuminate/Foundation/Http/Middleware/VerifyCsrfToken->handle(Object(Illuminate/Http/Request), Object(Closure))
#17 D:/Project/cmms/vendor/laravel/framework/src/Illuminate/View/Middleware/ShareErrorsFromSession.php(49): Illuminate/Pipeline/Pipeline->Illuminate/Pipeline/{closure}(Object(Illuminate/Http/Request))
#18 D:/Project/cmms/vendor/laravel/framework/src/Illuminate/Pipeline/Pipeline.php(183): Illuminate/View/Middleware/ShareErrorsFromSession->handle(Object(Illuminate/Http/Request), Object(Closure))
#19 D:/Project/cmms/vendor/laravel/framework/src/Illuminate/Session/Middleware/StartSession.php(121): Illuminate/Pipeline/Pipeline->Illuminate/Pipeline/{closure}(Object(Illuminate/Http/Request))
#20 D:/Project/cmms/vendor/laravel/framework/src/Illuminate/Session/Middleware/StartSession.php(64): Illuminate/Session/Middleware/StartSession->handleStatefulRequest(Object(Illuminate/Http/Request), Object(Illuminate/Session/Store), Object(Closure))
#21 D:/Project/cmms/vendor/laravel/framework/src/Illuminate/Pipeline/Pipeline.php(183): Illuminate/Session/Middleware/StartSession->handle(Object(Illuminate/Http/Request), Object(Closure))
#22 D:/Project/cmms/vendor/laravel/framework/src/Illuminate/Cookie/Middleware/AddQueuedCookiesToResponse.php(37): Illuminate/Pipeline/Pipeline->Illuminate/Pipeline/{closure}(Object(Illuminate/Http/Request))
#23 D:/Project/cmms/vendor/laravel/framework/src/Illuminate/Pipeline/Pipeline.php(183): Illuminate/Cookie/Middleware/AddQueuedCookiesToResponse->handle(Object(Illuminate/Http/Request), Object(Closure))
#24 D:/Project/cmms/vendor/laravel/framework/src/Illuminate/Cookie/Middleware/EncryptCookies.php(67): Illuminate/Pipeline/Pipeline->Illuminate/Pipeline/{closure}(Object(Illuminate/Http/Request))
#25 D:/Project/cmms/vendor/laravel/framework/src/Illuminate/Pipeline/Pipeline.php(183): Illuminate/Cookie/Middleware/EncryptCookies->handle(Object(Illuminate/Http/Request), Object(Closure))
#26 D:/Project/cmms/vendor/laravel/framework/src/Illuminate/Pipeline/Pipeline.php(119): Illuminate/Pipeline/Pipeline->Illuminate/Pipeline/{closure}(Object(Illuminate/Http/Request))
#27 D:/Project/cmms/vendor/laravel/framework/src/Illuminate/Routing/Router.php(805): Illuminate/Pipeline/Pipeline->then(Object(Closure))
#28 D:/Project/cmms/vendor/laravel/framework/src/Illuminate/Routing/Router.php(784): Illuminate/Routing/Router->runRouteWithinStack(Object(Illuminate/Routing/Route), Object(Illuminate/Http/Request))
#29 D:/Project/cmms/vendor/laravel/framework/src/Illuminate/Routing/Router.php(748): Illuminate/Routing/Router->runRoute(Object(Illuminate/Http/Request), Object(Illuminate/Routing/Route))
#30 D:/Project/cmms/vendor/laravel/framework/src/Illuminate/Routing/Router.php(737): Illuminate/Routing/Router->dispatchToRoute(Object(Illuminate/Http/Request))
#31 D:/Project/cmms/vendor/laravel/framework/src/Illuminate/Foundation/Http/Kernel.php(200): Illuminate/Routing/Router->dispatch(Object(Illuminate/Http/Request))
#32 D:/Project/cmms/vendor/laravel/framework/src/Illuminate/Pipeline/Pipeline.php(144): Illuminate/Foundation/Http/Kernel->Illuminate/Foundation/Http/{closure}(Object(Illuminate/Http/Request))
#33 D:/Project/cmms/vendor/laravel/framework/src/Illuminate/Http/Middleware/TrustProxies.php(39): Illuminate/Pipeline/Pipeline->Illuminate/Pipeline/{closure}(Object(Illuminate/Http/Request))
#34 D:/Project/cmms/vendor/laravel/framework/src/Illuminate/Pipeline/Pipeline.php(183): Illuminate/Http/Middleware/TrustProxies->handle(Object(Illuminate/Http/Request), Object(Closure))
#35 D:/Project/cmms/vendor/laravel/framework/src/Illuminate/Foundation/Http/Middleware/TransformsRequest.php(21): Illuminate/Pipeline/Pipeline->Illuminate/Pipeline/{closure}(Object(Illuminate/Http/Request))
#36 D:/Project/cmms/vendor/laravel/framework/src/Illuminate/Foundation/Http/Middleware/ConvertEmptyStringsToNull.php(31): Illuminate/Foundation/Http/Middleware/TransformsRequest->handle(Object(Illuminate/Http/Request), Object(Closure))
#37 D:/Project/cmms/vendor/laravel/framework/src/Illuminate/Pipeline/Pipeline.php(183): Illuminate/Foundation/Http/Middleware/ConvertEmptyStringsToNull->handle(Object(Illuminate/Http/Request), Object(Closure))
#38 D:/Project/cmms/vendor/laravel/framework/src/Illuminate/Foundation/Http/Middleware/TransformsRequest.php(21): Illuminate/Pipeline/Pipeline->Illuminate/Pipeline/{closure}(Object(Illuminate/Http/Request))
#39 D:/Project/cmms/vendor/laravel/framework/src/Illuminate/Foundation/Http/Middleware/TrimStrings.php(40): Illuminate/Foundation/Http/Middleware/TransformsRequest->handle(Object(Illuminate/Http/Request), Object(Closure))
#40 D:/Project/cmms/vendor/laravel/framework/src/Illuminate/Pipeline/Pipeline.php(183): Illuminate/Foundation/Http/Middleware/TrimStrings->handle(Object(Illuminate/Http/Request), Object(Closure))
#41 D:/Project/cmms/vendor/laravel/framework/src/Illuminate/Foundation/Http/Middleware/ValidatePostSize.php(27): Illuminate/Pipeline/Pipeline->Illuminate/Pipeline/{closure}(Object(Illuminate/Http/Request))
#42 D:/Project/cmms/vendor/laravel/framework/src/Illuminate/Pipeline/Pipeline.php(183): Illuminate/Foundation/Http/Middleware/ValidatePostSize->handle(Object(Illuminate/Http/Request), Object(Closure))
#43 D:/Project/cmms/vendor/laravel/framework/src/Illuminate/Foundation/Http/Middleware/PreventRequestsDuringMaintenance.php(99): Illuminate/Pipeline/Pipeline->Illuminate/Pipeline/{closure}(Object(Illuminate/Http/Request))
#44 D:/Project/cmms/vendor/laravel/framework/src/Illuminate/Pipeline/Pipeline.php(183): Illuminate/Foundation/Http/Middleware/PreventRequestsDuringMaintenance->handle(Object(Illuminate/Http/Request), Object(Closure))
#45 D:/Project/cmms/vendor/laravel/framework/src/Illuminate/Pipeline/Pipeline.php(119): Illuminate/Pipeline/Pipeline->Illuminate/Pipeline/{closure}(Object(Illuminate/Http/Request))
#46 D:/Project/cmms/vendor/laravel/framework/src/Illuminate/Foundation/Http/Kernel.php(175): Illuminate/Pipeline/Pipeline->then(Object(Closure))
#47 D:/Project/cmms/vendor/laravel/framework/src/Illuminate/Foundation/Http/Kernel.php(144): Illuminate/Foundation/Http/Kernel->sendRequestThroughRouter(Object(Illuminate/Http/Request))
#48 D:/Project/cmms/public/index.php(14): Illuminate/Foundation/Http/Kernel->handle(Object(Illuminate/Http/Request))
#49 D:/Project/cmms/vendor/laravel/framework/src/Illuminate/Foundation/resources/server.php(16): require_once('D://Project//cmms...')
#50 {main}
"} 
[2026-08-09 04:24:36] local.ERROR: SQLSTATE[42S22]: Column not found: 1054 Unknown column 'photo' in 'field list' (Connection: mysql, SQL: update `users` set `name` = Ahmad Supriadi, `photo` = uploads/photos/photo_1786249476_acfda7e8.png, `updated_at` = 2026-08-09 04:24:36 where `id` = 1) {"exception":"[object] (Illuminate\\Database\\QueryException(code: 42S22): SQLSTATE[42S22]: Column not found: 1054 Unknown column 'photo' in 'field list' (Connection: mysql, SQL: update `users` set `name` = Ahmad Supriadi, `photo` = uploads/photos/photo_1786249476_acfda7e8.png, `updated_at` = 2026-08-09 04:24:36 where `id` = 1) at D:/Project/cmms/vendor/laravel/framework/src/Illuminate/Database/Connection.php:829)
[stacktrace]
#0 D:/Project/cmms/vendor/laravel/framework/src/Illuminate/Database/Connection.php(783): Illuminate/Database/Connection->runQueryCallback('update `users` ...', Array, Object(Closure))
#1 D:/Project/cmms/vendor/laravel/framework/src/Illuminate/Database/Connection.php(600): Illuminate/Database/Connection->run('update `users` ...', Array, Object(Closure))
#2 D:/Project/cmms/vendor/laravel/framework/src/Illuminate/Database/Connection.php(552): Illuminate/Database/Connection->affectingStatement('update `users` ...', Array)
#3 D:/Project/cmms/vendor/laravel/framework/src/Illuminate/Database/Query/Builder.php(3602): Illuminate/Database/Connection->update('update `users` ...', Array)
#4 D:/Project/cmms/app/Http/Controllers/CMMSController.php(105): Illuminate/Database/Query/Builder->update(Array)
#5 D:/Project/cmms/vendor/laravel/framework/src/Illuminate/Routing/Controller.php(54): App/Http/Controllers/CMMSController->updateProfile(Object(Illuminate/Http/Request))
#6 D:/Project/cmms/vendor/laravel/framework/src/Illuminate/Routing/ControllerDispatcher.php(43): Illuminate/Routing/Controller->callAction('updateProfile', Array)
#7 D:/Project/cmms/vendor/laravel/framework/src/Illuminate/Routing/Route.php(259): Illuminate/Routing/ControllerDispatcher->dispatch(Object(Illuminate/Routing/Route), Object(App/Http/Controllers/CMMSController), 'updateProfile')
#8 D:/Project/cmms/vendor/laravel/framework/src/Illuminate/Routing/Route.php(205): Illuminate/Routing/Route->runController()
#9 D:/Project/cmms/vendor/laravel/framework/src/Illuminate/Routing/Router.php(806): Illuminate/Routing/Route->run()
#10 D:/Project/cmms/vendor/laravel/framework/src/Illuminate/Pipeline/Pipeline.php(144): Illuminate/Routing/Router->Illuminate/Routing/{closure}(Object(Illuminate/Http/Request))
#11 D:/Project/cmms/vendor/laravel/framework/src/Illuminate/Routing/Middleware/SubstituteBindings.php(50): Illuminate/Pipeline/Pipeline->Illuminate/Pipeline/{closure}(Object(Illuminate/Http/Request))
#12 D:/Project/cmms/vendor/laravel/framework/src/Illuminate/Pipeline/Pipeline.php(183): Illuminate/Routing/Middleware/SubstituteBindings->handle(Object(Illuminate/Http/Request), Object(Closure))
#13 D:/Project/cmms/vendor/laravel/framework/src/Illuminate/Foundation/Http/Middleware/VerifyCsrfToken.php(78): Illuminate/Pipeline/Pipeline->Illuminate/Pipeline/{closure}(Object(Illuminate/Http/Request))
#14 D:/Project/cmms/vendor/laravel/framework/src/Illuminate/Pipeline/Pipeline.php(183): Illuminate/Foundation/Http/Middleware/VerifyCsrfToken->handle(Object(Illuminate/Http/Request), Object(Closure))
#15 D:/Project/cmms/vendor/laravel/framework/src/Illuminate/View/Middleware/ShareErrorsFromSession.php(49): Illuminate/Pipeline/Pipeline->Illuminate/Pipeline/{closure}(Object(Illuminate/Http/Request))
#16 D:/Project/cmms/vendor/laravel/framework/src/Illuminate/Pipeline/Pipeline.php(183): Illuminate/View/Middleware/ShareErrorsFromSession->handle(Object(Illuminate/Http/Request), Object(Closure))
#17 D:/Project/cmms/vendor/laravel/framework/src/Illuminate/Session/Middleware/StartSession.php(121): Illuminate/Pipeline/Pipeline->Illuminate/Pipeline/{closure}(Object(Illuminate/Http/Request))
#18 D:/Project/cmms/vendor/laravel/framework/src/Illuminate/Session/Middleware/StartSession.php(64): Illuminate/Session/Middleware/StartSession->handleStatefulRequest(Object(Illuminate/Http/Request), Object(Illuminate/Session/Store), Object(Closure))
#19 D:/Project/cmms/vendor/laravel/framework/src/Illuminate/Pipeline/Pipeline.php(183): Illuminate/Session/Middleware/StartSession->handle(Object(Illuminate/Http/Request), Object(Closure))
#20 D:/Project/cmms/vendor/laravel/framework/src/Illuminate/Cookie/Middleware/AddQueuedCookiesToResponse.php(37): Illuminate/Pipeline/Pipeline->Illuminate/Pipeline/{closure}(Object(Illuminate/Http/Request))
#21 D:/Project/cmms/vendor/laravel/framework/src/Illuminate/Pipeline/Pipeline.php(183): Illuminate/Cookie/Middleware/AddQueuedCookiesToResponse->handle(Object(Illuminate/Http/Request), Object(Closure))
#22 D:/Project/cmms/vendor/laravel/framework/src/Illuminate/Cookie/Middleware/EncryptCookies.php(67): Illuminate/Pipeline/Pipeline->Illuminate/Pipeline/{closure}(Object(Illuminate/Http/Request))
#23 D:/Project/cmms/vendor/laravel/framework/src/Illuminate/Pipeline/Pipeline.php(183): Illuminate/Cookie/Middleware/EncryptCookies->handle(Object(Illuminate/Http/Request), Object(Closure))
#24 D:/Project/cmms/vendor/laravel/framework/src/Illuminate/Pipeline/Pipeline.php(119): Illuminate/Pipeline/Pipeline->Illuminate/Pipeline/{closure}(Object(Illuminate/Http/Request))
#25 D:/Project/cmms/vendor/laravel/framework/src/Illuminate/Routing/Router.php(805): Illuminate/Pipeline/Pipeline->then(Object(Closure))
#26 D:/Project/cmms/vendor/laravel/framework/src/Illuminate/Routing/Router.php(784): Illuminate/Routing/Router->runRouteWithinStack(Object(Illuminate/Routing/Route), Object(Illuminate/Http/Request))
#27 D:/Project/cmms/vendor/laravel/framework/src/Illuminate/Routing/Router.php(748): Illuminate/Routing/Router->runRoute(Object(Illuminate/Http/Request), Object(Illuminate/Routing/Route))
#28 D:/Project/cmms/vendor/laravel/framework/src/Illuminate/Routing/Router.php(737): Illuminate/Routing/Router->dispatchToRoute(Object(Illuminate/Http/Request))
#29 D:/Project/cmms/vendor/laravel/framework/src/Illuminate/Foundation/Http/Kernel.php(200): Illuminate/Routing/Router->dispatch(Object(Illuminate/Http/Request))
#30 D:/Project/cmms/vendor/laravel/framework/src/Illuminate/Pipeline/Pipeline.php(144): Illuminate/Foundation/Http/Kernel->Illuminate/Foundation/Http/{closure}(Object(Illuminate/Http/Request))
#31 D:/Project/cmms/vendor/laravel/framework/src/Illuminate/Http/Middleware/TrustProxies.php(39): Illuminate/Pipeline/Pipeline->Illuminate/Pipeline/{closure}(Object(Illuminate/Http/Request))
#32 D:/Project/cmms/vendor/laravel/framework/src/Illuminate/Pipeline/Pipeline.php(183): Illuminate/Http/Middleware/TrustProxies->handle(Object(Illuminate/Http/Request), Object(Closure))
#33 D:/Project/cmms/vendor/laravel/framework/src/Illuminate/Foundation/Http/Middleware/TransformsRequest.php(21): Illuminate/Pipeline/Pipeline->Illuminate/Pipeline/{closure}(Object(Illuminate/Http/Request))
#34 D:/Project/cmms/vendor/laravel/framework/src/Illuminate/Foundation/Http/Middleware/ConvertEmptyStringsToNull.php(31): Illuminate/Foundation/Http/Middleware/TransformsRequest->handle(Object(Illuminate/Http/Request), Object(Closure))
#35 D:/Project/cmms/vendor/laravel/framework/src/Illuminate/Pipeline/Pipeline.php(183): Illuminate/Foundation/Http/Middleware/ConvertEmptyStringsToNull->handle(Object(Illuminate/Http/Request), Object(Closure))
#36 D:/Project/cmms/vendor/laravel/framework/src/Illuminate/Foundation/Http/Middleware/TransformsRequest.php(21): Illuminate/Pipeline/Pipeline->Illuminate/Pipeline/{closure}(Object(Illuminate/Http/Request))
#37 D:/Project/cmms/vendor/laravel/framework/src/Illuminate/Foundation/Http/Middleware/TrimStrings.php(40): Illuminate/Foundation/Http/Middleware/TransformsRequest->handle(Object(Illuminate/Http/Request), Object(Closure))
#38 D:/Project/cmms/vendor/laravel/framework/src/Illuminate/Pipeline/Pipeline.php(183): Illuminate/Foundation/Http/Middleware/TrimStrings->handle(Object(Illuminate/Http/Request), Object(Closure))
#39 D:/Project/cmms/vendor/laravel/framework/src/Illuminate/Foundation/Http/Middleware/ValidatePostSize.php(27): Illuminate/Pipeline/Pipeline->Illuminate/Pipeline/{closure}(Object(Illuminate/Http/Request))
#40 D:/Project/cmms/vendor/laravel/framework/src/Illuminate/Pipeline/Pipeline.php(183): Illuminate/Foundation/Http/Middleware/ValidatePostSize->handle(Object(Illuminate/Http/Request), Object(Closure))
#41 D:/Project/cmms/vendor/laravel/framework/src/Illuminate/Foundation/Http/Middleware/PreventRequestsDuringMaintenance.php(99): Illuminate/Pipeline/Pipeline->Illuminate/Pipeline/{closure}(Object(Illuminate/Http/Request))
#42 D:/Project/cmms/vendor/laravel/framework/src/Illuminate/Pipeline/Pipeline.php(183): Illuminate/Foundation/Http/Middleware/PreventRequestsDuringMaintenance->handle(Object(Illuminate/Http/Request), Object(Closure))
#43 D:/Project/cmms/vendor/laravel/framework/src/Illuminate/Pipeline/Pipeline.php(119): Illuminate/Pipeline/Pipeline->Illuminate/Pipeline/{closure}(Object(Illuminate/Http/Request))
#44 D:/Project/cmms/vendor/laravel/framework/src/Illuminate/Foundation/Http/Kernel.php(175): Illuminate/Pipeline/Pipeline->then(Object(Closure))
#45 D:/Project/cmms/vendor/laravel/framework/src/Illuminate/Foundation/Http/Kernel.php(144): Illuminate/Foundation/Http/Kernel->sendRequestThroughRouter(Object(Illuminate/Http/Request))
#46 D:/Project/cmms/public/index.php(14): Illuminate/Foundation/Http/Kernel->handle(Object(Illuminate/Http/Request))
#47 D:/Project/cmms/vendor/laravel/framework/src/Illuminate/Foundation/resources/server.php(16): require_once('D://Project//cmms...')
#48 {main}

[previous exception] [object] (PDOException(code: 42S22): SQLSTATE[42S22]: Column not found: 1054 Unknown column 'photo' in 'field list' at D:/Project/cmms/vendor/laravel/framework/src/Illuminate/Database/Connection.php:608)
[stacktrace]
#0 D:/Project/cmms/vendor/laravel/framework/src/Illuminate/Database/Connection.php(608): PDO->prepare('update `users` ...')
#1 D:/Project/cmms/vendor/laravel/framework/src/Illuminate/Database/Connection.php(816): Illuminate/Database/Connection->Illuminate/Database/{closure}('update `users` ...', Array)
#2 D:/Project/cmms/vendor/laravel/framework/src/Illuminate/Database/Connection.php(783): Illuminate/Database/Connection->runQueryCallback('update `users` ...', Array, Object(Closure))
#3 D:/Project/cmms/vendor/laravel/framework/src/Illuminate/Database/Connection.php(600): Illuminate/Database/Connection->run('update `users` ...', Array, Object(Closure))
#4 D:/Project/cmms/vendor/laravel/framework/src/Illuminate/Database/Connection.php(552): Illuminate/Database/Connection->affectingStatement('update `users` ...', Array)
#5 D:/Project/cmms/vendor/laravel/framework/src/Illuminate/Database/Query/Builder.php(3602): Illuminate/Database/Connection->update('update `users` ...', Array)
#6 D:/Project/cmms/app/Http/Controllers/CMMSController.php(105): Illuminate/Database/Query/Builder->update(Array)
#7 D:/Project/cmms/vendor/laravel/framework/src/Illuminate/Routing/Controller.php(54): App/Http/Controllers/CMMSController->updateProfile(Object(Illuminate/Http/Request))
#8 D:/Project/cmms/vendor/laravel/framework/src/Illuminate/Routing/ControllerDispatcher.php(43): Illuminate/Routing/Controller->callAction('updateProfile', Array)
#9 D:/Project/cmms/vendor/laravel/framework/src/Illuminate/Routing/Route.php(259): Illuminate/Routing/ControllerDispatcher->dispatch(Object(Illuminate/Routing/Route), Object(App/Http/Controllers/CMMSController), 'updateProfile')
#10 D:/Project/cmms/vendor/laravel/framework/src/Illuminate/Routing/Route.php(205): Illuminate/Routing/Route->runController()
#11 D:/Project/cmms/vendor/laravel/framework/src/Illuminate/Routing/Router.php(806): Illuminate/Routing/Route->run()
#12 D:/Project/cmms/vendor/laravel/framework/src/Illuminate/Pipeline/Pipeline.php(144): Illuminate/Routing/Router->Illuminate/Routing/{closure}(Object(Illuminate/Http/Request))
#13 D:/Project/cmms/vendor/laravel/framework/src/Illuminate/Routing/Middleware/SubstituteBindings.php(50): Illuminate/Pipeline/Pipeline->Illuminate/Pipeline/{closure}(Object(Illuminate/Http/Request))
#14 D:/Project/cmms/vendor/laravel/framework/src/Illuminate/Pipeline/Pipeline.php(183): Illuminate/Routing/Middleware/SubstituteBindings->handle(Object(Illuminate/Http/Request), Object(Closure))
#15 D:/Project/cmms/vendor/laravel/framework/src/Illuminate/Foundation/Http/Middleware/VerifyCsrfToken.php(78): Illuminate/Pipeline/Pipeline->Illuminate/Pipeline/{closure}(Object(Illuminate/Http/Request))
#16 D:/Project/cmms/vendor/laravel/framework/src/Illuminate/Pipeline/Pipeline.php(183): Illuminate/Foundation/Http/Middleware/VerifyCsrfToken->handle(Object(Illuminate/Http/Request), Object(Closure))
#17 D:/Project/cmms/vendor/laravel/framework/src/Illuminate/View/Middleware/ShareErrorsFromSession.php(49): Illuminate/Pipeline/Pipeline->Illuminate/Pipeline/{closure}(Object(Illuminate/Http/Request))
#18 D:/Project/cmms/vendor/laravel/framework/src/Illuminate/Pipeline/Pipeline.php(183): Illuminate/View/Middleware/ShareErrorsFromSession->handle(Object(Illuminate/Http/Request), Object(Closure))
#19 D:/Project/cmms/vendor/laravel/framework/src/Illuminate/Session/Middleware/StartSession.php(121): Illuminate/Pipeline/Pipeline->Illuminate/Pipeline/{closure}(Object(Illuminate/Http/Request))
#20 D:/Project/cmms/vendor/laravel/framework/src/Illuminate/Session/Middleware/StartSession.php(64): Illuminate/Session/Middleware/StartSession->handleStatefulRequest(Object(Illuminate/Http/Request), Object(Illuminate/Session/Store), Object(Closure))
#21 D:/Project/cmms/vendor/laravel/framework/src/Illuminate/Pipeline/Pipeline.php(183): Illuminate/Session/Middleware/StartSession->handle(Object(Illuminate/Http/Request), Object(Closure))
#22 D:/Project/cmms/vendor/laravel/framework/src/Illuminate/Cookie/Middleware/AddQueuedCookiesToResponse.php(37): Illuminate/Pipeline/Pipeline->Illuminate/Pipeline/{closure}(Object(Illuminate/Http/Request))
#23 D:/Project/cmms/vendor/laravel/framework/src/Illuminate/Pipeline/Pipeline.php(183): Illuminate/Cookie/Middleware/AddQueuedCookiesToResponse->handle(Object(Illuminate/Http/Request), Object(Closure))
#24 D:/Project/cmms/vendor/laravel/framework/src/Illuminate/Cookie/Middleware/EncryptCookies.php(67): Illuminate/Pipeline/Pipeline->Illuminate/Pipeline/{closure}(Object(Illuminate/Http/Request))
#25 D:/Project/cmms/vendor/laravel/framework/src/Illuminate/Pipeline/Pipeline.php(183): Illuminate/Cookie/Middleware/EncryptCookies->handle(Object(Illuminate/Http/Request), Object(Closure))
#26 D:/Project/cmms/vendor/laravel/framework/src/Illuminate/Pipeline/Pipeline.php(119): Illuminate/Pipeline/Pipeline->Illuminate/Pipeline/{closure}(Object(Illuminate/Http/Request))
#27 D:/Project/cmms/vendor/laravel/framework/src/Illuminate/Routing/Router.php(805): Illuminate/Pipeline/Pipeline->then(Object(Closure))
#28 D:/Project/cmms/vendor/laravel/framework/src/Illuminate/Routing/Router.php(784): Illuminate/Routing/Router->runRouteWithinStack(Object(Illuminate/Routing/Route), Object(Illuminate/Http/Request))
#29 D:/Project/cmms/vendor/laravel/framework/src/Illuminate/Routing/Router.php(748): Illuminate/Routing/Router->runRoute(Object(Illuminate/Http/Request), Object(Illuminate/Routing/Route))
#30 D:/Project/cmms/vendor/laravel/framework/src/Illuminate/Routing/Router.php(737): Illuminate/Routing/Router->dispatchToRoute(Object(Illuminate/Http/Request))
#31 D:/Project/cmms/vendor/laravel/framework/src/Illuminate/Foundation/Http/Kernel.php(200): Illuminate/Routing/Router->dispatch(Object(Illuminate/Http/Request))
#32 D:/Project/cmms/vendor/laravel/framework/src/Illuminate/Pipeline/Pipeline.php(144): Illuminate/Foundation/Http/Kernel->Illuminate/Foundation/Http/{closure}(Object(Illuminate/Http/Request))
#33 D:/Project/cmms/vendor/laravel/framework/src/Illuminate/Http/Middleware/TrustProxies.php(39): Illuminate/Pipeline/Pipeline->Illuminate/Pipeline/{closure}(Object(Illuminate/Http/Request))
#34 D:/Project/cmms/vendor/laravel/framework/src/Illuminate/Pipeline/Pipeline.php(183): Illuminate/Http/Middleware/TrustProxies->handle(Object(Illuminate/Http/Request), Object(Closure))
#35 D:/Project/cmms/vendor/laravel/framework/src/Illuminate/Foundation/Http/Middleware/TransformsRequest.php(21): Illuminate/Pipeline/Pipeline->Illuminate/Pipeline/{closure}(Object(Illuminate/Http/Request))
#36 D:/Project/cmms/vendor/laravel/framework/src/Illuminate/Foundation/Http/Middleware/ConvertEmptyStringsToNull.php(31): Illuminate/Foundation/Http/Middleware/TransformsRequest->handle(Object(Illuminate/Http/Request), Object(Closure))
#37 D:/Project/cmms/vendor/laravel/framework/src/Illuminate/Pipeline/Pipeline.php(183): Illuminate/Foundation/Http/Middleware/ConvertEmptyStringsToNull->handle(Object(Illuminate/Http/Request), Object(Closure))
#38 D:/Project/cmms/vendor/laravel/framework/src/Illuminate/Foundation/Http/Middleware/TransformsRequest.php(21): Illuminate/Pipeline/Pipeline->Illuminate/Pipeline/{closure}(Object(Illuminate/Http/Request))
#39 D:/Project/cmms/vendor/laravel/framework/src/Illuminate/Foundation/Http/Middleware/TrimStrings.php(40): Illuminate/Foundation/Http/Middleware/TransformsRequest->handle(Object(Illuminate/Http/Request), Object(Closure))
#40 D:/Project/cmms/vendor/laravel/framework/src/Illuminate/Pipeline/Pipeline.php(183): Illuminate/Foundation/Http/Middleware/TrimStrings->handle(Object(Illuminate/Http/Request), Object(Closure))
#41 D:/Project/cmms/vendor/laravel/framework/src/Illuminate/Foundation/Http/Middleware/ValidatePostSize.php(27): Illuminate/Pipeline/Pipeline->Illuminate/Pipeline/{closure}(Object(Illuminate/Http/Request))
#42 D:/Project/cmms/vendor/laravel/framework/src/Illuminate/Pipeline/Pipeline.php(183): Illuminate/Foundation/Http/Middleware/ValidatePostSize->handle(Object(Illuminate/Http/Request), Object(Closure))
#43 D:/Project/cmms/vendor/laravel/framework/src/Illuminate/Foundation/Http/Middleware/PreventRequestsDuringMaintenance.php(99): Illuminate/Pipeline/Pipeline->Illuminate/Pipeline/{closure}(Object(Illuminate/Http/Request))
#44 D:/Project/cmms/vendor/laravel/framework/src/Illuminate/Pipeline/Pipeline.php(183): Illuminate/Foundation/Http/Middleware/PreventRequestsDuringMaintenance->handle(Object(Illuminate/Http/Request), Object(Closure))
#45 D:/Project/cmms/vendor/laravel/framework/src/Illuminate/Pipeline/Pipeline.php(119): Illuminate/Pipeline/Pipeline->Illuminate/Pipeline/{closure}(Object(Illuminate/Http/Request))
#46 D:/Project/cmms/vendor/laravel/framework/src/Illuminate/Foundation/Http/Kernel.php(175): Illuminate/Pipeline/Pipeline->then(Object(Closure))
#47 D:/Project/cmms/vendor/laravel/framework/src/Illuminate/Foundation/Http/Kernel.php(144): Illuminate/Foundation/Http/Kernel->sendRequestThroughRouter(Object(Illuminate/Http/Request))
#48 D:/Project/cmms/public/index.php(14): Illuminate/Foundation/Http/Kernel->handle(Object(Illuminate/Http/Request))
#49 D:/Project/cmms/vendor/laravel/framework/src/Illuminate/Foundation/resources/server.php(16): require_once('D://Project//cmms...')
#50 {main}
"} 
[2026-08-09 04:24:49] local.ERROR: SQLSTATE[42S22]: Column not found: 1054 Unknown column 'photo' in 'field list' (Connection: mysql, SQL: update `users` set `name` = Ahmad Supriadi, `photo` = uploads/photos/photo_1786249489_604747a6.png, `updated_at` = 2026-08-09 04:24:49 where `id` = 1) {"exception":"[object] (Illuminate\\Database\\QueryException(code: 42S22): SQLSTATE[42S22]: Column not found: 1054 Unknown column 'photo' in 'field list' (Connection: mysql, SQL: update `users` set `name` = Ahmad Supriadi, `photo` = uploads/photos/photo_1786249489_604747a6.png, `updated_at` = 2026-08-09 04:24:49 where `id` = 1) at D:/Project/cmms/vendor/laravel/framework/src/Illuminate/Database/Connection.php:829)
[stacktrace]
#0 D:/Project/cmms/vendor/laravel/framework/src/Illuminate/Database/Connection.php(783): Illuminate/Database/Connection->runQueryCallback('update `users` ...', Array, Object(Closure))
#1 D:/Project/cmms/vendor/laravel/framework/src/Illuminate/Database/Connection.php(600): Illuminate/Database/Connection->run('update `users` ...', Array, Object(Closure))
#2 D:/Project/cmms/vendor/laravel/framework/src/Illuminate/Database/Connection.php(552): Illuminate/Database/Connection->affectingStatement('update `users` ...', Array)
#3 D:/Project/cmms/vendor/laravel/framework/src/Illuminate/Database/Query/Builder.php(3602): Illuminate/Database/Connection->update('update `users` ...', Array)
#4 D:/Project/cmms/app/Http/Controllers/CMMSController.php(105): Illuminate/Database/Query/Builder->update(Array)
#5 D:/Project/cmms/vendor/laravel/framework/src/Illuminate/Routing/Controller.php(54): App/Http/Controllers/CMMSController->updateProfile(Object(Illuminate/Http/Request))
#6 D:/Project/cmms/vendor/laravel/framework/src/Illuminate/Routing/ControllerDispatcher.php(43): Illuminate/Routing/Controller->callAction('updateProfile', Array)
#7 D:/Project/cmms/vendor/laravel/framework/src/Illuminate/Routing/Route.php(259): Illuminate/Routing/ControllerDispatcher->dispatch(Object(Illuminate/Routing/Route), Object(App/Http/Controllers/CMMSController), 'updateProfile')
#8 D:/Project/cmms/vendor/laravel/framework/src/Illuminate/Routing/Route.php(205): Illuminate/Routing/Route->runController()
#9 D:/Project/cmms/vendor/laravel/framework/src/Illuminate/Routing/Router.php(806): Illuminate/Routing/Route->run()
#10 D:/Project/cmms/vendor/laravel/framework/src/Illuminate/Pipeline/Pipeline.php(144): Illuminate/Routing/Router->Illuminate/Routing/{closure}(Object(Illuminate/Http/Request))
#11 D:/Project/cmms/vendor/laravel/framework/src/Illuminate/Routing/Middleware/SubstituteBindings.php(50): Illuminate/Pipeline/Pipeline->Illuminate/Pipeline/{closure}(Object(Illuminate/Http/Request))
#12 D:/Project/cmms/vendor/laravel/framework/src/Illuminate/Pipeline/Pipeline.php(183): Illuminate/Routing/Middleware/SubstituteBindings->handle(Object(Illuminate/Http/Request), Object(Closure))
#13 D:/Project/cmms/vendor/laravel/framework/src/Illuminate/Foundation/Http/Middleware/VerifyCsrfToken.php(78): Illuminate/Pipeline/Pipeline->Illuminate/Pipeline/{closure}(Object(Illuminate/Http/Request))
#14 D:/Project/cmms/vendor/laravel/framework/src/Illuminate/Pipeline/Pipeline.php(183): Illuminate/Foundation/Http/Middleware/VerifyCsrfToken->handle(Object(Illuminate/Http/Request), Object(Closure))
#15 D:/Project/cmms/vendor/laravel/framework/src/Illuminate/View/Middleware/ShareErrorsFromSession.php(49): Illuminate/Pipeline/Pipeline->Illuminate/Pipeline/{closure}(Object(Illuminate/Http/Request))
#16 D:/Project/cmms/vendor/laravel/framework/src/Illuminate/Pipeline/Pipeline.php(183): Illuminate/View/Middleware/ShareErrorsFromSession->handle(Object(Illuminate/Http/Request), Object(Closure))
#17 D:/Project/cmms/vendor/laravel/framework/src/Illuminate/Session/Middleware/StartSession.php(121): Illuminate/Pipeline/Pipeline->Illuminate/Pipeline/{closure}(Object(Illuminate/Http/Request))
#18 D:/Project/cmms/vendor/laravel/framework/src/Illuminate/Session/Middleware/StartSession.php(64): Illuminate/Session/Middleware/StartSession->handleStatefulRequest(Object(Illuminate/Http/Request), Object(Illuminate/Session/Store), Object(Closure))
#19 D:/Project/cmms/vendor/laravel/framework/src/Illuminate/Pipeline/Pipeline.php(183): Illuminate/Session/Middleware/StartSession->handle(Object(Illuminate/Http/Request), Object(Closure))
#20 D:/Project/cmms/vendor/laravel/framework/src/Illuminate/Cookie/Middleware/AddQueuedCookiesToResponse.php(37): Illuminate/Pipeline/Pipeline->Illuminate/Pipeline/{closure}(Object(Illuminate/Http/Request))
#21 D:/Project/cmms/vendor/laravel/framework/src/Illuminate/Pipeline/Pipeline.php(183): Illuminate/Cookie/Middleware/AddQueuedCookiesToResponse->handle(Object(Illuminate/Http/Request), Object(Closure))
#22 D:/Project/cmms/vendor/laravel/framework/src/Illuminate/Cookie/Middleware/EncryptCookies.php(67): Illuminate/Pipeline/Pipeline->Illuminate/Pipeline/{closure}(Object(Illuminate/Http/Request))
#23 D:/Project/cmms/vendor/laravel/framework/src/Illuminate/Pipeline/Pipeline.php(183): Illuminate/Cookie/Middleware/EncryptCookies->handle(Object(Illuminate/Http/Request), Object(Closure))
#24 D:/Project/cmms/vendor/laravel/framework/src/Illuminate/Pipeline/Pipeline.php(119): Illuminate/Pipeline/Pipeline->Illuminate/Pipeline/{closure}(Object(Illuminate/Http/Request))
#25 D:/Project/cmms/vendor/laravel/framework/src/Illuminate/Routing/Router.php(805): Illuminate/Pipeline/Pipeline->then(Object(Closure))
#26 D:/Project/cmms/vendor/laravel/framework/src/Illuminate/Routing/Router.php(784): Illuminate/Routing/Router->runRouteWithinStack(Object(Illuminate/Routing/Route), Object(Illuminate/Http/Request))
#27 D:/Project/cmms/vendor/laravel/framework/src/Illuminate/Routing/Router.php(748): Illuminate/Routing/Router->runRoute(Object(Illuminate/Http/Request), Object(Illuminate/Routing/Route))
#28 D:/Project/cmms/vendor/laravel/framework/src/Illuminate/Routing/Router.php(737): Illuminate/Routing/Router->dispatchToRoute(Object(Illuminate/Http/Request))
#29 D:/Project/cmms/vendor/laravel/framework/src/Illuminate/Foundation/Http/Kernel.php(200): Illuminate/Routing/Router->dispatch(Object(Illuminate/Http/Request))
#30 D:/Project/cmms/vendor/laravel/framework/src/Illuminate/Pipeline/Pipeline.php(144): Illuminate/Foundation/Http/Kernel->Illuminate/Foundation/Http/{closure}(Object(Illuminate/Http/Request))
#31 D:/Project/cmms/vendor/laravel/framework/src/Illuminate/Http/Middleware/TrustProxies.php(39): Illuminate/Pipeline/Pipeline->Illuminate/Pipeline/{closure}(Object(Illuminate/Http/Request))
#32 D:/Project/cmms/vendor/laravel/framework/src/Illuminate/Pipeline/Pipeline.php(183): Illuminate/Http/Middleware/TrustProxies->handle(Object(Illuminate/Http/Request), Object(Closure))
#33 D:/Project/cmms/vendor/laravel/framework/src/Illuminate/Foundation/Http/Middleware/TransformsRequest.php(21): Illuminate/Pipeline/Pipeline->Illuminate/Pipeline/{closure}(Object(Illuminate/Http/Request))
#34 D:/Project/cmms/vendor/laravel/framework/src/Illuminate/Foundation/Http/Middleware/ConvertEmptyStringsToNull.php(31): Illuminate/Foundation/Http/Middleware/TransformsRequest->handle(Object(Illuminate/Http/Request), Object(Closure))
#35 D:/Project/cmms/vendor/laravel/framework/src/Illuminate/Pipeline/Pipeline.php(183): Illuminate/Foundation/Http/Middleware/ConvertEmptyStringsToNull->handle(Object(Illuminate/Http/Request), Object(Closure))
#36 D:/Project/cmms/vendor/laravel/framework/src/Illuminate/Foundation/Http/Middleware/TransformsRequest.php(21): Illuminate/Pipeline/Pipeline->Illuminate/Pipeline/{closure}(Object(Illuminate/Http/Request))
#37 D:/Project/cmms/vendor/laravel/framework/src/Illuminate/Foundation/Http/Middleware/TrimStrings.php(40): Illuminate/Foundation/Http/Middleware/TransformsRequest->handle(Object(Illuminate/Http/Request), Object(Closure))
#38 D:/Project/cmms/vendor/laravel/framework/src/Illuminate/Pipeline/Pipeline.php(183): Illuminate/Foundation/Http/Middleware/TrimStrings->handle(Object(Illuminate/Http/Request), Object(Closure))
#39 D:/Project/cmms/vendor/laravel/framework/src/Illuminate/Foundation/Http/Middleware/ValidatePostSize.php(27): Illuminate/Pipeline/Pipeline->Illuminate/Pipeline/{closure}(Object(Illuminate/Http/Request))
#40 D:/Project/cmms/vendor/laravel/framework/src/Illuminate/Pipeline/Pipeline.php(183): Illuminate/Foundation/Http/Middleware/ValidatePostSize->handle(Object(Illuminate/Http/Request), Object(Closure))
#41 D:/Project/cmms/vendor/laravel/framework/src/Illuminate/Foundation/Http/Middleware/PreventRequestsDuringMaintenance.php(99): Illuminate/Pipeline/Pipeline->Illuminate/Pipeline/{closure}(Object(Illuminate/Http/Request))
#42 D:/Project/cmms/vendor/laravel/framework/src/Illuminate/Pipeline/Pipeline.php(183): Illuminate/Foundation/Http/Middleware/PreventRequestsDuringMaintenance->handle(Object(Illuminate/Http/Request), Object(Closure))
#43 D:/Project/cmms/vendor/laravel/framework/src/Illuminate/Pipeline/Pipeline.php(119): Illuminate/Pipeline/Pipeline->Illuminate/Pipeline/{closure}(Object(Illuminate/Http/Request))
#44 D:/Project/cmms/vendor/laravel/framework/src/Illuminate/Foundation/Http/Kernel.php(175): Illuminate/Pipeline/Pipeline->then(Object(Closure))
#45 D:/Project/cmms/vendor/laravel/framework/src/Illuminate/Foundation/Http/Kernel.php(144): Illuminate/Foundation/Http/Kernel->sendRequestThroughRouter(Object(Illuminate/Http/Request))
#46 D:/Project/cmms/public/index.php(14): Illuminate/Foundation/Http/Kernel->handle(Object(Illuminate/Http/Request))
#47 D:/Project/cmms/vendor/laravel/framework/src/Illuminate/Foundation/resources/server.php(16): require_once('D://Project//cmms...')
#48 {main}

[previous exception] [object] (PDOException(code: 42S22): SQLSTATE[42S22]: Column not found: 1054 Unknown column 'photo' in 'field list' at D:/Project/cmms/vendor/laravel/framework/src/Illuminate/Database/Connection.php:608)
[stacktrace]
#0 D:/Project/cmms/vendor/laravel/framework/src/Illuminate/Database/Connection.php(608): PDO->prepare('update `users` ...')
#1 D:/Project/cmms/vendor/laravel/framework/src/Illuminate/Database/Connection.php(816): Illuminate/Database/Connection->Illuminate/Database/{closure}('update `users` ...', Array)
#2 D:/Project/cmms/vendor/laravel/framework/src/Illuminate/Database/Connection.php(783): Illuminate/Database/Connection->runQueryCallback('update `users` ...', Array, Object(Closure))
#3 D:/Project/cmms/vendor/laravel/framework/src/Illuminate/Database/Connection.php(600): Illuminate/Database/Connection->run('update `users` ...', Array, Object(Closure))
#4 D:/Project/cmms/vendor/laravel/framework/src/Illuminate/Database/Connection.php(552): Illuminate/Database/Connection->affectingStatement('update `users` ...', Array)
#5 D:/Project/cmms/vendor/laravel/framework/src/Illuminate/Database/Query/Builder.php(3602): Illuminate/Database/Connection->update('update `users` ...', Array)
#6 D:/Project/cmms/app/Http/Controllers/CMMSController.php(105): Illuminate/Database/Query/Builder->update(Array)
#7 D:/Project/cmms/vendor/laravel/framework/src/Illuminate/Routing/Controller.php(54): App/Http/Controllers/CMMSController->updateProfile(Object(Illuminate/Http/Request))
#8 D:/Project/cmms/vendor/laravel/framework/src/Illuminate/Routing/ControllerDispatcher.php(43): Illuminate/Routing/Controller->callAction('updateProfile', Array)
#9 D:/Project/cmms/vendor/laravel/framework/src/Illuminate/Routing/Route.php(259): Illuminate/Routing/ControllerDispatcher->dispatch(Object(Illuminate/Routing/Route), Object(App/Http/Controllers/CMMSController), 'updateProfile')
#10 D:/Project/cmms/vendor/laravel/framework/src/Illuminate/Routing/Route.php(205): Illuminate/Routing/Route->runController()
#11 D:/Project/cmms/vendor/laravel/framework/src/Illuminate/Routing/Router.php(806): Illuminate/Routing/Route->run()
#12 D:/Project/cmms/vendor/laravel/framework/src/Illuminate/Pipeline/Pipeline.php(144): Illuminate/Routing/Router->Illuminate/Routing/{closure}(Object(Illuminate/Http/Request))
#13 D:/Project/cmms/vendor/laravel/framework/src/Illuminate/Routing/Middleware/SubstituteBindings.php(50): Illuminate/Pipeline/Pipeline->Illuminate/Pipeline/{closure}(Object(Illuminate/Http/Request))
#14 D:/Project/cmms/vendor/laravel/framework/src/Illuminate/Pipeline/Pipeline.php(183): Illuminate/Routing/Middleware/SubstituteBindings->handle(Object(Illuminate/Http/Request), Object(Closure))
#15 D:/Project/cmms/vendor/laravel/framework/src/Illuminate/Foundation/Http/Middleware/VerifyCsrfToken.php(78): Illuminate/Pipeline/Pipeline->Illuminate/Pipeline/{closure}(Object(Illuminate/Http/Request))
#16 D:/Project/cmms/vendor/laravel/framework/src/Illuminate/Pipeline/Pipeline.php(183): Illuminate/Foundation/Http/Middleware/VerifyCsrfToken->handle(Object(Illuminate/Http/Request), Object(Closure))
#17 D:/Project/cmms/vendor/laravel/framework/src/Illuminate/View/Middleware/ShareErrorsFromSession.php(49): Illuminate/Pipeline/Pipeline->Illuminate/Pipeline/{closure}(Object(Illuminate/Http/Request))
#18 D:/Project/cmms/vendor/laravel/framework/src/Illuminate/Pipeline/Pipeline.php(183): Illuminate/View/Middleware/ShareErrorsFromSession->handle(Object(Illuminate/Http/Request), Object(Closure))
#19 D:/Project/cmms/vendor/laravel/framework/src/Illuminate/Session/Middleware/StartSession.php(121): Illuminate/Pipeline/Pipeline->Illuminate/Pipeline/{closure}(Object(Illuminate/Http/Request))
#20 D:/Project/cmms/vendor/laravel/framework/src/Illuminate/Session/Middleware/StartSession.php(64): Illuminate/Session/Middleware/StartSession->handleStatefulRequest(Object(Illuminate/Http/Request), Object(Illuminate/Session/Store), Object(Closure))
#21 D:/Project/cmms/vendor/laravel/framework/src/Illuminate/Pipeline/Pipeline.php(183): Illuminate/Session/Middleware/StartSession->handle(Object(Illuminate/Http/Request), Object(Closure))
#22 D:/Project/cmms/vendor/laravel/framework/src/Illuminate/Cookie/Middleware/AddQueuedCookiesToResponse.php(37): Illuminate/Pipeline/Pipeline->Illuminate/Pipeline/{closure}(Object(Illuminate/Http/Request))
#23 D:/Project/cmms/vendor/laravel/framework/src/Illuminate/Pipeline/Pipeline.php(183): Illuminate/Cookie/Middleware/AddQueuedCookiesToResponse->handle(Object(Illuminate/Http/Request), Object(Closure))
#24 D:/Project/cmms/vendor/laravel/framework/src/Illuminate/Cookie/Middleware/EncryptCookies.php(67): Illuminate/Pipeline/Pipeline->Illuminate/Pipeline/{closure}(Object(Illuminate/Http/Request))
#25 D:/Project/cmms/vendor/laravel/framework/src/Illuminate/Pipeline/Pipeline.php(183): Illuminate/Cookie/Middleware/EncryptCookies->handle(Object(Illuminate/Http/Request), Object(Closure))
#26 D:/Project/cmms/vendor/laravel/framework/src/Illuminate/Pipeline/Pipeline.php(119): Illuminate/Pipeline/Pipeline->Illuminate/Pipeline/{closure}(Object(Illuminate/Http/Request))
#27 D:/Project/cmms/vendor/laravel/framework/src/Illuminate/Routing/Router.php(805): Illuminate/Pipeline/Pipeline->then(Object(Closure))
#28 D:/Project/cmms/vendor/laravel/framework/src/Illuminate/Routing/Router.php(784): Illuminate/Routing/Router->runRouteWithinStack(Object(Illuminate/Routing/Route), Object(Illuminate/Http/Request))
#29 D:/Project/cmms/vendor/laravel/framework/src/Illuminate/Routing/Router.php(748): Illuminate/Routing/Router->runRoute(Object(Illuminate/Http/Request), Object(Illuminate/Routing/Route))
#30 D:/Project/cmms/vendor/laravel/framework/src/Illuminate/Routing/Router.php(737): Illuminate/Routing/Router->dispatchToRoute(Object(Illuminate/Http/Request))
#31 D:/Project/cmms/vendor/laravel/framework/src/Illuminate/Foundation/Http/Kernel.php(200): Illuminate/Routing/Router->dispatch(Object(Illuminate/Http/Request))
#32 D:/Project/cmms/vendor/laravel/framework/src/Illuminate/Pipeline/Pipeline.php(144): Illuminate/Foundation/Http/Kernel->Illuminate/Foundation/Http/{closure}(Object(Illuminate/Http/Request))
#33 D:/Project/cmms/vendor/laravel/framework/src/Illuminate/Http/Middleware/TrustProxies.php(39): Illuminate/Pipeline/Pipeline->Illuminate/Pipeline/{closure}(Object(Illuminate/Http/Request))
#34 D:/Project/cmms/vendor/laravel/framework/src/Illuminate/Pipeline/Pipeline.php(183): Illuminate/Http/Middleware/TrustProxies->handle(Object(Illuminate/Http/Request), Object(Closure))
#35 D:/Project/cmms/vendor/laravel/framework/src/Illuminate/Foundation/Http/Middleware/TransformsRequest.php(21): Illuminate/Pipeline/Pipeline->Illuminate/Pipeline/{closure}(Object(Illuminate/Http/Request))
#36 D:/Project/cmms/vendor/laravel/framework/src/Illuminate/Foundation/Http/Middleware/ConvertEmptyStringsToNull.php(31): Illuminate/Foundation/Http/Middleware/TransformsRequest->handle(Object(Illuminate/Http/Request), Object(Closure))
#37 D:/Project/cmms/vendor/laravel/framework/src/Illuminate/Pipeline/Pipeline.php(183): Illuminate/Foundation/Http/Middleware/ConvertEmptyStringsToNull->handle(Object(Illuminate/Http/Request), Object(Closure))
#38 D:/Project/cmms/vendor/laravel/framework/src/Illuminate/Foundation/Http/Middleware/TransformsRequest.php(21): Illuminate/Pipeline/Pipeline->Illuminate/Pipeline/{closure}(Object(Illuminate/Http/Request))
#39 D:/Project/cmms/vendor/laravel/framework/src/Illuminate/Foundation/Http/Middleware/TrimStrings.php(40): Illuminate/Foundation/Http/Middleware/TransformsRequest->handle(Object(Illuminate/Http/Request), Object(Closure))
#40 D:/Project/cmms/vendor/laravel/framework/src/Illuminate/Pipeline/Pipeline.php(183): Illuminate/Foundation/Http/Middleware/TrimStrings->handle(Object(Illuminate/Http/Request), Object(Closure))
#41 D:/Project/cmms/vendor/laravel/framework/src/Illuminate/Foundation/Http/Middleware/ValidatePostSize.php(27): Illuminate/Pipeline/Pipeline->Illuminate/Pipeline/{closure}(Object(Illuminate/Http/Request))
#42 D:/Project/cmms/vendor/laravel/framework/src/Illuminate/Pipeline/Pipeline.php(183): Illuminate/Foundation/Http/Middleware/ValidatePostSize->handle(Object(Illuminate/Http/Request), Object(Closure))
#43 D:/Project/cmms/vendor/laravel/framework/src/Illuminate/Foundation/Http/Middleware/PreventRequestsDuringMaintenance.php(99): Illuminate/Pipeline/Pipeline->Illuminate/Pipeline/{closure}(Object(Illuminate/Http/Request))
#44 D:/Project/cmms/vendor/laravel/framework/src/Illuminate/Pipeline/Pipeline.php(183): Illuminate/Foundation/Http/Middleware/PreventRequestsDuringMaintenance->handle(Object(Illuminate/Http/Request), Object(Closure))
#45 D:/Project/cmms/vendor/laravel/framework/src/Illuminate/Pipeline/Pipeline.php(119): Illuminate/Pipeline/Pipeline->Illuminate/Pipeline/{closure}(Object(Illuminate/Http/Request))
#46 D:/Project/cmms/vendor/laravel/framework/src/Illuminate/Foundation/Http/Kernel.php(175): Illuminate/Pipeline/Pipeline->then(Object(Closure))
#47 D:/Project/cmms/vendor/laravel/framework/src/Illuminate/Foundation/Http/Kernel.php(144): Illuminate/Foundation/Http/Kernel->sendRequestThroughRouter(Object(Illuminate/Http/Request))
#48 D:/Project/cmms/public/index.php(14): Illuminate/Foundation/Http/Kernel->handle(Object(Illuminate/Http/Request))
#49 D:/Project/cmms/vendor/laravel/framework/src/Illuminate/Foundation/resources/server.php(16): require_once('D://Project//cmms...')
#50 {main}
"} 
[2026-08-09 04:24:56] local.ERROR: SQLSTATE[42S22]: Column not found: 1054 Unknown column 'photo' in 'field list' (Connection: mysql, SQL: update `users` set `name` = Ahmad Supriadi, `photo` = uploads/photos/photo_1786249496_fe00bd4b.png, `updated_at` = 2026-08-09 04:24:56 where `id` = 1) {"exception":"[object] (Illuminate\\Database\\QueryException(code: 42S22): SQLSTATE[42S22]: Column not found: 1054 Unknown column 'photo' in 'field list' (Connection: mysql, SQL: update `users` set `name` = Ahmad Supriadi, `photo` = uploads/photos/photo_1786249496_fe00bd4b.png, `updated_at` = 2026-08-09 04:24:56 where `id` = 1) at D:/Project/cmms/vendor/laravel/framework/src/Illuminate/Database/Connection.php:829)
[stacktrace]
#0 D:/Project/cmms/vendor/laravel/framework/src/Illuminate/Database/Connection.php(783): Illuminate/Database/Connection->runQueryCallback('update `users` ...', Array, Object(Closure))
#1 D:/Project/cmms/vendor/laravel/framework/src/Illuminate/Database/Connection.php(600): Illuminate/Database/Connection->run('update `users` ...', Array, Object(Closure))
#2 D:/Project/cmms/vendor/laravel/framework/src/Illuminate/Database/Connection.php(552): Illuminate/Database/Connection->affectingStatement('update `users` ...', Array)
#3 D:/Project/cmms/vendor/laravel/framework/src/Illuminate/Database/Query/Builder.php(3602): Illuminate/Database/Connection->update('update `users` ...', Array)
#4 D:/Project/cmms/app/Http/Controllers/CMMSController.php(105): Illuminate/Database/Query/Builder->update(Array)
#5 D:/Project/cmms/vendor/laravel/framework/src/Illuminate/Routing/Controller.php(54): App/Http/Controllers/CMMSController->updateProfile(Object(Illuminate/Http/Request))
#6 D:/Project/cmms/vendor/laravel/framework/src/Illuminate/Routing/ControllerDispatcher.php(43): Illuminate/Routing/Controller->callAction('updateProfile', Array)
#7 D:/Project/cmms/vendor/laravel/framework/src/Illuminate/Routing/Route.php(259): Illuminate/Routing/ControllerDispatcher->dispatch(Object(Illuminate/Routing/Route), Object(App/Http/Controllers/CMMSController), 'updateProfile')
#8 D:/Project/cmms/vendor/laravel/framework/src/Illuminate/Routing/Route.php(205): Illuminate/Routing/Route->runController()
#9 D:/Project/cmms/vendor/laravel/framework/src/Illuminate/Routing/Router.php(806): Illuminate/Routing/Route->run()
#10 D:/Project/cmms/vendor/laravel/framework/src/Illuminate/Pipeline/Pipeline.php(144): Illuminate/Routing/Router->Illuminate/Routing/{closure}(Object(Illuminate/Http/Request))
#11 D:/Project/cmms/vendor/laravel/framework/src/Illuminate/Routing/Middleware/SubstituteBindings.php(50): Illuminate/Pipeline/Pipeline->Illuminate/Pipeline/{closure}(Object(Illuminate/Http/Request))
#12 D:/Project/cmms/vendor/laravel/framework/src/Illuminate/Pipeline/Pipeline.php(183): Illuminate/Routing/Middleware/SubstituteBindings->handle(Object(Illuminate/Http/Request), Object(Closure))
#13 D:/Project/cmms/vendor/laravel/framework/src/Illuminate/Foundation/Http/Middleware/VerifyCsrfToken.php(78): Illuminate/Pipeline/Pipeline->Illuminate/Pipeline/{closure}(Object(Illuminate/Http/Request))
#14 D:/Project/cmms/vendor/laravel/framework/src/Illuminate/Pipeline/Pipeline.php(183): Illuminate/Foundation/Http/Middleware/VerifyCsrfToken->handle(Object(Illuminate/Http/Request), Object(Closure))
#15 D:/Project/cmms/vendor/laravel/framework/src/Illuminate/View/Middleware/ShareErrorsFromSession.php(49): Illuminate/Pipeline/Pipeline->Illuminate/Pipeline/{closure}(Object(Illuminate/Http/Request))
#16 D:/Project/cmms/vendor/laravel/framework/src/Illuminate/Pipeline/Pipeline.php(183): Illuminate/View/Middleware/ShareErrorsFromSession->handle(Object(Illuminate/Http/Request), Object(Closure))
#17 D:/Project/cmms/vendor/laravel/framework/src/Illuminate/Session/Middleware/StartSession.php(121): Illuminate/Pipeline/Pipeline->Illuminate/Pipeline/{closure}(Object(Illuminate/Http/Request))
#18 D:/Project/cmms/vendor/laravel/framework/src/Illuminate/Session/Middleware/StartSession.php(64): Illuminate/Session/Middleware/StartSession->handleStatefulRequest(Object(Illuminate/Http/Request), Object(Illuminate/Session/Store), Object(Closure))
#19 D:/Project/cmms/vendor/laravel/framework/src/Illuminate/Pipeline/Pipeline.php(183): Illuminate/Session/Middleware/StartSession->handle(Object(Illuminate/Http/Request), Object(Closure))
#20 D:/Project/cmms/vendor/laravel/framework/src/Illuminate/Cookie/Middleware/AddQueuedCookiesToResponse.php(37): Illuminate/Pipeline/Pipeline->Illuminate/Pipeline/{closure}(Object(Illuminate/Http/Request))
#21 D:/Project/cmms/vendor/laravel/framework/src/Illuminate/Pipeline/Pipeline.php(183): Illuminate/Cookie/Middleware/AddQueuedCookiesToResponse->handle(Object(Illuminate/Http/Request), Object(Closure))
#22 D:/Project/cmms/vendor/laravel/framework/src/Illuminate/Cookie/Middleware/EncryptCookies.php(67): Illuminate/Pipeline/Pipeline->Illuminate/Pipeline/{closure}(Object(Illuminate/Http/Request))
#23 D:/Project/cmms/vendor/laravel/framework/src/Illuminate/Pipeline/Pipeline.php(183): Illuminate/Cookie/Middleware/EncryptCookies->handle(Object(Illuminate/Http/Request), Object(Closure))
#24 D:/Project/cmms/vendor/laravel/framework/src/Illuminate/Pipeline/Pipeline.php(119): Illuminate/Pipeline/Pipeline->Illuminate/Pipeline/{closure}(Object(Illuminate/Http/Request))
#25 D:/Project/cmms/vendor/laravel/framework/src/Illuminate/Routing/Router.php(805): Illuminate/Pipeline/Pipeline->then(Object(Closure))
#26 D:/Project/cmms/vendor/laravel/framework/src/Illuminate/Routing/Router.php(784): Illuminate/Routing/Router->runRouteWithinStack(Object(Illuminate/Routing/Route), Object(Illuminate/Http/Request))
#27 D:/Project/cmms/vendor/laravel/framework/src/Illuminate/Routing/Router.php(748): Illuminate/Routing/Router->runRoute(Object(Illuminate/Http/Request), Object(Illuminate/Routing/Route))
#28 D:/Project/cmms/vendor/laravel/framework/src/Illuminate/Routing/Router.php(737): Illuminate/Routing/Router->dispatchToRoute(Object(Illuminate/Http/Request))
#29 D:/Project/cmms/vendor/laravel/framework/src/Illuminate/Foundation/Http/Kernel.php(200): Illuminate/Routing/Router->dispatch(Object(Illuminate/Http/Request))
#30 D:/Project/cmms/vendor/laravel/framework/src/Illuminate/Pipeline/Pipeline.php(144): Illuminate/Foundation/Http/Kernel->Illuminate/Foundation/Http/{closure}(Object(Illuminate/Http/Request))
#31 D:/Project/cmms/vendor/laravel/framework/src/Illuminate/Http/Middleware/TrustProxies.php(39): Illuminate/Pipeline/Pipeline->Illuminate/Pipeline/{closure}(Object(Illuminate/Http/Request))
#32 D:/Project/cmms/vendor/laravel/framework/src/Illuminate/Pipeline/Pipeline.php(183): Illuminate/Http/Middleware/TrustProxies->handle(Object(Illuminate/Http/Request), Object(Closure))
#33 D:/Project/cmms/vendor/laravel/framework/src/Illuminate/Foundation/Http/Middleware/TransformsRequest.php(21): Illuminate/Pipeline/Pipeline->Illuminate/Pipeline/{closure}(Object(Illuminate/Http/Request))
#34 D:/Project/cmms/vendor/laravel/framework/src/Illuminate/Foundation/Http/Middleware/ConvertEmptyStringsToNull.php(31): Illuminate/Foundation/Http/Middleware/TransformsRequest->handle(Object(Illuminate/Http/Request), Object(Closure))
#35 D:/Project/cmms/vendor/laravel/framework/src/Illuminate/Pipeline/Pipeline.php(183): Illuminate/Foundation/Http/Middleware/ConvertEmptyStringsToNull->handle(Object(Illuminate/Http/Request), Object(Closure))
#36 D:/Project/cmms/vendor/laravel/framework/src/Illuminate/Foundation/Http/Middleware/TransformsRequest.php(21): Illuminate/Pipeline/Pipeline->Illuminate/Pipeline/{closure}(Object(Illuminate/Http/Request))
#37 D:/Project/cmms/vendor/laravel/framework/src/Illuminate/Foundation/Http/Middleware/TrimStrings.php(40): Illuminate/Foundation/Http/Middleware/TransformsRequest->handle(Object(Illuminate/Http/Request), Object(Closure))
#38 D:/Project/cmms/vendor/laravel/framework/src/Illuminate/Pipeline/Pipeline.php(183): Illuminate/Foundation/Http/Middleware/TrimStrings->handle(Object(Illuminate/Http/Request), Object(Closure))
#39 D:/Project/cmms/vendor/laravel/framework/src/Illuminate/Foundation/Http/Middleware/ValidatePostSize.php(27): Illuminate/Pipeline/Pipeline->Illuminate/Pipeline/{closure}(Object(Illuminate/Http/Request))
#40 D:/Project/cmms/vendor/laravel/framework/src/Illuminate/Pipeline/Pipeline.php(183): Illuminate/Foundation/Http/Middleware/ValidatePostSize->handle(Object(Illuminate/Http/Request), Object(Closure))
#41 D:/Project/cmms/vendor/laravel/framework/src/Illuminate/Foundation/Http/Middleware/PreventRequestsDuringMaintenance.php(99): Illuminate/Pipeline/Pipeline->Illuminate/Pipeline/{closure}(Object(Illuminate/Http/Request))
#42 D:/Project/cmms/vendor/laravel/framework/src/Illuminate/Pipeline/Pipeline.php(183): Illuminate/Foundation/Http/Middleware/PreventRequestsDuringMaintenance->handle(Object(Illuminate/Http/Request), Object(Closure))
#43 D:/Project/cmms/vendor/laravel/framework/src/Illuminate/Pipeline/Pipeline.php(119): Illuminate/Pipeline/Pipeline->Illuminate/Pipeline/{closure}(Object(Illuminate/Http/Request))
#44 D:/Project/cmms/vendor/laravel/framework/src/Illuminate/Foundation/Http/Kernel.php(175): Illuminate/Pipeline/Pipeline->then(Object(Closure))
#45 D:/Project/cmms/vendor/laravel/framework/src/Illuminate/Foundation/Http/Kernel.php(144): Illuminate/Foundation/Http/Kernel->sendRequestThroughRouter(Object(Illuminate/Http/Request))
#46 D:/Project/cmms/public/index.php(14): Illuminate/Foundation/Http/Kernel->handle(Object(Illuminate/Http/Request))
#47 D:/Project/cmms/vendor/laravel/framework/src/Illuminate/Foundation/resources/server.php(16): require_once('D://Project//cmms...')
#48 {main}

[previous exception] [object] (PDOException(code: 42S22): SQLSTATE[42S22]: Column not found: 1054 Unknown column 'photo' in 'field list' at D:/Project/cmms/vendor/laravel/framework/src/Illuminate/Database/Connection.php:608)
[stacktrace]
#0 D:/Project/cmms/vendor/laravel/framework/src/Illuminate/Database/Connection.php(608): PDO->prepare('update `users` ...')
#1 D:/Project/cmms/vendor/laravel/framework/src/Illuminate/Database/Connection.php(816): Illuminate/Database/Connection->Illuminate/Database/{closure}('update `users` ...', Array)
#2 D:/Project/cmms/vendor/laravel/framework/src/Illuminate/Database/Connection.php(783): Illuminate/Database/Connection->runQueryCallback('update `users` ...', Array, Object(Closure))
#3 D:/Project/cmms/vendor/laravel/framework/src/Illuminate/Database/Connection.php(600): Illuminate/Database/Connection->run('update `users` ...', Array, Object(Closure))
#4 D:/Project/cmms/vendor/laravel/framework/src/Illuminate/Database/Connection.php(552): Illuminate/Database/Connection->affectingStatement('update `users` ...', Array)
#5 D:/Project/cmms/vendor/laravel/framework/src/Illuminate/Database/Query/Builder.php(3602): Illuminate/Database/Connection->update('update `users` ...', Array)
#6 D:/Project/cmms/app/Http/Controllers/CMMSController.php(105): Illuminate/Database/Query/Builder->update(Array)
#7 D:/Project/cmms/vendor/laravel/framework/src/Illuminate/Routing/Controller.php(54): App/Http/Controllers/CMMSController->updateProfile(Object(Illuminate/Http/Request))
#8 D:/Project/cmms/vendor/laravel/framework/src/Illuminate/Routing/ControllerDispatcher.php(43): Illuminate/Routing/Controller->callAction('updateProfile', Array)
#9 D:/Project/cmms/vendor/laravel/framework/src/Illuminate/Routing/Route.php(259): Illuminate/Routing/ControllerDispatcher->dispatch(Object(Illuminate/Routing/Route), Object(App/Http/Controllers/CMMSController), 'updateProfile')
#10 D:/Project/cmms/vendor/laravel/framework/src/Illuminate/Routing/Route.php(205): Illuminate/Routing/Route->runController()
#11 D:/Project/cmms/vendor/laravel/framework/src/Illuminate/Routing/Router.php(806): Illuminate/Routing/Route->run()
#12 D:/Project/cmms/vendor/laravel/framework/src/Illuminate/Pipeline/Pipeline.php(144): Illuminate/Routing/Router->Illuminate/Routing/{closure}(Object(Illuminate/Http/Request))
#13 D:/Project/cmms/vendor/laravel/framework/src/Illuminate/Routing/Middleware/SubstituteBindings.php(50): Illuminate/Pipeline/Pipeline->Illuminate/Pipeline/{closure}(Object(Illuminate/Http/Request))
#14 D:/Project/cmms/vendor/laravel/framework/src/Illuminate/Pipeline/Pipeline.php(183): Illuminate/Routing/Middleware/SubstituteBindings->handle(Object(Illuminate/Http/Request), Object(Closure))
#15 D:/Project/cmms/vendor/laravel/framework/src/Illuminate/Foundation/Http/Middleware/VerifyCsrfToken.php(78): Illuminate/Pipeline/Pipeline->Illuminate/Pipeline/{closure}(Object(Illuminate/Http/Request))
#16 D:/Project/cmms/vendor/laravel/framework/src/Illuminate/Pipeline/Pipeline.php(183): Illuminate/Foundation/Http/Middleware/VerifyCsrfToken->handle(Object(Illuminate/Http/Request), Object(Closure))
#17 D:/Project/cmms/vendor/laravel/framework/src/Illuminate/View/Middleware/ShareErrorsFromSession.php(49): Illuminate/Pipeline/Pipeline->Illuminate/Pipeline/{closure}(Object(Illuminate/Http/Request))
#18 D:/Project/cmms/vendor/laravel/framework/src/Illuminate/Pipeline/Pipeline.php(183): Illuminate/View/Middleware/ShareErrorsFromSession->handle(Object(Illuminate/Http/Request), Object(Closure))
#19 D:/Project/cmms/vendor/laravel/framework/src/Illuminate/Session/Middleware/StartSession.php(121): Illuminate/Pipeline/Pipeline->Illuminate/Pipeline/{closure}(Object(Illuminate/Http/Request))
#20 D:/Project/cmms/vendor/laravel/framework/src/Illuminate/Session/Middleware/StartSession.php(64): Illuminate/Session/Middleware/StartSession->handleStatefulRequest(Object(Illuminate/Http/Request), Object(Illuminate/Session/Store), Object(Closure))
#21 D:/Project/cmms/vendor/laravel/framework/src/Illuminate/Pipeline/Pipeline.php(183): Illuminate/Session/Middleware/StartSession->handle(Object(Illuminate/Http/Request), Object(Closure))
#22 D:/Project/cmms/vendor/laravel/framework/src/Illuminate/Cookie/Middleware/AddQueuedCookiesToResponse.php(37): Illuminate/Pipeline/Pipeline->Illuminate/Pipeline/{closure}(Object(Illuminate/Http/Request))
#23 D:/Project/cmms/vendor/laravel/framework/src/Illuminate/Pipeline/Pipeline.php(183): Illuminate/Cookie/Middleware/AddQueuedCookiesToResponse->handle(Object(Illuminate/Http/Request), Object(Closure))
#24 D:/Project/cmms/vendor/laravel/framework/src/Illuminate/Cookie/Middleware/EncryptCookies.php(67): Illuminate/Pipeline/Pipeline->Illuminate/Pipeline/{closure}(Object(Illuminate/Http/Request))
#25 D:/Project/cmms/vendor/laravel/framework/src/Illuminate/Pipeline/Pipeline.php(183): Illuminate/Cookie/Middleware/EncryptCookies->handle(Object(Illuminate/Http/Request), Object(Closure))
#26 D:/Project/cmms/vendor/laravel/framework/src/Illuminate/Pipeline/Pipeline.php(119): Illuminate/Pipeline/Pipeline->Illuminate/Pipeline/{closure}(Object(Illuminate/Http/Request))
#27 D:/Project/cmms/vendor/laravel/framework/src/Illuminate/Routing/Router.php(805): Illuminate/Pipeline/Pipeline->then(Object(Closure))
#28 D:/Project/cmms/vendor/laravel/framework/src/Illuminate/Routing/Router.php(784): Illuminate/Routing/Router->runRouteWithinStack(Object(Illuminate/Routing/Route), Object(Illuminate/Http/Request))
#29 D:/Project/cmms/vendor/laravel/framework/src/Illuminate/Routing/Router.php(748): Illuminate/Routing/Router->runRoute(Object(Illuminate/Http/Request), Object(Illuminate/Routing/Route))
#30 D:/Project/cmms/vendor/laravel/framework/src/Illuminate/Routing/Router.php(737): Illuminate/Routing/Router->dispatchToRoute(Object(Illuminate/Http/Request))
#31 D:/Project/cmms/vendor/laravel/framework/src/Illuminate/Foundation/Http/Kernel.php(200): Illuminate/Routing/Router->dispatch(Object(Illuminate/Http/Request))
#32 D:/Project/cmms/vendor/laravel/framework/src/Illuminate/Pipeline/Pipeline.php(144): Illuminate/Foundation/Http/Kernel->Illuminate/Foundation/Http/{closure}(Object(Illuminate/Http/Request))
#33 D:/Project/cmms/vendor/laravel/framework/src/Illuminate/Http/Middleware/TrustProxies.php(39): Illuminate/Pipeline/Pipeline->Illuminate/Pipeline/{closure}(Object(Illuminate/Http/Request))
#34 D:/Project/cmms/vendor/laravel/framework/src/Illuminate/Pipeline/Pipeline.php(183): Illuminate/Http/Middleware/TrustProxies->handle(Object(Illuminate/Http/Request), Object(Closure))
#35 D:/Project/cmms/vendor/laravel/framework/src/Illuminate/Foundation/Http/Middleware/TransformsRequest.php(21): Illuminate/Pipeline/Pipeline->Illuminate/Pipeline/{closure}(Object(Illuminate/Http/Request))
#36 D:/Project/cmms/vendor/laravel/framework/src/Illuminate/Foundation/Http/Middleware/ConvertEmptyStringsToNull.php(31): Illuminate/Foundation/Http/Middleware/TransformsRequest->handle(Object(Illuminate/Http/Request), Object(Closure))
#37 D:/Project/cmms/vendor/laravel/framework/src/Illuminate/Pipeline/Pipeline.php(183): Illuminate/Foundation/Http/Middleware/ConvertEmptyStringsToNull->handle(Object(Illuminate/Http/Request), Object(Closure))
#38 D:/Project/cmms/vendor/laravel/framework/src/Illuminate/Foundation/Http/Middleware/TransformsRequest.php(21): Illuminate/Pipeline/Pipeline->Illuminate/Pipeline/{closure}(Object(Illuminate/Http/Request))
#39 D:/Project/cmms/vendor/laravel/framework/src/Illuminate/Foundation/Http/Middleware/TrimStrings.php(40): Illuminate/Foundation/Http/Middleware/TransformsRequest->handle(Object(Illuminate/Http/Request), Object(Closure))
#40 D:/Project/cmms/vendor/laravel/framework/src/Illuminate/Pipeline/Pipeline.php(183): Illuminate/Foundation/Http/Middleware/TrimStrings->handle(Object(Illuminate/Http/Request), Object(Closure))
#41 D:/Project/cmms/vendor/laravel/framework/src/Illuminate/Foundation/Http/Middleware/ValidatePostSize.php(27): Illuminate/Pipeline/Pipeline->Illuminate/Pipeline/{closure}(Object(Illuminate/Http/Request))
#42 D:/Project/cmms/vendor/laravel/framework/src/Illuminate/Pipeline/Pipeline.php(183): Illuminate/Foundation/Http/Middleware/ValidatePostSize->handle(Object(Illuminate/Http/Request), Object(Closure))
#43 D:/Project/cmms/vendor/laravel/framework/src/Illuminate/Foundation/Http/Middleware/PreventRequestsDuringMaintenance.php(99): Illuminate/Pipeline/Pipeline->Illuminate/Pipeline/{closure}(Object(Illuminate/Http/Request))
#44 D:/Project/cmms/vendor/laravel/framework/src/Illuminate/Pipeline/Pipeline.php(183): Illuminate/Foundation/Http/Middleware/PreventRequestsDuringMaintenance->handle(Object(Illuminate/Http/Request), Object(Closure))
#45 D:/Project/cmms/vendor/laravel/framework/src/Illuminate/Pipeline/Pipeline.php(119): Illuminate/Pipeline/Pipeline->Illuminate/Pipeline/{closure}(Object(Illuminate/Http/Request))
#46 D:/Project/cmms/vendor/laravel/framework/src/Illuminate/Foundation/Http/Kernel.php(175): Illuminate/Pipeline/Pipeline->then(Object(Closure))
#47 D:/Project/cmms/vendor/laravel/framework/src/Illuminate/Foundation/Http/Kernel.php(144): Illuminate/Foundation/Http/Kernel->sendRequestThroughRouter(Object(Illuminate/Http/Request))
#48 D:/Project/cmms/public/index.php(14): Illuminate/Foundation/Http/Kernel->handle(Object(Illuminate/Http/Request))
#49 D:/Project/cmms/vendor/laravel/framework/src/Illuminate/Foundation/resources/server.php(16): require_once('D://Project//cmms...')
#50 {main}
"} 
[2026-08-09 04:25:01] local.ERROR: SQLSTATE[42S22]: Column not found: 1054 Unknown column 'photo' in 'field list' (Connection: mysql, SQL: update `users` set `name` = Ahmad Supriadi, `photo` = uploads/photos/photo_1786249501_8e7502d7.png, `updated_at` = 2026-08-09 04:25:01 where `id` = 1) {"exception":"[object] (Illuminate\\Database\\QueryException(code: 42S22): SQLSTATE[42S22]: Column not found: 1054 Unknown column 'photo' in 'field list' (Connection: mysql, SQL: update `users` set `name` = Ahmad Supriadi, `photo` = uploads/photos/photo_1786249501_8e7502d7.png, `updated_at` = 2026-08-09 04:25:01 where `id` = 1) at D:/Project/cmms/vendor/laravel/framework/src/Illuminate/Database/Connection.php:829)
[stacktrace]
#0 D:/Project/cmms/vendor/laravel/framework/src/Illuminate/Database/Connection.php(783): Illuminate/Database/Connection->runQueryCallback('update `users` ...', Array, Object(Closure))
#1 D:/Project/cmms/vendor/laravel/framework/src/Illuminate/Database/Connection.php(600): Illuminate/Database/Connection->run('update `users` ...', Array, Object(Closure))
#2 D:/Project/cmms/vendor/laravel/framework/src/Illuminate/Database/Connection.php(552): Illuminate/Database/Connection->affectingStatement('update `users` ...', Array)
#3 D:/Project/cmms/vendor/laravel/framework/src/Illuminate/Database/Query/Builder.php(3602): Illuminate/Database/Connection->update('update `users` ...', Array)
#4 D:/Project/cmms/app/Http/Controllers/CMMSController.php(105): Illuminate/Database/Query/Builder->update(Array)
#5 D:/Project/cmms/vendor/laravel/framework/src/Illuminate/Routing/Controller.php(54): App/Http/Controllers/CMMSController->updateProfile(Object(Illuminate/Http/Request))
#6 D:/Project/cmms/vendor/laravel/framework/src/Illuminate/Routing/ControllerDispatcher.php(43): Illuminate/Routing/Controller->callAction('updateProfile', Array)
#7 D:/Project/cmms/vendor/laravel/framework/src/Illuminate/Routing/Route.php(259): Illuminate/Routing/ControllerDispatcher->dispatch(Object(Illuminate/Routing/Route), Object(App/Http/Controllers/CMMSController), 'updateProfile')
#8 D:/Project/cmms/vendor/laravel/framework/src/Illuminate/Routing/Route.php(205): Illuminate/Routing/Route->runController()
#9 D:/Project/cmms/vendor/laravel/framework/src/Illuminate/Routing/Router.php(806): Illuminate/Routing/Route->run()
#10 D:/Project/cmms/vendor/laravel/framework/src/Illuminate/Pipeline/Pipeline.php(144): Illuminate/Routing/Router->Illuminate/Routing/{closure}(Object(Illuminate/Http/Request))
#11 D:/Project/cmms/vendor/laravel/framework/src/Illuminate/Routing/Middleware/SubstituteBindings.php(50): Illuminate/Pipeline/Pipeline->Illuminate/Pipeline/{closure}(Object(Illuminate/Http/Request))
#12 D:/Project/cmms/vendor/laravel/framework/src/Illuminate/Pipeline/Pipeline.php(183): Illuminate/Routing/Middleware/SubstituteBindings->handle(Object(Illuminate/Http/Request), Object(Closure))
#13 D:/Project/cmms/vendor/laravel/framework/src/Illuminate/Foundation/Http/Middleware/VerifyCsrfToken.php(78): Illuminate/Pipeline/Pipeline->Illuminate/Pipeline/{closure}(Object(Illuminate/Http/Request))
#14 D:/Project/cmms/vendor/laravel/framework/src/Illuminate/Pipeline/Pipeline.php(183): Illuminate/Foundation/Http/Middleware/VerifyCsrfToken->handle(Object(Illuminate/Http/Request), Object(Closure))
#15 D:/Project/cmms/vendor/laravel/framework/src/Illuminate/View/Middleware/ShareErrorsFromSession.php(49): Illuminate/Pipeline/Pipeline->Illuminate/Pipeline/{closure}(Object(Illuminate/Http/Request))
#16 D:/Project/cmms/vendor/laravel/framework/src/Illuminate/Pipeline/Pipeline.php(183): Illuminate/View/Middleware/ShareErrorsFromSession->handle(Object(Illuminate/Http/Request), Object(Closure))
#17 D:/Project/cmms/vendor/laravel/framework/src/Illuminate/Session/Middleware/StartSession.php(121): Illuminate/Pipeline/Pipeline->Illuminate/Pipeline/{closure}(Object(Illuminate/Http/Request))
#18 D:/Project/cmms/vendor/laravel/framework/src/Illuminate/Session/Middleware/StartSession.php(64): Illuminate/Session/Middleware/StartSession->handleStatefulRequest(Object(Illuminate/Http/Request), Object(Illuminate/Session/Store), Object(Closure))
#19 D:/Project/cmms/vendor/laravel/framework/src/Illuminate/Pipeline/Pipeline.php(183): Illuminate/Session/Middleware/StartSession->handle(Object(Illuminate/Http/Request), Object(Closure))
#20 D:/Project/cmms/vendor/laravel/framework/src/Illuminate/Cookie/Middleware/AddQueuedCookiesToResponse.php(37): Illuminate/Pipeline/Pipeline->Illuminate/Pipeline/{closure}(Object(Illuminate/Http/Request))
#21 D:/Project/cmms/vendor/laravel/framework/src/Illuminate/Pipeline/Pipeline.php(183): Illuminate/Cookie/Middleware/AddQueuedCookiesToResponse->handle(Object(Illuminate/Http/Request), Object(Closure))
#22 D:/Project/cmms/vendor/laravel/framework/src/Illuminate/Cookie/Middleware/EncryptCookies.php(67): Illuminate/Pipeline/Pipeline->Illuminate/Pipeline/{closure}(Object(Illuminate/Http/Request))
#23 D:/Project/cmms/vendor/laravel/framework/src/Illuminate/Pipeline/Pipeline.php(183): Illuminate/Cookie/Middleware/EncryptCookies->handle(Object(Illuminate/Http/Request), Object(Closure))
#24 D:/Project/cmms/vendor/laravel/framework/src/Illuminate/Pipeline/Pipeline.php(119): Illuminate/Pipeline/Pipeline->Illuminate/Pipeline/{closure}(Object(Illuminate/Http/Request))
#25 D:/Project/cmms/vendor/laravel/framework/src/Illuminate/Routing/Router.php(805): Illuminate/Pipeline/Pipeline->then(Object(Closure))
#26 D:/Project/cmms/vendor/laravel/framework/src/Illuminate/Routing/Router.php(784): Illuminate/Routing/Router->runRouteWithinStack(Object(Illuminate/Routing/Route), Object(Illuminate/Http/Request))
#27 D:/Project/cmms/vendor/laravel/framework/src/Illuminate/Routing/Router.php(748): Illuminate/Routing/Router->runRoute(Object(Illuminate/Http/Request), Object(Illuminate/Routing/Route))
#28 D:/Project/cmms/vendor/laravel/framework/src/Illuminate/Routing/Router.php(737): Illuminate/Routing/Router->dispatchToRoute(Object(Illuminate/Http/Request))
#29 D:/Project/cmms/vendor/laravel/framework/src/Illuminate/Foundation/Http/Kernel.php(200): Illuminate/Routing/Router->dispatch(Object(Illuminate/Http/Request))
#30 D:/Project/cmms/vendor/laravel/framework/src/Illuminate/Pipeline/Pipeline.php(144): Illuminate/Foundation/Http/Kernel->Illuminate/Foundation/Http/{closure}(Object(Illuminate/Http/Request))
#31 D:/Project/cmms/vendor/laravel/framework/src/Illuminate/Http/Middleware/TrustProxies.php(39): Illuminate/Pipeline/Pipeline->Illuminate/Pipeline/{closure}(Object(Illuminate/Http/Request))
#32 D:/Project/cmms/vendor/laravel/framework/src/Illuminate/Pipeline/Pipeline.php(183): Illuminate/Http/Middleware/TrustProxies->handle(Object(Illuminate/Http/Request), Object(Closure))
#33 D:/Project/cmms/vendor/laravel/framework/src/Illuminate/Foundation/Http/Middleware/TransformsRequest.php(21): Illuminate/Pipeline/Pipeline->Illuminate/Pipeline/{closure}(Object(Illuminate/Http/Request))
#34 D:/Project/cmms/vendor/laravel/framework/src/Illuminate/Foundation/Http/Middleware/ConvertEmptyStringsToNull.php(31): Illuminate/Foundation/Http/Middleware/TransformsRequest->handle(Object(Illuminate/Http/Request), Object(Closure))
#35 D:/Project/cmms/vendor/laravel/framework/src/Illuminate/Pipeline/Pipeline.php(183): Illuminate/Foundation/Http/Middleware/ConvertEmptyStringsToNull->handle(Object(Illuminate/Http/Request), Object(Closure))
#36 D:/Project/cmms/vendor/laravel/framework/src/Illuminate/Foundation/Http/Middleware/TransformsRequest.php(21): Illuminate/Pipeline/Pipeline->Illuminate/Pipeline/{closure}(Object(Illuminate/Http/Request))
#37 D:/Project/cmms/vendor/laravel/framework/src/Illuminate/Foundation/Http/Middleware/TrimStrings.php(40): Illuminate/Foundation/Http/Middleware/TransformsRequest->handle(Object(Illuminate/Http/Request), Object(Closure))
#38 D:/Project/cmms/vendor/laravel/framework/src/Illuminate/Pipeline/Pipeline.php(183): Illuminate/Foundation/Http/Middleware/TrimStrings->handle(Object(Illuminate/Http/Request), Object(Closure))
#39 D:/Project/cmms/vendor/laravel/framework/src/Illuminate/Foundation/Http/Middleware/ValidatePostSize.php(27): Illuminate/Pipeline/Pipeline->Illuminate/Pipeline/{closure}(Object(Illuminate/Http/Request))
#40 D:/Project/cmms/vendor/laravel/framework/src/Illuminate/Pipeline/Pipeline.php(183): Illuminate/Foundation/Http/Middleware/ValidatePostSize->handle(Object(Illuminate/Http/Request), Object(Closure))
#41 D:/Project/cmms/vendor/laravel/framework/src/Illuminate/Foundation/Http/Middleware/PreventRequestsDuringMaintenance.php(99): Illuminate/Pipeline/Pipeline->Illuminate/Pipeline/{closure}(Object(Illuminate/Http/Request))
#42 D:/Project/cmms/vendor/laravel/framework/src/Illuminate/Pipeline/Pipeline.php(183): Illuminate/Foundation/Http/Middleware/PreventRequestsDuringMaintenance->handle(Object(Illuminate/Http/Request), Object(Closure))
#43 D:/Project/cmms/vendor/laravel/framework/src/Illuminate/Pipeline/Pipeline.php(119): Illuminate/Pipeline/Pipeline->Illuminate/Pipeline/{closure}(Object(Illuminate/Http/Request))
#44 D:/Project/cmms/vendor/laravel/framework/src/Illuminate/Foundation/Http/Kernel.php(175): Illuminate/Pipeline/Pipeline->then(Object(Closure))
#45 D:/Project/cmms/vendor/laravel/framework/src/Illuminate/Foundation/Http/Kernel.php(144): Illuminate/Foundation/Http/Kernel->sendRequestThroughRouter(Object(Illuminate/Http/Request))
#46 D:/Project/cmms/public/index.php(14): Illuminate/Foundation/Http/Kernel->handle(Object(Illuminate/Http/Request))
#47 D:/Project/cmms/vendor/laravel/framework/src/Illuminate/Foundation/resources/server.php(16): require_once('D://Project//cmms...')
#48 {main}

[previous exception] [object] (PDOException(code: 42S22): SQLSTATE[42S22]: Column not found: 1054 Unknown column 'photo' in 'field list' at D:/Project/cmms/vendor/laravel/framework/src/Illuminate/Database/Connection.php:608)
[stacktrace]
#0 D:/Project/cmms/vendor/laravel/framework/src/Illuminate/Database/Connection.php(608): PDO->prepare('update `users` ...')
#1 D:/Project/cmms/vendor/laravel/framework/src/Illuminate/Database/Connection.php(816): Illuminate/Database/Connection->Illuminate/Database/{closure}('update `users` ...', Array)
#2 D:/Project/cmms/vendor/laravel/framework/src/Illuminate/Database/Connection.php(783): Illuminate/Database/Connection->runQueryCallback('update `users` ...', Array, Object(Closure))
#3 D:/Project/cmms/vendor/laravel/framework/src/Illuminate/Database/Connection.php(600): Illuminate/Database/Connection->run('update `users` ...', Array, Object(Closure))
#4 D:/Project/cmms/vendor/laravel/framework/src/Illuminate/Database/Connection.php(552): Illuminate/Database/Connection->affectingStatement('update `users` ...', Array)
#5 D:/Project/cmms/vendor/laravel/framework/src/Illuminate/Database/Query/Builder.php(3602): Illuminate/Database/Connection->update('update `users` ...', Array)
#6 D:/Project/cmms/app/Http/Controllers/CMMSController.php(105): Illuminate/Database/Query/Builder->update(Array)
#7 D:/Project/cmms/vendor/laravel/framework/src/Illuminate/Routing/Controller.php(54): App/Http/Controllers/CMMSController->updateProfile(Object(Illuminate/Http/Request))
#8 D:/Project/cmms/vendor/laravel/framework/src/Illuminate/Routing/ControllerDispatcher.php(43): Illuminate/Routing/Controller->callAction('updateProfile', Array)
#9 D:/Project/cmms/vendor/laravel/framework/src/Illuminate/Routing/Route.php(259): Illuminate/Routing/ControllerDispatcher->dispatch(Object(Illuminate/Routing/Route), Object(App/Http/Controllers/CMMSController), 'updateProfile')
#10 D:/Project/cmms/vendor/laravel/framework/src/Illuminate/Routing/Route.php(205): Illuminate/Routing/Route->runController()
#11 D:/Project/cmms/vendor/laravel/framework/src/Illuminate/Routing/Router.php(806): Illuminate/Routing/Route->run()
#12 D:/Project/cmms/vendor/laravel/framework/src/Illuminate/Pipeline/Pipeline.php(144): Illuminate/Routing/Router->Illuminate/Routing/{closure}(Object(Illuminate/Http/Request))
#13 D:/Project/cmms/vendor/laravel/framework/src/Illuminate/Routing/Middleware/SubstituteBindings.php(50): Illuminate/Pipeline/Pipeline->Illuminate/Pipeline/{closure}(Object(Illuminate/Http/Request))
#14 D:/Project/cmms/vendor/laravel/framework/src/Illuminate/Pipeline/Pipeline.php(183): Illuminate/Routing/Middleware/SubstituteBindings->handle(Object(Illuminate/Http/Request), Object(Closure))
#15 D:/Project/cmms/vendor/laravel/framework/src/Illuminate/Foundation/Http/Middleware/VerifyCsrfToken.php(78): Illuminate/Pipeline/Pipeline->Illuminate/Pipeline/{closure}(Object(Illuminate/Http/Request))
#16 D:/Project/cmms/vendor/laravel/framework/src/Illuminate/Pipeline/Pipeline.php(183): Illuminate/Foundation/Http/Middleware/VerifyCsrfToken->handle(Object(Illuminate/Http/Request), Object(Closure))
#17 D:/Project/cmms/vendor/laravel/framework/src/Illuminate/View/Middleware/ShareErrorsFromSession.php(49): Illuminate/Pipeline/Pipeline->Illuminate/Pipeline/{closure}(Object(Illuminate/Http/Request))
#18 D:/Project/cmms/vendor/laravel/framework/src/Illuminate/Pipeline/Pipeline.php(183): Illuminate/View/Middleware/ShareErrorsFromSession->handle(Object(Illuminate/Http/Request), Object(Closure))
#19 D:/Project/cmms/vendor/laravel/framework/src/Illuminate/Session/Middleware/StartSession.php(121): Illuminate/Pipeline/Pipeline->Illuminate/Pipeline/{closure}(Object(Illuminate/Http/Request))
#20 D:/Project/cmms/vendor/laravel/framework/src/Illuminate/Session/Middleware/StartSession.php(64): Illuminate/Session/Middleware/StartSession->handleStatefulRequest(Object(Illuminate/Http/Request), Object(Illuminate/Session/Store), Object(Closure))
#21 D:/Project/cmms/vendor/laravel/framework/src/Illuminate/Pipeline/Pipeline.php(183): Illuminate/Session/Middleware/StartSession->handle(Object(Illuminate/Http/Request), Object(Closure))
#22 D:/Project/cmms/vendor/laravel/framework/src/Illuminate/Cookie/Middleware/AddQueuedCookiesToResponse.php(37): Illuminate/Pipeline/Pipeline->Illuminate/Pipeline/{closure}(Object(Illuminate/Http/Request))
#23 D:/Project/cmms/vendor/laravel/framework/src/Illuminate/Pipeline/Pipeline.php(183): Illuminate/Cookie/Middleware/AddQueuedCookiesToResponse->handle(Object(Illuminate/Http/Request), Object(Closure))
#24 D:/Project/cmms/vendor/laravel/framework/src/Illuminate/Cookie/Middleware/EncryptCookies.php(67): Illuminate/Pipeline/Pipeline->Illuminate/Pipeline/{closure}(Object(Illuminate/Http/Request))
#25 D:/Project/cmms/vendor/laravel/framework/src/Illuminate/Pipeline/Pipeline.php(183): Illuminate/Cookie/Middleware/EncryptCookies->handle(Object(Illuminate/Http/Request), Object(Closure))
#26 D:/Project/cmms/vendor/laravel/framework/src/Illuminate/Pipeline/Pipeline.php(119): Illuminate/Pipeline/Pipeline->Illuminate/Pipeline/{closure}(Object(Illuminate/Http/Request))
#27 D:/Project/cmms/vendor/laravel/framework/src/Illuminate/Routing/Router.php(805): Illuminate/Pipeline/Pipeline->then(Object(Closure))
#28 D:/Project/cmms/vendor/laravel/framework/src/Illuminate/Routing/Router.php(784): Illuminate/Routing/Router->runRouteWithinStack(Object(Illuminate/Routing/Route), Object(Illuminate/Http/Request))
#29 D:/Project/cmms/vendor/laravel/framework/src/Illuminate/Routing/Router.php(748): Illuminate/Routing/Router->runRoute(Object(Illuminate/Http/Request), Object(Illuminate/Routing/Route))
#30 D:/Project/cmms/vendor/laravel/framework/src/Illuminate/Routing/Router.php(737): Illuminate/Routing/Router->dispatchToRoute(Object(Illuminate/Http/Request))
#31 D:/Project/cmms/vendor/laravel/framework/src/Illuminate/Foundation/Http/Kernel.php(200): Illuminate/Routing/Router->dispatch(Object(Illuminate/Http/Request))
#32 D:/Project/cmms/vendor/laravel/framework/src/Illuminate/Pipeline/Pipeline.php(144): Illuminate/Foundation/Http/Kernel->Illuminate/Foundation/Http/{closure}(Object(Illuminate/Http/Request))
#33 D:/Project/cmms/vendor/laravel/framework/src/Illuminate/Http/Middleware/TrustProxies.php(39): Illuminate/Pipeline/Pipeline->Illuminate/Pipeline/{closure}(Object(Illuminate/Http/Request))
#34 D:/Project/cmms/vendor/laravel/framework/src/Illuminate/Pipeline/Pipeline.php(183): Illuminate/Http/Middleware/TrustProxies->handle(Object(Illuminate/Http/Request), Object(Closure))
#35 D:/Project/cmms/vendor/laravel/framework/src/Illuminate/Foundation/Http/Middleware/TransformsRequest.php(21): Illuminate/Pipeline/Pipeline->Illuminate/Pipeline/{closure}(Object(Illuminate/Http/Request))
#36 D:/Project/cmms/vendor/laravel/framework/src/Illuminate/Foundation/Http/Middleware/ConvertEmptyStringsToNull.php(31): Illuminate/Foundation/Http/Middleware/TransformsRequest->handle(Object(Illuminate/Http/Request), Object(Closure))
#37 D:/Project/cmms/vendor/laravel/framework/src/Illuminate/Pipeline/Pipeline.php(183): Illuminate/Foundation/Http/Middleware/ConvertEmptyStringsToNull->handle(Object(Illuminate/Http/Request), Object(Closure))
#38 D:/Project/cmms/vendor/laravel/framework/src/Illuminate/Foundation/Http/Middleware/TransformsRequest.php(21): Illuminate/Pipeline/Pipeline->Illuminate/Pipeline/{closure}(Object(Illuminate/Http/Request))
#39 D:/Project/cmms/vendor/laravel/framework/src/Illuminate/Foundation/Http/Middleware/TrimStrings.php(40): Illuminate/Foundation/Http/Middleware/TransformsRequest->handle(Object(Illuminate/Http/Request), Object(Closure))
#40 D:/Project/cmms/vendor/laravel/framework/src/Illuminate/Pipeline/Pipeline.php(183): Illuminate/Foundation/Http/Middleware/TrimStrings->handle(Object(Illuminate/Http/Request), Object(Closure))
#41 D:/Project/cmms/vendor/laravel/framework/src/Illuminate/Foundation/Http/Middleware/ValidatePostSize.php(27): Illuminate/Pipeline/Pipeline->Illuminate/Pipeline/{closure}(Object(Illuminate/Http/Request))
#42 D:/Project/cmms/vendor/laravel/framework/src/Illuminate/Pipeline/Pipeline.php(183): Illuminate/Foundation/Http/Middleware/ValidatePostSize->handle(Object(Illuminate/Http/Request), Object(Closure))
#43 D:/Project/cmms/vendor/laravel/framework/src/Illuminate/Foundation/Http/Middleware/PreventRequestsDuringMaintenance.php(99): Illuminate/Pipeline/Pipeline->Illuminate/Pipeline/{closure}(Object(Illuminate/Http/Request))
#44 D:/Project/cmms/vendor/laravel/framework/src/Illuminate/Pipeline/Pipeline.php(183): Illuminate/Foundation/Http/Middleware/PreventRequestsDuringMaintenance->handle(Object(Illuminate/Http/Request), Object(Closure))
#45 D:/Project/cmms/vendor/laravel/framework/src/Illuminate/Pipeline/Pipeline.php(119): Illuminate/Pipeline/Pipeline->Illuminate/Pipeline/{closure}(Object(Illuminate/Http/Request))
#46 D:/Project/cmms/vendor/laravel/framework/src/Illuminate/Foundation/Http/Kernel.php(175): Illuminate/Pipeline/Pipeline->then(Object(Closure))
#47 D:/Project/cmms/vendor/laravel/framework/src/Illuminate/Foundation/Http/Kernel.php(144): Illuminate/Foundation/Http/Kernel->sendRequestThroughRouter(Object(Illuminate/Http/Request))
#48 D:/Project/cmms/public/index.php(14): Illuminate/Foundation/Http/Kernel->handle(Object(Illuminate/Http/Request))
#49 D:/Project/cmms/vendor/laravel/framework/src/Illuminate/Foundation/resources/server.php(16): require_once('D://Project//cmms...')
#50 {main}
"} 
[2026-08-09 04:25:06] local.ERROR: SQLSTATE[42S22]: Column not found: 1054 Unknown column 'photo' in 'field list' (Connection: mysql, SQL: update `users` set `name` = Ahmad Supriadi, `photo` = uploads/photos/photo_1786249506_23a6f5e1.png, `updated_at` = 2026-08-09 04:25:06 where `id` = 1) {"exception":"[object] (Illuminate\\Database\\QueryException(code: 42S22): SQLSTATE[42S22]: Column not found: 1054 Unknown column 'photo' in 'field list' (Connection: mysql, SQL: update `users` set `name` = Ahmad Supriadi, `photo` = uploads/photos/photo_1786249506_23a6f5e1.png, `updated_at` = 2026-08-09 04:25:06 where `id` = 1) at D:/Project/cmms/vendor/laravel/framework/src/Illuminate/Database/Connection.php:829)
[stacktrace]
#0 D:/Project/cmms/vendor/laravel/framework/src/Illuminate/Database/Connection.php(783): Illuminate/Database/Connection->runQueryCallback('update `users` ...', Array, Object(Closure))
#1 D:/Project/cmms/vendor/laravel/framework/src/Illuminate/Database/Connection.php(600): Illuminate/Database/Connection->run('update `users` ...', Array, Object(Closure))
#2 D:/Project/cmms/vendor/laravel/framework/src/Illuminate/Database/Connection.php(552): Illuminate/Database/Connection->affectingStatement('update `users` ...', Array)
#3 D:/Project/cmms/vendor/laravel/framework/src/Illuminate/Database/Query/Builder.php(3602): Illuminate/Database/Connection->update('update `users` ...', Array)
#4 D:/Project/cmms/app/Http/Controllers/CMMSController.php(105): Illuminate/Database/Query/Builder->update(Array)
#5 D:/Project/cmms/vendor/laravel/framework/src/Illuminate/Routing/Controller.php(54): App/Http/Controllers/CMMSController->updateProfile(Object(Illuminate/Http/Request))
#6 D:/Project/cmms/vendor/laravel/framework/src/Illuminate/Routing/ControllerDispatcher.php(43): Illuminate/Routing/Controller->callAction('updateProfile', Array)
#7 D:/Project/cmms/vendor/laravel/framework/src/Illuminate/Routing/Route.php(259): Illuminate/Routing/ControllerDispatcher->dispatch(Object(Illuminate/Routing/Route), Object(App/Http/Controllers/CMMSController), 'updateProfile')
#8 D:/Project/cmms/vendor/laravel/framework/src/Illuminate/Routing/Route.php(205): Illuminate/Routing/Route->runController()
#9 D:/Project/cmms/vendor/laravel/framework/src/Illuminate/Routing/Router.php(806): Illuminate/Routing/Route->run()
#10 D:/Project/cmms/vendor/laravel/framework/src/Illuminate/Pipeline/Pipeline.php(144): Illuminate/Routing/Router->Illuminate/Routing/{closure}(Object(Illuminate/Http/Request))
#11 D:/Project/cmms/vendor/laravel/framework/src/Illuminate/Routing/Middleware/SubstituteBindings.php(50): Illuminate/Pipeline/Pipeline->Illuminate/Pipeline/{closure}(Object(Illuminate/Http/Request))
#12 D:/Project/cmms/vendor/laravel/framework/src/Illuminate/Pipeline/Pipeline.php(183): Illuminate/Routing/Middleware/SubstituteBindings->handle(Object(Illuminate/Http/Request), Object(Closure))
#13 D:/Project/cmms/vendor/laravel/framework/src/Illuminate/Foundation/Http/Middleware/VerifyCsrfToken.php(78): Illuminate/Pipeline/Pipeline->Illuminate/Pipeline/{closure}(Object(Illuminate/Http/Request))
#14 D:/Project/cmms/vendor/laravel/framework/src/Illuminate/Pipeline/Pipeline.php(183): Illuminate/Foundation/Http/Middleware/VerifyCsrfToken->handle(Object(Illuminate/Http/Request), Object(Closure))
#15 D:/Project/cmms/vendor/laravel/framework/src/Illuminate/View/Middleware/ShareErrorsFromSession.php(49): Illuminate/Pipeline/Pipeline->Illuminate/Pipeline/{closure}(Object(Illuminate/Http/Request))
#16 D:/Project/cmms/vendor/laravel/framework/src/Illuminate/Pipeline/Pipeline.php(183): Illuminate/View/Middleware/ShareErrorsFromSession->handle(Object(Illuminate/Http/Request), Object(Closure))
#17 D:/Project/cmms/vendor/laravel/framework/src/Illuminate/Session/Middleware/StartSession.php(121): Illuminate/Pipeline/Pipeline->Illuminate/Pipeline/{closure}(Object(Illuminate/Http/Request))
#18 D:/Project/cmms/vendor/laravel/framework/src/Illuminate/Session/Middleware/StartSession.php(64): Illuminate/Session/Middleware/StartSession->handleStatefulRequest(Object(Illuminate/Http/Request), Object(Illuminate/Session/Store), Object(Closure))
#19 D:/Project/cmms/vendor/laravel/framework/src/Illuminate/Pipeline/Pipeline.php(183): Illuminate/Session/Middleware/StartSession->handle(Object(Illuminate/Http/Request), Object(Closure))
#20 D:/Project/cmms/vendor/laravel/framework/src/Illuminate/Cookie/Middleware/AddQueuedCookiesToResponse.php(37): Illuminate/Pipeline/Pipeline->Illuminate/Pipeline/{closure}(Object(Illuminate/Http/Request))
#21 D:/Project/cmms/vendor/laravel/framework/src/Illuminate/Pipeline/Pipeline.php(183): Illuminate/Cookie/Middleware/AddQueuedCookiesToResponse->handle(Object(Illuminate/Http/Request), Object(Closure))
#22 D:/Project/cmms/vendor/laravel/framework/src/Illuminate/Cookie/Middleware/EncryptCookies.php(67): Illuminate/Pipeline/Pipeline->Illuminate/Pipeline/{closure}(Object(Illuminate/Http/Request))
#23 D:/Project/cmms/vendor/laravel/framework/src/Illuminate/Pipeline/Pipeline.php(183): Illuminate/Cookie/Middleware/EncryptCookies->handle(Object(Illuminate/Http/Request), Object(Closure))
#24 D:/Project/cmms/vendor/laravel/framework/src/Illuminate/Pipeline/Pipeline.php(119): Illuminate/Pipeline/Pipeline->Illuminate/Pipeline/{closure}(Object(Illuminate/Http/Request))
#25 D:/Project/cmms/vendor/laravel/framework/src/Illuminate/Routing/Router.php(805): Illuminate/Pipeline/Pipeline->then(Object(Closure))
#26 D:/Project/cmms/vendor/laravel/framework/src/Illuminate/Routing/Router.php(784): Illuminate/Routing/Router->runRouteWithinStack(Object(Illuminate/Routing/Route), Object(Illuminate/Http/Request))
#27 D:/Project/cmms/vendor/laravel/framework/src/Illuminate/Routing/Router.php(748): Illuminate/Routing/Router->runRoute(Object(Illuminate/Http/Request), Object(Illuminate/Routing/Route))
#28 D:/Project/cmms/vendor/laravel/framework/src/Illuminate/Routing/Router.php(737): Illuminate/Routing/Router->dispatchToRoute(Object(Illuminate/Http/Request))
#29 D:/Project/cmms/vendor/laravel/framework/src/Illuminate/Foundation/Http/Kernel.php(200): Illuminate/Routing/Router->dispatch(Object(Illuminate/Http/Request))
#30 D:/Project/cmms/vendor/laravel/framework/src/Illuminate/Pipeline/Pipeline.php(144): Illuminate/Foundation/Http/Kernel->Illuminate/Foundation/Http/{closure}(Object(Illuminate/Http/Request))
#31 D:/Project/cmms/vendor/laravel/framework/src/Illuminate/Http/Middleware/TrustProxies.php(39): Illuminate/Pipeline/Pipeline->Illuminate/Pipeline/{closure}(Object(Illuminate/Http/Request))
#32 D:/Project/cmms/vendor/laravel/framework/src/Illuminate/Pipeline/Pipeline.php(183): Illuminate/Http/Middleware/TrustProxies->handle(Object(Illuminate/Http/Request), Object(Closure))
#33 D:/Project/cmms/vendor/laravel/framework/src/Illuminate/Foundation/Http/Middleware/TransformsRequest.php(21): Illuminate/Pipeline/Pipeline->Illuminate/Pipeline/{closure}(Object(Illuminate/Http/Request))
#34 D:/Project/cmms/vendor/laravel/framework/src/Illuminate/Foundation/Http/Middleware/ConvertEmptyStringsToNull.php(31): Illuminate/Foundation/Http/Middleware/TransformsRequest->handle(Object(Illuminate/Http/Request), Object(Closure))
#35 D:/Project/cmms/vendor/laravel/framework/src/Illuminate/Pipeline/Pipeline.php(183): Illuminate/Foundation/Http/Middleware/ConvertEmptyStringsToNull->handle(Object(Illuminate/Http/Request), Object(Closure))
#36 D:/Project/cmms/vendor/laravel/framework/src/Illuminate/Foundation/Http/Middleware/TransformsRequest.php(21): Illuminate/Pipeline/Pipeline->Illuminate/Pipeline/{closure}(Object(Illuminate/Http/Request))
#37 D:/Project/cmms/vendor/laravel/framework/src/Illuminate/Foundation/Http/Middleware/TrimStrings.php(40): Illuminate/Foundation/Http/Middleware/TransformsRequest->handle(Object(Illuminate/Http/Request), Object(Closure))
#38 D:/Project/cmms/vendor/laravel/framework/src/Illuminate/Pipeline/Pipeline.php(183): Illuminate/Foundation/Http/Middleware/TrimStrings->handle(Object(Illuminate/Http/Request), Object(Closure))
#39 D:/Project/cmms/vendor/laravel/framework/src/Illuminate/Foundation/Http/Middleware/ValidatePostSize.php(27): Illuminate/Pipeline/Pipeline->Illuminate/Pipeline/{closure}(Object(Illuminate/Http/Request))
#40 D:/Project/cmms/vendor/laravel/framework/src/Illuminate/Pipeline/Pipeline.php(183): Illuminate/Foundation/Http/Middleware/ValidatePostSize->handle(Object(Illuminate/Http/Request), Object(Closure))
#41 D:/Project/cmms/vendor/laravel/framework/src/Illuminate/Foundation/Http/Middleware/PreventRequestsDuringMaintenance.php(99): Illuminate/Pipeline/Pipeline->Illuminate/Pipeline/{closure}(Object(Illuminate/Http/Request))
#42 D:/Project/cmms/vendor/laravel/framework/src/Illuminate/Pipeline/Pipeline.php(183): Illuminate/Foundation/Http/Middleware/PreventRequestsDuringMaintenance->handle(Object(Illuminate/Http/Request), Object(Closure))
#43 D:/Project/cmms/vendor/laravel/framework/src/Illuminate/Pipeline/Pipeline.php(119): Illuminate/Pipeline/Pipeline->Illuminate/Pipeline/{closure}(Object(Illuminate/Http/Request))
#44 D:/Project/cmms/vendor/laravel/framework/src/Illuminate/Foundation/Http/Kernel.php(175): Illuminate/Pipeline/Pipeline->then(Object(Closure))
#45 D:/Project/cmms/vendor/laravel/framework/src/Illuminate/Foundation/Http/Kernel.php(144): Illuminate/Foundation/Http/Kernel->sendRequestThroughRouter(Object(Illuminate/Http/Request))
#46 D:/Project/cmms/public/index.php(14): Illuminate/Foundation/Http/Kernel->handle(Object(Illuminate/Http/Request))
#47 D:/Project/cmms/vendor/laravel/framework/src/Illuminate/Foundation/resources/server.php(16): require_once('D://Project//cmms...')
#48 {main}

[previous exception] [object] (PDOException(code: 42S22): SQLSTATE[42S22]: Column not found: 1054 Unknown column 'photo' in 'field list' at D:/Project/cmms/vendor/laravel/framework/src/Illuminate/Database/Connection.php:608)
[stacktrace]
#0 D:/Project/cmms/vendor/laravel/framework/src/Illuminate/Database/Connection.php(608): PDO->prepare('update `users` ...')
#1 D:/Project/cmms/vendor/laravel/framework/src/Illuminate/Database/Connection.php(816): Illuminate/Database/Connection->Illuminate/Database/{closure}('update `users` ...', Array)
#2 D:/Project/cmms/vendor/laravel/framework/src/Illuminate/Database/Connection.php(783): Illuminate/Database/Connection->runQueryCallback('update `users` ...', Array, Object(Closure))
#3 D:/Project/cmms/vendor/laravel/framework/src/Illuminate/Database/Connection.php(600): Illuminate/Database/Connection->run('update `users` ...', Array, Object(Closure))
#4 D:/Project/cmms/vendor/laravel/framework/src/Illuminate/Database/Connection.php(552): Illuminate/Database/Connection->affectingStatement('update `users` ...', Array)
#5 D:/Project/cmms/vendor/laravel/framework/src/Illuminate/Database/Query/Builder.php(3602): Illuminate/Database/Connection->update('update `users` ...', Array)
#6 D:/Project/cmms/app/Http/Controllers/CMMSController.php(105): Illuminate/Database/Query/Builder->update(Array)
#7 D:/Project/cmms/vendor/laravel/framework/src/Illuminate/Routing/Controller.php(54): App/Http/Controllers/CMMSController->updateProfile(Object(Illuminate/Http/Request))
#8 D:/Project/cmms/vendor/laravel/framework/src/Illuminate/Routing/ControllerDispatcher.php(43): Illuminate/Routing/Controller->callAction('updateProfile', Array)
#9 D:/Project/cmms/vendor/laravel/framework/src/Illuminate/Routing/Route.php(259): Illuminate/Routing/ControllerDispatcher->dispatch(Object(Illuminate/Routing/Route), Object(App/Http/Controllers/CMMSController), 'updateProfile')
#10 D:/Project/cmms/vendor/laravel/framework/src/Illuminate/Routing/Route.php(205): Illuminate/Routing/Route->runController()
#11 D:/Project/cmms/vendor/laravel/framework/src/Illuminate/Routing/Router.php(806): Illuminate/Routing/Route->run()
#12 D:/Project/cmms/vendor/laravel/framework/src/Illuminate/Pipeline/Pipeline.php(144): Illuminate/Routing/Router->Illuminate/Routing/{closure}(Object(Illuminate/Http/Request))
#13 D:/Project/cmms/vendor/laravel/framework/src/Illuminate/Routing/Middleware/SubstituteBindings.php(50): Illuminate/Pipeline/Pipeline->Illuminate/Pipeline/{closure}(Object(Illuminate/Http/Request))
#14 D:/Project/cmms/vendor/laravel/framework/src/Illuminate/Pipeline/Pipeline.php(183): Illuminate/Routing/Middleware/SubstituteBindings->handle(Object(Illuminate/Http/Request), Object(Closure))
#15 D:/Project/cmms/vendor/laravel/framework/src/Illuminate/Foundation/Http/Middleware/VerifyCsrfToken.php(78): Illuminate/Pipeline/Pipeline->Illuminate/Pipeline/{closure}(Object(Illuminate/Http/Request))
#16 D:/Project/cmms/vendor/laravel/framework/src/Illuminate/Pipeline/Pipeline.php(183): Illuminate/Foundation/Http/Middleware/VerifyCsrfToken->handle(Object(Illuminate/Http/Request), Object(Closure))
#17 D:/Project/cmms/vendor/laravel/framework/src/Illuminate/View/Middleware/ShareErrorsFromSession.php(49): Illuminate/Pipeline/Pipeline->Illuminate/Pipeline/{closure}(Object(Illuminate/Http/Request))
#18 D:/Project/cmms/vendor/laravel/framework/src/Illuminate/Pipeline/Pipeline.php(183): Illuminate/View/Middleware/ShareErrorsFromSession->handle(Object(Illuminate/Http/Request), Object(Closure))
#19 D:/Project/cmms/vendor/laravel/framework/src/Illuminate/Session/Middleware/StartSession.php(121): Illuminate/Pipeline/Pipeline->Illuminate/Pipeline/{closure}(Object(Illuminate/Http/Request))
#20 D:/Project/cmms/vendor/laravel/framework/src/Illuminate/Session/Middleware/StartSession.php(64): Illuminate/Session/Middleware/StartSession->handleStatefulRequest(Object(Illuminate/Http/Request), Object(Illuminate/Session/Store), Object(Closure))
#21 D:/Project/cmms/vendor/laravel/framework/src/Illuminate/Pipeline/Pipeline.php(183): Illuminate/Session/Middleware/StartSession->handle(Object(Illuminate/Http/Request), Object(Closure))
#22 D:/Project/cmms/vendor/laravel/framework/src/Illuminate/Cookie/Middleware/AddQueuedCookiesToResponse.php(37): Illuminate/Pipeline/Pipeline->Illuminate/Pipeline/{closure}(Object(Illuminate/Http/Request))
#23 D:/Project/cmms/vendor/laravel/framework/src/Illuminate/Pipeline/Pipeline.php(183): Illuminate/Cookie/Middleware/AddQueuedCookiesToResponse->handle(Object(Illuminate/Http/Request), Object(Closure))
#24 D:/Project/cmms/vendor/laravel/framework/src/Illuminate/Cookie/Middleware/EncryptCookies.php(67): Illuminate/Pipeline/Pipeline->Illuminate/Pipeline/{closure}(Object(Illuminate/Http/Request))
#25 D:/Project/cmms/vendor/laravel/framework/src/Illuminate/Pipeline/Pipeline.php(183): Illuminate/Cookie/Middleware/EncryptCookies->handle(Object(Illuminate/Http/Request), Object(Closure))
#26 D:/Project/cmms/vendor/laravel/framework/src/Illuminate/Pipeline/Pipeline.php(119): Illuminate/Pipeline/Pipeline->Illuminate/Pipeline/{closure}(Object(Illuminate/Http/Request))
#27 D:/Project/cmms/vendor/laravel/framework/src/Illuminate/Routing/Router.php(805): Illuminate/Pipeline/Pipeline->then(Object(Closure))
#28 D:/Project/cmms/vendor/laravel/framework/src/Illuminate/Routing/Router.php(784): Illuminate/Routing/Router->runRouteWithinStack(Object(Illuminate/Routing/Route), Object(Illuminate/Http/Request))
#29 D:/Project/cmms/vendor/laravel/framework/src/Illuminate/Routing/Router.php(748): Illuminate/Routing/Router->runRoute(Object(Illuminate/Http/Request), Object(Illuminate/Routing/Route))
#30 D:/Project/cmms/vendor/laravel/framework/src/Illuminate/Routing/Router.php(737): Illuminate/Routing/Router->dispatchToRoute(Object(Illuminate/Http/Request))
#31 D:/Project/cmms/vendor/laravel/framework/src/Illuminate/Foundation/Http/Kernel.php(200): Illuminate/Routing/Router->dispatch(Object(Illuminate/Http/Request))
#32 D:/Project/cmms/vendor/laravel/framework/src/Illuminate/Pipeline/Pipeline.php(144): Illuminate/Foundation/Http/Kernel->Illuminate/Foundation/Http/{closure}(Object(Illuminate/Http/Request))
#33 D:/Project/cmms/vendor/laravel/framework/src/Illuminate/Http/Middleware/TrustProxies.php(39): Illuminate/Pipeline/Pipeline->Illuminate/Pipeline/{closure}(Object(Illuminate/Http/Request))
#34 D:/Project/cmms/vendor/laravel/framework/src/Illuminate/Pipeline/Pipeline.php(183): Illuminate/Http/Middleware/TrustProxies->handle(Object(Illuminate/Http/Request), Object(Closure))
#35 D:/Project/cmms/vendor/laravel/framework/src/Illuminate/Foundation/Http/Middleware/TransformsRequest.php(21): Illuminate/Pipeline/Pipeline->Illuminate/Pipeline/{closure}(Object(Illuminate/Http/Request))
#36 D:/Project/cmms/vendor/laravel/framework/src/Illuminate/Foundation/Http/Middleware/ConvertEmptyStringsToNull.php(31): Illuminate/Foundation/Http/Middleware/TransformsRequest->handle(Object(Illuminate/Http/Request), Object(Closure))
#37 D:/Project/cmms/vendor/laravel/framework/src/Illuminate/Pipeline/Pipeline.php(183): Illuminate/Foundation/Http/Middleware/ConvertEmptyStringsToNull->handle(Object(Illuminate/Http/Request), Object(Closure))
#38 D:/Project/cmms/vendor/laravel/framework/src/Illuminate/Foundation/Http/Middleware/TransformsRequest.php(21): Illuminate/Pipeline/Pipeline->Illuminate/Pipeline/{closure}(Object(Illuminate/Http/Request))
#39 D:/Project/cmms/vendor/laravel/framework/src/Illuminate/Foundation/Http/Middleware/TrimStrings.php(40): Illuminate/Foundation/Http/Middleware/TransformsRequest->handle(Object(Illuminate/Http/Request), Object(Closure))
#40 D:/Project/cmms/vendor/laravel/framework/src/Illuminate/Pipeline/Pipeline.php(183): Illuminate/Foundation/Http/Middleware/TrimStrings->handle(Object(Illuminate/Http/Request), Object(Closure))
#41 D:/Project/cmms/vendor/laravel/framework/src/Illuminate/Foundation/Http/Middleware/ValidatePostSize.php(27): Illuminate/Pipeline/Pipeline->Illuminate/Pipeline/{closure}(Object(Illuminate/Http/Request))
#42 D:/Project/cmms/vendor/laravel/framework/src/Illuminate/Pipeline/Pipeline.php(183): Illuminate/Foundation/Http/Middleware/ValidatePostSize->handle(Object(Illuminate/Http/Request), Object(Closure))
#43 D:/Project/cmms/vendor/laravel/framework/src/Illuminate/Foundation/Http/Middleware/PreventRequestsDuringMaintenance.php(99): Illuminate/Pipeline/Pipeline->Illuminate/Pipeline/{closure}(Object(Illuminate/Http/Request))
#44 D:/Project/cmms/vendor/laravel/framework/src/Illuminate/Pipeline/Pipeline.php(183): Illuminate/Foundation/Http/Middleware/PreventRequestsDuringMaintenance->handle(Object(Illuminate/Http/Request), Object(Closure))
#45 D:/Project/cmms/vendor/laravel/framework/src/Illuminate/Pipeline/Pipeline.php(119): Illuminate/Pipeline/Pipeline->Illuminate/Pipeline/{closure}(Object(Illuminate/Http/Request))
#46 D:/Project/cmms/vendor/laravel/framework/src/Illuminate/Foundation/Http/Kernel.php(175): Illuminate/Pipeline/Pipeline->then(Object(Closure))
#47 D:/Project/cmms/vendor/laravel/framework/src/Illuminate/Foundation/Http/Kernel.php(144): Illuminate/Foundation/Http/Kernel->sendRequestThroughRouter(Object(Illuminate/Http/Request))
#48 D:/Project/cmms/public/index.php(14): Illuminate/Foundation/Http/Kernel->handle(Object(Illuminate/Http/Request))
#49 D:/Project/cmms/vendor/laravel/framework/src/Illuminate/Foundation/resources/server.php(16): require_once('D://Project//cmms...')
#50 {main}
"} 
[2026-08-12 02:10:34] local.ERROR: SQLSTATE[HY000] [2002] No connection could be made because the target machine actively refused it (Connection: mysql, SQL: select table_name as `name`, (data_length + index_length) as `size`, table_comment as `comment`, engine as `engine`, table_collation as `collation` from information_schema.tables where table_schema = 'cmms' and table_type in ('BASE TABLE', 'SYSTEM VERSIONED') order by table_name) {"exception":"[object] (Illuminate\\Database\\QueryException(code: 2002): SQLSTATE[HY000] [2002] No connection could be made because the target machine actively refused it (Connection: mysql, SQL: select table_name as `name`, (data_length + index_length) as `size`, table_comment as `comment`, engine as `engine`, table_collation as `collation` from information_schema.tables where table_schema = 'cmms' and table_type in ('BASE TABLE', 'SYSTEM VERSIONED') order by table_name) at D:/Project/cmms/vendor/laravel/framework/src/Illuminate/Database/Connection.php:829)
[stacktrace]
#0 D:/Project/cmms/vendor/laravel/framework/src/Illuminate/Database/Connection.php(983): Illuminate/Database/Connection->runQueryCallback()
#1 D:/Project/cmms/vendor/laravel/framework/src/Illuminate/Database/Connection.php(962): Illuminate/Database/Connection->tryAgainIfCausedByLostConnection()
#2 D:/Project/cmms/vendor/laravel/framework/src/Illuminate/Database/Connection.php(785): Illuminate/Database/Connection->handleQueryException()
#3 D:/Project/cmms/vendor/laravel/framework/src/Illuminate/Database/Connection.php(414): Illuminate/Database/Connection->run()
#4 D:/Project/cmms/vendor/laravel/framework/src/Illuminate/Database/Connection.php(401): Illuminate/Database/Connection->select()
#5 D:/Project/cmms/vendor/laravel/framework/src/Illuminate/Database/Schema/MySqlBuilder.php(41): Illuminate/Database/Connection->selectFromWriteConnection()
#6 D:/Project/cmms/vendor/laravel/framework/src/Illuminate/Database/Schema/Builder.php(165): Illuminate/Database/Schema/MySqlBuilder->getTables()
#7 D:/Project/cmms/vendor/laravel/framework/src/Illuminate/Database/Migrations/DatabaseMigrationRepository.php(184): Illuminate/Database/Schema/Builder->hasTable()
#8 D:/Project/cmms/vendor/laravel/framework/src/Illuminate/Database/Migrations/Migrator.php(727): Illuminate/Database/Migrations/DatabaseMigrationRepository->repositoryExists()
#9 D:/Project/cmms/vendor/laravel/framework/src/Illuminate/Database/Console/Migrations/StatusCommand.php(53): Illuminate/Database/Migrations/Migrator->repositoryExists()
#10 D:/Project/cmms/vendor/laravel/framework/src/Illuminate/Database/Migrations/Migrator.php(641): Illuminate/Database/Console/Migrations/StatusCommand->{closure:Illuminate/Database/Console/Migrations/StatusCommand::handle():52}()
#11 D:/Project/cmms/vendor/laravel/framework/src/Illuminate/Database/Console/Migrations/StatusCommand.php(52): Illuminate/Database/Migrations/Migrator->usingConnection()
#12 D:/Project/cmms/vendor/laravel/framework/src/Illuminate/Container/BoundMethod.php(36): Illuminate/Database/Console/Migrations/StatusCommand->handle()
#13 D:/Project/cmms/vendor/laravel/framework/src/Illuminate/Container/Util.php(41): Illuminate/Container/BoundMethod::{closure:Illuminate/Container/BoundMethod::call():35}()
#14 D:/Project/cmms/vendor/laravel/framework/src/Illuminate/Container/BoundMethod.php(93): Illuminate/Container/Util::unwrapIfClosure()
#15 D:/Project/cmms/vendor/laravel/framework/src/Illuminate/Container/BoundMethod.php(35): Illuminate/Container/BoundMethod::callBoundMethod()
#16 D:/Project/cmms/vendor/laravel/framework/src/Illuminate/Container/Container.php(662): Illuminate/Container/BoundMethod::call()
#17 D:/Project/cmms/vendor/laravel/framework/src/Illuminate/Console/Command.php(211): Illuminate/Container/Container->call()
#18 D:/Project/cmms/vendor/symfony/console/Command/Command.php(326): Illuminate/Console/Command->execute()
#19 D:/Project/cmms/vendor/laravel/framework/src/Illuminate/Console/Command.php(180): Symfony/Component/Console/Command/Command->run()
#20 D:/Project/cmms/vendor/symfony/console/Application.php(1121): Illuminate/Console/Command->run()
#21 D:/Project/cmms/vendor/symfony/console/Application.php(324): Symfony/Component/Console/Application->doRunCommand()
#22 D:/Project/cmms/vendor/symfony/console/Application.php(175): Symfony/Component/Console/Application->doRun()
#23 D:/Project/cmms/vendor/laravel/framework/src/Illuminate/Foundation/Console/Kernel.php(201): Symfony/Component/Console/Application->run()
#24 D:/Project/cmms/artisan(14): Illuminate/Foundation/Console/Kernel->handle()
#25 {main}

[previous exception] [object] (PDOException(code: 2002): SQLSTATE[HY000] [2002] No connection could be made because the target machine actively refused it at D:/Project/cmms/vendor/laravel/framework/src/Illuminate/Database/Connectors/Connector.php:65)
[stacktrace]
#0 D:/Project/cmms/vendor/laravel/framework/src/Illuminate/Database/Connectors/Connector.php(65): PDO->__construct()
#1 D:/Project/cmms/vendor/laravel/framework/src/Illuminate/Database/Connectors/Connector.php(83): Illuminate/Database/Connectors/Connector->createPdoConnection()
#2 D:/Project/cmms/vendor/laravel/framework/src/Illuminate/Database/Connectors/Connector.php(48): Illuminate/Database/Connectors/Connector->tryAgainIfCausedByLostConnection()
#3 D:/Project/cmms/vendor/laravel/framework/src/Illuminate/Database/Connectors/MySqlConnector.php(24): Illuminate/Database/Connectors/Connector->createConnection()
#4 D:/Project/cmms/vendor/laravel/framework/src/Illuminate/Database/Connectors/ConnectionFactory.php(184): Illuminate/Database/Connectors/MySqlConnector->connect()
#5 [internal function]: Illuminate/Database/Connectors/ConnectionFactory->{closure:Illuminate/Database/Connectors/ConnectionFactory::createPdoResolverWithHosts():179}()
#6 D:/Project/cmms/vendor/laravel/framework/src/Illuminate/Database/Connection.php(1339): call_user_func()
#7 D:/Project/cmms/vendor/laravel/framework/src/Illuminate/Database/Connection.php(528): Illuminate/Database/Connection->getPdo()
#8 D:/Project/cmms/vendor/laravel/framework/src/Illuminate/Database/Connection.php(423): Illuminate/Database/Connection->getPdoForSelect()
#9 D:/Project/cmms/vendor/laravel/framework/src/Illuminate/Database/Connection.php(816): Illuminate/Database/Connection->{closure:Illuminate/Database/Connection::select():414}()
#10 D:/Project/cmms/vendor/laravel/framework/src/Illuminate/Database/Connection.php(983): Illuminate/Database/Connection->runQueryCallback()
#11 D:/Project/cmms/vendor/laravel/framework/src/Illuminate/Database/Connection.php(962): Illuminate/Database/Connection->tryAgainIfCausedByLostConnection()
#12 D:/Project/cmms/vendor/laravel/framework/src/Illuminate/Database/Connection.php(785): Illuminate/Database/Connection->handleQueryException()
#13 D:/Project/cmms/vendor/laravel/framework/src/Illuminate/Database/Connection.php(414): Illuminate/Database/Connection->run()
#14 D:/Project/cmms/vendor/laravel/framework/src/Illuminate/Database/Connection.php(401): Illuminate/Database/Connection->select()
#15 D:/Project/cmms/vendor/laravel/framework/src/Illuminate/Database/Schema/MySqlBuilder.php(41): Illuminate/Database/Connection->selectFromWriteConnection()
#16 D:/Project/cmms/vendor/laravel/framework/src/Illuminate/Database/Schema/Builder.php(165): Illuminate/Database/Schema/MySqlBuilder->getTables()
#17 D:/Project/cmms/vendor/laravel/framework/src/Illuminate/Database/Migrations/DatabaseMigrationRepository.php(184): Illuminate/Database/Schema/Builder->hasTable()
#18 D:/Project/cmms/vendor/laravel/framework/src/Illuminate/Database/Migrations/Migrator.php(727): Illuminate/Database/Migrations/DatabaseMigrationRepository->repositoryExists()
#19 D:/Project/cmms/vendor/laravel/framework/src/Illuminate/Database/Console/Migrations/StatusCommand.php(53): Illuminate/Database/Migrations/Migrator->repositoryExists()
#20 D:/Project/cmms/vendor/laravel/framework/src/Illuminate/Database/Migrations/Migrator.php(641): Illuminate/Database/Console/Migrations/StatusCommand->{closure:Illuminate/Database/Console/Migrations/StatusCommand::handle():52}()
#21 D:/Project/cmms/vendor/laravel/framework/src/Illuminate/Database/Console/Migrations/StatusCommand.php(52): Illuminate/Database/Migrations/Migrator->usingConnection()
#22 D:/Project/cmms/vendor/laravel/framework/src/Illuminate/Container/BoundMethod.php(36): Illuminate/Database/Console/Migrations/StatusCommand->handle()
#23 D:/Project/cmms/vendor/laravel/framework/src/Illuminate/Container/Util.php(41): Illuminate/Container/BoundMethod::{closure:Illuminate/Container/BoundMethod::call():35}()
#24 D:/Project/cmms/vendor/laravel/framework/src/Illuminate/Container/BoundMethod.php(93): Illuminate/Container/Util::unwrapIfClosure()
#25 D:/Project/cmms/vendor/laravel/framework/src/Illuminate/Container/BoundMethod.php(35): Illuminate/Container/BoundMethod::callBoundMethod()
#26 D:/Project/cmms/vendor/laravel/framework/src/Illuminate/Container/Container.php(662): Illuminate/Container/BoundMethod::call()
#27 D:/Project/cmms/vendor/laravel/framework/src/Illuminate/Console/Command.php(211): Illuminate/Container/Container->call()
#28 D:/Project/cmms/vendor/symfony/console/Command/Command.php(326): Illuminate/Console/Command->execute()
#29 D:/Project/cmms/vendor/laravel/framework/src/Illuminate/Console/Command.php(180): Symfony/Component/Console/Command/Command->run()
#30 D:/Project/cmms/vendor/symfony/console/Application.php(1121): Illuminate/Console/Command->run()
#31 D:/Project/cmms/vendor/symfony/console/Application.php(324): Symfony/Component/Console/Application->doRunCommand()
#32 D:/Project/cmms/vendor/symfony/console/Application.php(175): Symfony/Component/Console/Application->doRun()
#33 D:/Project/cmms/vendor/laravel/framework/src/Illuminate/Foundation/Console/Kernel.php(201): Symfony/Component/Console/Application->run()
#34 D:/Project/cmms/artisan(14): Illuminate/Foundation/Console/Kernel->handle()
#35 {main}
"} 
[2026-08-12 02:27:51] local.ERROR: Class "DB" not found {"exception":"[object] (Error(code: 0): Class \"DB\" not found at D:/Project/cmms/cfgcheck.php:6)
[stacktrace]
#0 {main}
"} 
[2026-08-12 04:02:48] local.ERROR: Class "DB" not found {"exception":"[object] (Error(code: 0): Class \"DB\" not found at D:/Project/cmms/cfgcheck.php:6)
[stacktrace]
#0 {main}
"} 
[2026-08-12 05:48:59] local.ERROR: Class "DB" not found {"exception":"[object] (Error(code: 0): Class \"DB\" not found at D:/Project/cmms/cfgcheck.php:6)
[stacktrace]
#0 {main}
"} 
[2026-08-12 05:49:01] local.ERROR: Uncaught Error: Class "DB" not found in Command line code:1
Stack trace:
#0 {main}
  thrown {"exception":"[object] (Symfony\\Component\\ErrorHandler\\Error\\FatalError(code: 0): Uncaught Error: Class \"DB\" not found in Command line code:1
Stack trace:
#0 {main}
  thrown at Command line code:1)
[stacktrace]
#0 {main}
"} 
[2026-08-12 06:43:37] local.ERROR: The "--compact" option does not exist. {"exception":"[object] (Symfony\\Component\\Console\\Exception\\RuntimeException(code: 0): The \"--compact\" option does not exist. at D:/Project/cmms/vendor/symfony/console/Input/ArgvInput.php:222)
[stacktrace]
#0 D:/Project/cmms/vendor/symfony/console/Input/ArgvInput.php(151): Symfony/Component/Console/Input/ArgvInput->addLongOption()
#1 D:/Project/cmms/vendor/symfony/console/Input/ArgvInput.php(85): Symfony/Component/Console/Input/ArgvInput->parseLongOption()
#2 D:/Project/cmms/vendor/symfony/console/Input/ArgvInput.php(74): Symfony/Component/Console/Input/ArgvInput->parseToken()
#3 D:/Project/cmms/vendor/symfony/console/Input/Input.php(56): Symfony/Component/Console/Input/ArgvInput->parse()
#4 D:/Project/cmms/vendor/symfony/console/Command/Command.php(285): Symfony/Component/Console/Input/Input->bind()
#5 D:/Project/cmms/vendor/laravel/framework/src/Illuminate/Console/Command.php(180): Symfony/Component/Console/Command/Command->run()
#6 D:/Project/cmms/vendor/symfony/console/Application.php(1121): Illuminate/Console/Command->run()
#7 D:/Project/cmms/vendor/symfony/console/Application.php(324): Symfony/Component/Console/Application->doRunCommand()
#8 D:/Project/cmms/vendor/symfony/console/Application.php(175): Symfony/Component/Console/Application->doRun()
#9 D:/Project/cmms/vendor/laravel/framework/src/Illuminate/Foundation/Console/Kernel.php(201): Symfony/Component/Console/Application->run()
#10 D:/Project/cmms/artisan(14): Illuminate/Foundation/Console/Kernel->handle()
#11 {main}
"} 
[2026-08-12 07:44:23] local.ERROR: Class "DB" not found {"exception":"[object] (Error(code: 0): Class \"DB\" not found at D:/Project/cmms/cfgcheck.php:6)
[stacktrace]
#0 {main}
"} 
[2026-08-12 07:51:20] local.ERROR: Class "DB" not found {"exception":"[object] (Error(code: 0): Class \"DB\" not found at D:/Project/cmms/cfgcheck.php:6)
[stacktrace]
#0 {main}
"} 
